49000001,Avenida Silvério Leite Fontes,- lado ímpar,Aruana,521,25
49000004,Via Formosa,(Cond Sta Felicidade),Aruana,521,25
49000007,Via Bela,(Cond Sta Felicidade),Aruana,521,25
49000010,Via Clara,(Cond Sta Felicidade),Aruana,521,25
49000013,Rodovia dos Náufragos,- lado ímpar,Aruana,521,25
49000016,Rodovia dos Náufragos,- lado par,Aruana,521,25
49000170,Rua Doutor José Maria Rodrigues Santos,,Aruana,521,25
49000173,Rua Antônio Oliveira Freire Piuga,,Aruana,521,25
49000179,Rua Manoel Messias Melo,,Aruana,521,25
49000185,Rua Ariosvaldo Menezes Santos,,Aruana,521,25
49000188,Rua César Macieira,,Aruana,521,25
49000194,Rua Sargento José Valença Santos Leite,,Aruana,521,25
49000197,Rua Maria de Lourdes Santos,,Aruana,521,25
49000200,Rua ITacy Aparecido Marques,,Aruana,521,25
49000203,Rua Evaldo Campos Júnior,,Aruana,521,25
49000209,Rua Luiz Leite Monteiro de Oliveira,,Aruana,521,25
49000212,Rua Manoel Espinheira Fonseca,,Aruana,521,25
49000215,Rua Gonçalves Panza,,Aruana,521,25
49000221,Rua Odilon Gonçalves da Silveira,,Aruana,521,25
49000224,Rua Itabyra Marques de Barros,,Aruana,521,25
49000227,Rua Mirian de Oliveira Linhares,,Aruana,521,25
49000230,Rua Acadêmica Núbia Marques,,Aruana,521,25
49000236,Rua Maria Genelícia Bomfim Costa,,Aruana,521,25
49000239,Rua Doutor Silvio Cabral de Santana,,Aruana,521,25
49000290,Rua Francisco Roque dos Santos,(Lot Jatiuca),Aruana,521,25
49000293,Rua B,(Lot Jatiuca),Aruana,521,25
49000299,Rua Leonardo José de Lima,,Aruana,521,25
49000302,Rua Maria da Glória Cruz,,Aruana,521,25
49000305,Rua A,(Lot Jd Costa Mar),Aruana,521,25
49000308,Rua B,(Lot Jd Costa Mar),Aruana,521,25
49000311,Rua C,(Lot Jd Costa Mar),Aruana,521,25
49000314,Rua D,(Lot Jd Costa Mar),Aruana,521,25
49000317,Rua E,(Lot Jd Costa Mar),Aruana,521,25
49000320,Rua Yvandira Santos da Silva,,Aruana,521,25
49000323,Rua Arlindo Santos,(Cond Alameda do Sol),Aruana,521,25
49000384,Avenida Coronel Renir Reis Damaceno,,Aruana,521,25
49000387,Rua Maria Ramos Mendonça,(Cj Brisa Mar),Aruana,521,25
49000393,Rua Adalberto Fonseca,(Cj Brisa Mar),Aruana,521,25
49000396,Rua Dois,(Res Laguna Vila),Aruana,521,25
49000399,Rua Três,(Res Vl dos Bosques),Aruana,521,25
49000447,Rua Orlando Tavares Macedo,,Aruana,521,25
49000450,Rua B,(Lot Aquarius),Aruana,521,25
49000453,Rua C,(Lot Aquarius),Aruana,521,25
49000456,Rua João Felipe da Silva,,Aruana,521,25
49000459,Rua E,(Lot Aquarius),Aruana,521,25
49000462,Rua Arquiteto Oscar Niemeyer,,Aruana,521,25
49000465,Rua G,(Lot Aquarius),Aruana,521,25
49000468,Rua H,(Lot Aquarius),Aruana,521,25
49000471,Rua K,(Lot Aquarius),Aruana,521,25
49000474,Rua Diácono José Aloísio Menezes,,Aruana,521,25
49000477,Rua I,(Lot Aquarius),Aruana,521,25
49000480,Avenida Y,(Lot Aquarius),Aruana,521,25
49000483,Rua L,(Lot Aquarius),Aruana,521,25
49000486,Rua M,(Lot Aquarius),Aruana,521,25
49000489,Rua Sérgio Galindo Pinto,(Cj Brisa Mar),Aruana,521,25
49000492,Rua Aline Santos França,(Cj Brisa Mar),Aruana,521,25
49000495,Rua Humberto Levita,(Cj Brisa Mar),Aruana,521,25
49000498,Rua Prefeito Gileno da Silveira Lima,(Cj Brisa Mar),Aruana,521,25
49000501,Rua José Valdir Ferreira Lira,(Cj Brisa Mar),Aruana,521,25
49000504,Rua Cantor Ismar Barreto Dória,(Cj Brisa Mar),Aruana,521,25
49000507,Rua Deuzinha Vieira,(Cj Brisa Mar),Aruana,521,25
49000510,Rua Luiz Augusto Barreto,(Cj Brisa Mar),Aruana,521,25
49000513,Rua O,(Cj Brisa Mar),Aruana,521,25
49000516,Rua Maria de Lourdes Papa Martins,(Cj Brisa Mar),Aruana,521,25
49000519,Rua Raimundo Moura,(Cj Brisa Mar),Aruana,521,25
49000560,Avenida José Vicente de Almeida,,Aruana,521,25
49000584,Rua B,(Lot Pto Sul),Aruana,521,25
49000587,Rua F,(Lot Pto Sul),Aruana,521,25
49000590,Rua C,(Lot Pto Sul),Aruana,521,25
49000593,Rua D,(Lot Pto Sul),Aruana,521,25
49000596,Rua Eliza Correia Oliveira,,Aruana,521,25
49000599,Rua G,(Lot Pto Sul),Aruana,521,25
49000602,Avenida Praia de Aruanda,(Res Aruanda Pr Mar),Aruana,521,25
49000605,Rua Praia do Robalo,(Res Aruanda Pr Mar),Aruana,521,25
49000608,Rua Praia do Jatobá,(Res Aruanda Pr Mar),Aruana,521,25
49000611,Rua Praia dos Abaís,(Res Aruanda Pr Mar),Aruana,521,25
49000614,Rua Praia dos Artistas,(Res Aruanda Pr Mar),Aruana,521,25
49000617,Rua Praia de Atalaia,(Res Aruanda Pr Mar),Aruana,521,25
49000620,Rua Praia de Atalaia Nova,(Res Aruanda Pr Mar),Aruana,521,25
49000623,Rua Cinco,(Cond Cam dos lagos),Aruana,521,25
49000626,Rua Maria Vasconcelos de Andrade,(Res Aruanda Pr Mar),Aruana,521,25
49000629,Avenida Canal 2,,Aruana,521,25
49000632,Rua Um,(Res Aruanda Pr Mar II),Aruana,521,25
49000635,Rua Dois,(Res Aruanda Pr Mar II),Aruana,521,25
49000638,Rua Três,(Res Aruanda Pr Mar II),Aruana,521,25
49000641,Rua Quatro,(Res Aruanda Pr Mar II),Aruana,521,25
49000644,Rua Cinco,(Res Aruanda Pr Mar II),Aruana,521,25
49000686,Rua D,(Cj Franco Freire I),Aruana,521,25
49000689,Rua C,(Cj Franco Freire I),Aruana,521,25
49000692,Rua B,(Cj Franco Freire I),Aruana,521,25
49000695,Rua A,(Cj Franco Freire I),Aruana,521,25
49000698,Rua P,(Cj Franco Freire II),Aruana,521,25
49000701,Rua E,(Cj Franco Freire I),Aruana,521,25
49000704,Rua F,(Cj Franco Freire I),Aruana,521,25
49000707,Rua G,(Cj Franco Freire I),Aruana,521,25
49000710,Rua P,(Res Sta Maria),Aruana,521,25
49000713,Rua E,(Res Sta Maria),Aruana,521,25
49000716,Rua G,(Res Sta Maria),Aruana,521,25
49000719,Rua José Félix Santana,(Res Sta Maria),Aruana,521,25
49000722,Rua O,(Res Sta Maria),Aruana,521,25
49000753,Rua I,(Res Solar I),Aruana,521,25
49000759,Rua João Henrique Meneses Fonseca,,Aruana,521,25
49000762,Rua F,(Res Solar I),Aruana,521,25
49000765,Rua Gilma Moraes Amaral,(Res Vl Verde),Aruana,521,25
49000768,Rua Augusto Correia de Andrade,,Aruana,521,25
49000771,Rua G,(Res Solar II),Aruana,521,25
49000774,Rua H,(Res Solar II),Aruana,521,25
49000777,Rua Josefa Alvina de Almeida Siqueira,,Aruana,521,25
49000780,Rua H,(Res Salinas),Aruana,521,25
49000783,Rua K,(Res Salinas),Aruana,521,25
49000786,Rua L,(Res Salinas),Aruana,521,25
49000789,Rua G,(Res Laguna),Aruana,521,25
49000792,Rua H,(Res Laguna),Aruana,521,25
49000795,Rua F,(Res Laguna),Aruana,521,25
49000798,Rua Santa Paulina do Coração Agonizante de Jesus,(Cj Mirassol),Aruana,521,25
49000801,Rua Sargento José Milton da Cruz,(Cj Mirassol),Aruana,521,25
49000804,Rua E,(Cj Mirassol),Aruana,521,25
49000807,Rua F,(Cj Mirassol),Aruana,521,25
49000810,Rua Everaldo Gonçalves da Silva,(Res Vl Verde),Aruana,521,25
49000813,Rua Clemilda Ferreira da Silva,,Aruana,521,25
49000840,Rua H,(Cj Franco Freire I),Aruana,521,25
49000843,Rua K,(Cj Franco Freire II),Aruana,521,25
49000846,Rua L,(Cj Franco Freire II),Aruana,521,25
49000849,Rua M,(Cj Franco Freire II),Aruana,521,25
49000852,Rua N,(Cj Franco Freire II),Aruana,521,25
49000855,Rua O,(Cj Franco Freire II),Aruana,521,25
49000861,Rua Existente,(Cj Franco Freire),Aruana,521,25
49000864,Rua I,(Cj Franco Freire II),Aruana,521,25
49001000,Rua T,(Lot Aquarius II),Aruana,521,25
49001003,Rua Hercílio Francisco da Silva,,Aruana,521,25
49001006,Rua P,(Lot Aquarius II),Aruana,521,25
49001009,Rua Q,(Lot Aquarius II),Aruana,521,25
49001012,Rua R,(Lot Aquarius II),Aruana,521,25
49001015,Rua S,(Lot Aquarius II),Aruana,521,25
49001018,Rua U,(Lot Aquarius II),Aruana,521,25
49001021,Rua T1,(Lot Aquarius II),Aruana,521,25
49001024,Rua V,(Lot Aquarius II),Aruana,521,25
49001027,Rua Ariano Suassuna,,Aruana,521,25
49001030,Rua X,(Lot Aquarius II),Aruana,521,25
49001033,Rua Y,(Lot Aquarius II),Aruana,521,25
49001036,Rua A1,(Lot Aquarius II),Aruana,521,25
49001039,Rua B1,(Lot Aquarius II),Aruana,521,25
49001042,"Rua Z, 90",(Lot Aquarius II),Aruana,521,25
49001045,Rua Jorge Mangueira Lobão,,Aruana,521,25
49001048,Rua B,(Lot El Dourado),Aruana,521,25
49001051,Rua C,(Lot El Dourado),Aruana,521,25
49001054,Rua D,(Lot El Dourado),Aruana,521,25
49001057,Rua E,(Lot El Dourado),Aruana,521,25
49001060,Rua F,(Lot El Dourado),Aruana,521,25
49001063,Rua G,(Lot El Dourado),Aruana,521,25
49001069,Rua I,(Lot El Dourado),Aruana,521,25
49001072,Rua J,(Lot El Dourado),Aruana,521,25
49001075,Rua L,(Lot El Dourado),Aruana,521,25
49001078,Rua Valmir Soares Bezerra,(Cj Horto Carvalho I),Aruana,521,25
49001081,Rua C,(Cj Horto Carvalho I),Aruana,521,25
49001084,Avenida Rubens Sabino Ribeiro Chaves,(Cj Horto Carvalho I),Aruana,521,25
49001087,Rua João Dias Moraes,(Cj Horto Carvalho I),Aruana,521,25
49001090,Rua D,(Cj Horto Carvalho I),Aruana,521,25
49001093,Rua Maria Ruth Wynne Cardoso,,Aruana,521,25
49001096,Rua A,(Lot Costa Verde),Aruana,521,25
49001099,Rua B,(Lot Costa Verde),Aruana,521,25
49001102,Rua C,(Costa Verde I),Aruana,521,25
49001105,Rua D,(Lot Costa Verde I),Aruana,521,25
49001108,Rua E,(Lot Costa Verde I),Aruana,521,25
49001111,Rua F,(Lot Costa Verde I),Aruana,521,25
49001114,Rua G,(Lot Costa Verde I),Aruana,521,25
49001117,Rua H,(Lot Costa Verde I),Aruana,521,25
49001120,Rua Pedro Rogério Cardoso Barbosa,,Aruana,521,25
49001123,Rua A,(Res Pto Mar I),Aruana,521,25
49001126,Rua B,(Res Pto Mar I),Aruana,521,25
49001129,Rua C,(Res Pto Mar I),Aruana,521,25
49001132,Rua D,(Res Pto Mar I),Aruana,521,25
49001135,Rua E,(Res Pto Mar I),Aruana,521,25
49001138,Rua Dois,(Cj Costa Nova II),Aruana,521,25
49001141,Rua Três,(Cj Costa Nova II),Aruana,521,25
49001144,Rua Quatro,(Cj Costa Nova II),Aruana,521,25
49001147,Rua Seis,(Cj Costa Nova II),Aruana,521,25
49001150,Rua Sete,(Cj Costa Nova II),Aruana,521,25
49001153,Rua Treze,(Cj Costa Nova II),Aruana,521,25
49001156,Rua João Batista Figueiredo,(Cj Costa Nova II),Aruana,521,25
49001159,Rua José Invenção da Cruz,(Cj Costa Nova II),Aruana,521,25
49001162,Rua Professora Maria Terezinha Pinto Siqueira,(Cj Costa Nova II),Aruana,521,25
49001165,Rua Nestor Souza Braz,,Aruana,521,25
49001168,Rua Adalgisa de Oliveira,,Aruana,521,25
49001171,Rua Expedicionário Lourival Silva,,Aruana,521,25
49001174,Rua Um,(Cj Albino S da Fonseca),Aruana,521,25
49001177,Rua Cinco,(Cj Costa Nova I),Aruana,521,25
49001180,Rua Pedro Alcântara Braz,,Aruana,521,25
49001183,Rua Oito,(Cj Costa Nova I),Aruana,521,25
49001186,Rua Quatorze,(Cj Costa Nova I),Aruana,521,25
49001189,Rua Quinze,(Cj Costa Nova I),Aruana,521,25
49001192,Rua Radialista J Santos,,Aruana,521,25
49001195,Rua Dezoito,(Cj Costa Nova I),Aruana,521,25
49001198,Rua Existente,(Cj Costa Nova I),Aruana,521,25
49001201,Rua Noventa e Oito,(Cj Costa Nova),Aruana,521,25
49001204,Rua Geraldo dos Santos Filho,,Aruana,521,25
49001207,Rua Dez,(Cj Costa Nova III),Aruana,521,25
49001210,Rua Marinete Araújo Mendonça,,Aruana,521,25
49001213,Rua José Mário de Campos,,Aruana,521,25
49001216,Rua Seis,(Cj Costa Nova III),Aruana,521,25
49001219,Rua Ex-Combatente João Pereira dos Santos,,Aruana,521,25
49001222,Avenida Coronel Tadeu Cruz,,Aruana,521,25
49001225,Rua Dois,(Cj Costa Nova IV),Aruana,521,25
49001228,Rua Quatro,(Res Costa Nova 4),Aruana,521,25
49001231,Rua Francisco Antônio Santos,,Aruana,521,25
49001234,Rua Doze,(Cj Costa Nova IV),Aruana,521,25
49001237,Rua Hilma Moraes Menezes,,Aruana,521,25
49001240,Rua Professor José Carlos de Oliveira,,Aruana,521,25
49001243,Rua Flodualdo Vieira Moura,,Aruana,521,25
49001246,Rua J,(Res Pto Mar II),Aruana,521,25
49001249,Rua M,(Res Pto Mar II),Aruana,521,25
49001252,Rua Benigina da Paixão Moraes,,Aruana,521,25
49001255,Rua I,(Res Pto Mar II),Aruana,521,25
49001258,Rua Silvandira da Cruz Santos,,Aruana,521,25
49001261,Rua Jason dos Santos,,Aruana,521,25
49001267,Rua F,(Res Pto Mar I),Aruana,521,25
49001270,Rua O,(Lot Costa Verde II),Aruana,521,25
49001273,Rua P,(Lot Costa Verde II),Aruana,521,25
49001276,Rua Q,(Lot Costa Verde II),Aruana,521,25
49001279,Rua N,(Lot Costa Verde II),Aruana,521,25
49001282,Rua M,(Lot Costa Verde II),Aruana,521,25
49001285,Rua L,(Lot Costa Verde II),Aruana,521,25
49001288,Rua J,(Lot Costa Verde II),Aruana,521,25
49001291,Rua I,(Lot Costa Verde II),Aruana,521,25
49001320,Rua Joaquim Batista Pacheco,,Aruana,521,25
49001326,Rua Maria Sinole Santos,,Aruana,521,25
49001329,Rua I,(Cj Horto Carvalho II),Aruana,521,25
49001332,Rua H,(Cj Horto Carvalho II),Aruana,521,25
49001335,Rua F,(Cj Horto Carvalho I e II),Aruana,521,25
49001338,Rua G,(Cj Horto Carvalho II),Aruana,521,25
49001341,Rua E,(Cj Horto Carvalho II),Aruana,521,25
49001344,Rua D1,(Res Águas Belas),Aruana,521,25
49001347,Rua C1,(Res Águas Belas),Aruana,521,25
49001350,Rua E,(Res Águas Belas),Aruana,521,25
49001353,Rua A,(Res Águas Belas),Aruana,521,25
49001356,Rua B,(Res Águas Belas),Aruana,521,25
49001359,Rua Ortêncio Vieira de Melo,,Aruana,521,25
49001362,Rua D,(Res Águas Belas),Aruana,521,25
49001365,Rua Professor Jorge Luiz Trindade dos Santos,,Aruana,521,25
49001368,Rua Professora Maria Eulina de Carvalho Batista,,Aruana,521,25
49001371,Rua Existente,(Res Águas Belas),Aruana,521,25
49001374,Avenida Inácio Barbosa,- lado ímpar,Aruana,521,25
49001377,Avenida Inácio Barbosa,- lado par,Aruana,521,25
49003160,Avenida José Rodrigues Sobrinho,(Bloco 2) - lado par,17 de Março,521,25
49003163,Rua Promotora Maria Zita Pires,,17 de Março,521,25
49003166,Acesso Dezoito,(Bloco 2),17 de Março,521,25
49003169,Acesso Vinte,(Bloco 2),17 de Março,521,25
49003172,Acesso Vinte e Três,(Bloco 2),17 de Março,521,25
49003175,Acesso Vinte e Oito,(Bloco 2),17 de Março,521,25
49003178,Acesso Trinta,(Bloco 2),17 de Março,521,25
49003181,Acesso Quinze,(Bloco 2),17 de Março,521,25
49003184,Rua Promotor Aluisio Barbosa Porto,,17 de Março,521,25
49003193,Rua Promotora Maria Aparecida dos Santos,,17 de Março,521,25
49003196,Acesso Vinte e Seis,(Bloco 2),17 de Março,521,25
49003199,Rua Promotora Maria da Conceição Ribeiro,,17 de Março,521,25
49003202,Acesso Vinte e Um,(Bloco 2),17 de Março,521,25
49003205,Rua Procurador Jugurta Barreto Lima,,17 de Março,521,25
49003208,Acesso Quatorze,(Bloco 2),17 de Março,521,25
49003211,Acesso Dez,(Bloco 2),17 de Março,521,25
49003214,Rua Promotora Maria José Pizzi de Menezes Moreira,,17 de Março,521,25
49003217,Rua Promotor Fernando Barreto Nunes,,17 de Março,521,25
49003220,Avenida Luiz Carlos Prestes,- até 520 - lado par,17 de Março,521,25
49003223,Rua Promotor José Luiz Melo,,17 de Março,521,25
49003226,Rua Promotor José Gomes de Andrade,,17 de Março,521,25
49003229,Rua Promotora Maria Anamira Amado Batalha Neta,,17 de Março,521,25
49003232,Avenida João Batista Costa,- até 615 - lado ímpar,17 de Março,521,25
49003235,Rua Promotor Carlos Augusto Garcez,,17 de Março,521,25
49003238,Acesso Vinte e Cinco,(Bloco 2),17 de Março,521,25
49003241,Rua Promotor Avante Amaral de Oliveira,,17 de Março,521,25
49003247,Rua Procurador José Costa Cavalcante,,17 de Março,521,25
49003250,Rua Promotor Paulo Moura,,17 de Março,521,25
49003253,Rua Promotor Pedro Rubens dos Santos,,17 de Março,521,25
49003256,Acesso Vinte e Dois,(Bloco 2),17 de Março,521,25
49003259,Acesso Vinte e Sete,(Bloco 2),17 de Março,521,25
49003262,Avenida João Amazonas,- lado ímpar,17 de Março,521,25
49003265,Avenida João Amazonas,- lado par,17 de Março,521,25
49003268,Acesso Quarenta e Um,(Bloco 1),17 de Março,521,25
49003271,Acesso Trinta,(Bloco 1),17 de Março,521,25
49003274,Acesso Vinte e Oito,(Bloco 1),17 de Março,521,25
49003277,Rua Gilberto de Lima Azevedo Souza Ferreira Amado de Farias,,17 de Março,521,25
49003280,Rua Nicolau Pungitori,,17 de Março,521,25
49003283,Rua General Aristides Armínio Guaraná,,17 de Março,521,25
49003286,Rua José Maria Gomes de Souza,,17 de Março,521,25
49003289,Acesso Dezoito,(Bloco 1),17 de Março,521,25
49003292,Acesso Dezenove,(Bloco 1),17 de Março,521,25
49003295,Acesso Trinta e Sete,(Bloco 1),17 de Março,521,25
49003298,Acesso Dezessete,(Bloco 1),17 de Março,521,25
49003301,Acesso Dezesseis,(Bloco 1),17 de Março,521,25
49003304,Acesso Trinta e Nove,(Bloco 1),17 de Março,521,25
49003307,Acesso Quinze,(Bloco 1),17 de Março,521,25
49003310,Rua José Sebrão de Carvalho,,17 de Março,521,25
49003313,Rua Laudelino de Oliveira Freire,,17 de Março,521,25
49003316,Acesso Nove,(Bloco 1),17 de Março,521,25
49003319,Acesso Oito,(Bloco 1),17 de Março,521,25
49003322,Rua Manoel Cabral Machado,,17 de Março,521,25
49003325,Rua José Pinheiro Lobão,,17 de Março,521,25
49003328,Avenida João Batista Costa,- de 751 ao fim - lado ímpar,17 de Março,521,25
49003331,Rua Doutor Felisbelo Firmino de Oliveira Freire,,17 de Março,521,25
49003334,Rua Doutor Militino Pinto de Carvalho,,17 de Março,521,25
49003337,Rua Epifânio Dória,,17 de Março,521,25
49003340,Rua Engenheiro Sebastião Basílio Pirro,,17 de Março,521,25
49003343,Rua Walter Mendonça,,17 de Março,521,25
49003346,Acesso Dez,(Bloco 1),17 de Março,521,25
49003349,Acesso Onze,(Bloco 1),17 de Março,521,25
49003352,Rua João Batista Perez Garcia Moreno,,17 de Março,521,25
49003355,Acesso Doze,(Bloco 1),17 de Março,521,25
49003358,Rua Toney Makey do Nascimento Silva,,17 de Março,521,25
49003361,Acesso Treze,(Bloco 1),17 de Março,521,25
49003364,Acesso Quatorze,(Bloco 1),17 de Março,521,25
49003367,Rua Abelardo Romero,,17 de Março,521,25
49003370,Rua Eurico Luiz,,17 de Março,521,25
49003373,Rua Desembargador Antônio Teixeira Fontes,,17 de Março,521,25
49003376,Avenida Apolônio de Carvalho,- lado ímpar,17 de Março,521,25
49003379,Rua Eustáchio Pinto da Costa,,17 de Março,521,25
49003382,Rua Jackson de Figueiredo Martins,,17 de Março,521,25
49003385,Acesso Vinte e Três,(Bloco 1),17 de Março,521,25
49003388,Rua Joaquim do Prado Sampaio Leite,,17 de Março,521,25
49003391,Acesso Vinte e Cinco,(Bloco 1),17 de Março,521,25
49003394,Rua Francisco Antônio de Carvalho Lima Junior,,17 de Março,521,25
49003397,Avenida Luiz Carlos Prestes,- de 652 ao fim - lado par,17 de Março,521,25
49004000,Rodovia dos Náufragos,- de 1 a 99999 - lado ímpar,Zona de Expansão (Robalo),521,25
49004003,Rodovia dos Náufragos,- de 2 a 99998 - lado par,Zona de Expansão (Robalo),521,25
49004021,Rua João Mota dos Santos,,Zona de Expansão (Robalo),521,25
49004024,Rua Professora Nair Siqueira de Menezes Costa,,Zona de Expansão (Robalo),521,25
49004045,Rua Professora Miralda V dos Santos,,Zona de Expansão (Robalo),521,25
49004048,Travessa Maria Djanira,,Zona de Expansão (Robalo),521,25
49004051,Travessa Joana Ouro,,Zona de Expansão (Robalo),521,25
49004054,Rua Orestes Cassiano dos Santos,,Zona de Expansão (Robalo),521,25
49004213,Estrada Aguachuma,,Zona de Expansão (Robalo),521,25
49004216,Travessa São Francisco de Assis,,Zona de Expansão (Robalo),521,25
49004222,Estrada Ouro Verde,,Zona de Expansão (Robalo),521,25
49004225,Travessa Ouro Verde,,Zona de Expansão (Robalo),521,25
49004258,Travessa Flávio Rodrigues,,Zona de Expansão (Robalo),521,25
49004261,Estrada Três Porquinhos,,Zona de Expansão (Robalo),521,25
49004264,Travessa Três Porquinhos I,,Zona de Expansão (Robalo),521,25
49004267,Travessa Três Porquinhos II,,Zona de Expansão (Robalo),521,25
49004270,Travessa Três Porquinhos III,,Zona de Expansão (Robalo),521,25
49004273,Rua Alberto Dias de Matos,,Zona de Expansão (Robalo),521,25
49004276,Rua Noela Weres de Vasconcelos,,Zona de Expansão (Robalo),521,25
49004288,Rua das Araras,,Zona de Expansão (Robalo),521,25
49004360,Rua Professora Albertina Bezerra Ribeiro,,Zona de Expansão (Robalo),521,25
49004400,Rua A,(Lot Beira-Mar),Zona de Expansão (Robalo),521,25
49004403,Estrada Santo Ângelo,,Zona de Expansão (Robalo),521,25
49004406,Rua O,(Lot Beira-Mar),Zona de Expansão (Robalo),521,25
49004412,Rua Maria Rosa Oliveira,,Zona de Expansão (Robalo),521,25
49004415,Rua José Carlos de Almeida,,Zona de Expansão (Robalo),521,25
49004418,Rua Professor Carlos Augusto dos Santos,,Zona de Expansão (Robalo),521,25
49004421,Rua C,(Lot Beira-Mar),Zona de Expansão (Robalo),521,25
49004424,Rua E,(Lot Beira-Mar),Zona de Expansão (Robalo),521,25
49004427,Rua H,(Lot Beira-Mar),Zona de Expansão (Robalo),521,25
49004433,Rua B,(Rec das Praias),Zona de Expansão (Robalo),521,25
49004445,Rua C,(Rec das Praias),Zona de Expansão (Robalo),521,25
49004448,Rua Canal,(Lot Beira-Mar),Zona de Expansão (Robalo),521,25
49004451,Rua Manoel Joventino Chagas,,Zona de Expansão (Robalo),521,25
49004457,Travessa João de Dino,,Zona de Expansão (Robalo),521,25
49004460,Rua João Ribeiro de Almeida,,Zona de Expansão (Robalo),521,25
49004463,Rua José da Vitória,,Zona de Expansão (Robalo),521,25
49004472,Rua Wilson Oliveira de Jesus,,Zona de Expansão (Robalo),521,25
49004475,Rua Cruzeiro do Sul,,Zona de Expansão (Robalo),521,25
49004478,Travessa Manguesais,,Zona de Expansão (Robalo),521,25
49004487,Rua Galdino Marques,,Zona de Expansão (Robalo),521,25
49004490,Estrada Curva do Rio,,Zona de Expansão (Robalo),521,25
49004493,Travessa Curva do Rio,,Zona de Expansão (Robalo),521,25
49004496,Rua Curva do Rio I,,Zona de Expansão (Robalo),521,25
49004499,Rua Curva do Rio II,,Zona de Expansão (Robalo),521,25
49004502,Rua Curva do Rio III,,Zona de Expansão (Robalo),521,25
49004505,Rua Curva do Rio IV,,Zona de Expansão (Robalo),521,25
49004508,Rua Curva do Rio V,,Zona de Expansão (Robalo),521,25
49004550,Rodovia Professor Eduardo Cabral de Menezes,,Zona de Expansão (Robalo),521,25
49004556,Travessa do Barriguinha,(Pov S José),Zona de Expansão (Robalo),521,25
49004559,Travessa Santa Isabel,(Pov S José),Zona de Expansão (Robalo),521,25
49004562,Travessa Santa Terezinha,(Pov S José),Zona de Expansão (Robalo),521,25
49004565,Travessa São Pedro,(Pov S José),Zona de Expansão (Robalo),521,25
49004568,Travessa Alexandre M Moraes,(Pov S José),Zona de Expansão (Robalo),521,25
49004571,Travessa Beira Rio,(Pov S José),Zona de Expansão (Robalo),521,25
49004574,Travessa São Miguel,(Pov S José),Zona de Expansão (Robalo),521,25
49004577,Rua A,(Lot Solares),Zona de Expansão (Robalo),521,25
49004580,Rua C,(Lot Solares),Zona de Expansão (Robalo),521,25
49004583,Rua D,(Lot Solares),Zona de Expansão (Robalo),521,25
49004586,Rua B,(Lot Solares),Zona de Expansão (Robalo),521,25
49004589,Travessa Poço Verde,(Pov S José),Zona de Expansão (Robalo),521,25
49004592,Travessa Lisboa,(Pov S José),Zona de Expansão (Robalo),521,25
49004601,Travessa João Ribeiro de Almeida,,Zona de Expansão (Robalo),521,25
49004662,Travessa São Vicente,,Zona de Expansão (Robalo),521,25
49004700,Rua Professor José Américo Batista Cardoso,,Zona de Expansão (Robalo),521,25
49004703,Rua H,(Lot Pr do Refúgio),Zona de Expansão (Robalo),521,25
49004706,Rua Roque José de Souza,,Zona de Expansão (Robalo),521,25
49004709,Rua Antônio Barbosa,,Zona de Expansão (Robalo),521,25
49004712,Rua M,(Lot Pr do Refúgio),Zona de Expansão (Robalo),521,25
49004715,Rua N,(Lot Pr do Refúgio),Zona de Expansão (Robalo),521,25
49004718,Rua O,(Lot Pr do Refúgio),Zona de Expansão (Robalo),521,25
49004721,Rua P,(Lot Pr do Refúgio),Zona de Expansão (Robalo),521,25
49004724,Rua Q,(Lot Pr do Refúgio),Zona de Expansão (Robalo),521,25
49004727,Rua R,(Lot Pr do Refúgio),Zona de Expansão (Robalo),521,25
49004730,Rua S,(Lot Pr do Refúgio),Zona de Expansão (Robalo),521,25
49004733,Avenida João Batista dos Santos,,Zona de Expansão (Robalo),521,25
49004736,Rua F,(Lot Pr do Refúgio),Zona de Expansão (Robalo),521,25
49004739,Rua C,(Lot Pr do Refugio),Zona de Expansão (Robalo),521,25
49004742,Rua D,(Lot Pr do Refúgio),Zona de Expansão (Robalo),521,25
49004745,Rua José Rodrigues Lima,,Zona de Expansão (Robalo),521,25
49004748,Rua Dez,(Lot Pr do Refúgio),Zona de Expansão (Robalo),521,25
49004751,Rua Onze,(Lot Pr do Refúgio),Zona de Expansão (Robalo),521,25
49004754,Rua Doze,(Lot Pr do Refúgio),Zona de Expansão (Robalo),521,25
49004757,Rua Treze,(Lot Pr do Refúgio),Zona de Expansão (Robalo),521,25
49004760,Rua Quinze,(Lot Pr do Refúgio),Zona de Expansão (Robalo),521,25
49004766,Avenida Morada do Rio,,Zona de Expansão (Robalo),521,25
49004784,Rua A,(Rec das Águas),Zona de Expansão (Robalo),521,25
49004790,Rua B,(Rec das Águas),Zona de Expansão (Robalo),521,25
49004793,Rua C,(Rec das Águas),Zona de Expansão (Robalo),521,25
49004796,Rua D,(Rec das Águas),Zona de Expansão (Robalo),521,25
49004799,Rua E,(Rec das Águas),Zona de Expansão (Robalo),521,25
49005020,Avenida Doutor Walter Pereira Bastos,,Zona de Expansão (Robalo),521,25
49005023,Rua Um,(Lot Morada do Mar),Zona de Expansão (Robalo),521,25
49005026,Rua Três,(Lot Morada do Mar),Zona de Expansão (Robalo),521,25
49005029,Rua Quatro,(Lot Morada do Mar),Zona de Expansão (Robalo),521,25
49005032,Rua Dois,(Lot Morada do Mar),Zona de Expansão (Robalo),521,25
49005035,Rua Manoel Messias Mendonça,,Zona de Expansão (Robalo),521,25
49005038,Avenida Dois,(Lot Morada do Mar),Zona de Expansão (Robalo),521,25
49005041,Rua Sete,(Lot Morada do Mar),Zona de Expansão (Robalo),521,25
49005044,Rua Muciano Cabral,,Zona de Expansão (Robalo),521,25
49005050,Avenida João José de Santana,,Zona de Expansão (Robalo),521,25
49005080,Rua João Menezes de Andrade,,Zona de Expansão (Robalo),521,25
49005083,Rua A,(Lot Pr dos Coqueiros),Zona de Expansão (Robalo),521,25
49005086,Rua Ewerton Felipe Santos Prudente,,Zona de Expansão (Robalo),521,25
49005089,Avenida Osvaldo Carvalho,,Zona de Expansão (Robalo),521,25
49005092,Rua C,(Lot Pr dos Coqueiros),Zona de Expansão (Robalo),521,25
49005095,Rua D,(Lot Pr dos Coqueiros),Zona de Expansão (Robalo),521,25
49005098,Rua Carmelita de Sena e Silva,,Zona de Expansão (Robalo),521,25
49005101,Rua Onésia Lima Silveira,,Zona de Expansão (Robalo),521,25
49005104,Rua Thomaz Silveira Ventura,,Zona de Expansão (Robalo),521,25
49005110,Rua Dulcinéia Nunes de Melo,,Zona de Expansão (Robalo),521,25
49005113,Rua Patrulheiro Augusto César Oliveira,,Zona de Expansão (Robalo),521,25
49005116,Rua Maria Conceição Santos,,Zona de Expansão (Robalo),521,25
49005119,Rua I,(Lot Pr dos Coqueiros),Zona de Expansão (Robalo),521,25
49005122,Rua J,(Lot Pr dos Coqueiros),Zona de Expansão (Robalo),521,25
49005125,Rua L,(Lot Pr dos Coqueiros),Zona de Expansão (Robalo),521,25
49005200,Rua Paulo Pedro Coelho Freire,,Zona de Expansão (Robalo),521,25
49005209,Rua Manoel Dionízio,,Zona de Expansão (Robalo),521,25
49005212,Rua José Pereira dos Santos,,Zona de Expansão (Robalo),521,25
49005215,Rua Tuta,(Gameleira),Zona de Expansão (Robalo),521,25
49005218,Rua D,(Gameleira),Zona de Expansão (Robalo),521,25
49005221,Rua Toca da Onça,,Zona de Expansão (Robalo),521,25
49005290,Rua Lago Azul,,Zona de Expansão (Robalo),521,25
49005293,Rua Suissa,,Zona de Expansão (Robalo),521,25
49005299,Travessa Suissa I,,Zona de Expansão (Robalo),521,25
49005302,Travessa Suissa II,,Zona de Expansão (Robalo),521,25
49005305,Travessa Suissa IV,,Zona de Expansão (Robalo),521,25
49005308,Travessa Suissa III,,Zona de Expansão (Robalo),521,25
49005311,Travessa Suissa V,,Zona de Expansão (Robalo),521,25
49005314,Rua Santa Maria,,Zona de Expansão (Robalo),521,25
49005317,Travessa Santa Maria,,Zona de Expansão (Robalo),521,25
49005320,Rua Manoel de Maria,,Zona de Expansão (Robalo),521,25
49005402,Avenida Inácio Barbosa,- de 1 a 99999 - lado ímpar,Zona de Expansão (Robalo),521,25
49005405,Avenida Inácio Barbosa,- de 2 a 99998 - lado par,Zona de Expansão (Robalo),521,25
49005408,Rua João Dias de Matos,,Zona de Expansão (Robalo),521,25
49007000,Rodovia Ecologista Chico Mendes,,Zona de Expansão (Areia Branca),521,25
49007003,Rua Joana Leal,,Zona de Expansão (Areia Branca),521,25
49007009,Rua Rosa Mística,,Zona de Expansão (Areia Branca),521,25
49007012,Rua C,(Lot Sta Maria),Zona de Expansão (Areia Branca),521,25
49007015,Rua A,(Lot Sta Maria),Zona de Expansão (Areia Branca),521,25
49007018,Rua E,(Lot Sta Maria),Zona de Expansão (Areia Branca),521,25
49007021,Rua D,(Lot Sta Maria),Zona de Expansão (Areia Branca),521,25
49007024,Rua B,(Lot Sta Maria),Zona de Expansão (Areia Branca),521,25
49007051,Rua Onze,,Zona de Expansão (Areia Branca),521,25
49007054,Rua Pedro Batista,,Zona de Expansão (Areia Branca),521,25
49007057,Rua Cinco,,Zona de Expansão (Areia Branca),521,25
49007060,Rua Bom Jesus,,Zona de Expansão (Areia Branca),521,25
49007063,Rua Santíssima Trindade,,Zona de Expansão (Areia Branca),521,25
49007069,Travessa Vinte,,Zona de Expansão (Areia Branca),521,25
49007072,Travessa Onze,,Zona de Expansão (Areia Branca),521,25
49007110,Rua Joseph Delano,,Zona de Expansão (Areia Branca),521,25
49007113,Rua João Dionízio dos Santos,,Zona de Expansão (Areia Branca),521,25
49007116,Rua Treze,,Zona de Expansão (Areia Branca),521,25
49007117,Travessa Vinte e Nove,,Zona de Expansão (Areia Branca),521,25
49007122,Rua Mangabeiras,,Zona de Expansão (Areia Branca),521,25
49007134,Rua Vinte e Cinco,,Zona de Expansão (Areia Branca),521,25
49007137,Rua Ibama,,Zona de Expansão (Areia Branca),521,25
49007140,Rua José Correia,,Zona de Expansão (Areia Branca),521,25
49007143,Rua da Paz,,Zona de Expansão (Areia Branca),521,25
49007146,Travessa Vinte e Seis,,Zona de Expansão (Areia Branca),521,25
49007149,Rua João de Deus,,Zona de Expansão (Areia Branca),521,25
49007152,Rua do Sossego,,Zona de Expansão (Areia Branca),521,25
49007155,Travessa Vinte e Cinco,,Zona de Expansão (Areia Branca),521,25
49007190,Recanto Santo Antônio,,Zona de Expansão (Areia Branca),521,25
49007196,Rua A,(Lot Beira do Rio),Zona de Expansão (Areia Branca),521,25
49007199,Rua D,(Lot Beira Rio II),Zona de Expansão (Areia Branca),521,25
49007202,Avenida F,(Lot Beira Rio II),Zona de Expansão (Areia Branca),521,25
49007205,Rua E,(Lot Beira Rio II),Zona de Expansão (Areia Branca),521,25
49007208,Rua B,(Lot Beira Rio II),Zona de Expansão (Areia Branca),521,25
49007211,Rua C,(Lot Beira Rio II),Zona de Expansão (Areia Branca),521,25
49007250,Rua A,(Lot S José),Zona de Expansão (Areia Branca),521,25
49007253,Rua B,(Lot S José),Zona de Expansão (Areia Branca),521,25
49007256,Rua D,(Lot S José),Zona de Expansão (Areia Branca),521,25
49007259,Rua E,(Lot S José),Zona de Expansão (Areia Branca),521,25
49007262,Rua F,(Lot S José),Zona de Expansão (Areia Branca),521,25
49007265,Rua C,(Lot S José),Zona de Expansão (Areia Branca),521,25
49007295,Rua Zenza,,Zona de Expansão (Areia Branca),521,25
49007298,Rua D,(Lot Zenza),Zona de Expansão (Areia Branca),521,25
49007304,Rua E,(Lot Zenza),Zona de Expansão (Areia Branca),521,25
49007307,Rua F,(Lot Zenza),Zona de Expansão (Areia Branca),521,25
49007310,Rua do Cemitério,(Lot Zenza),Zona de Expansão (Areia Branca),521,25
49007313,Travessa do Cemitério,(Lot Zenza),Zona de Expansão (Areia Branca),521,25
49007319,Rua G,(Lot Zenza),Zona de Expansão (Areia Branca),521,25
49007328,Rua H,(Lot Zenza),Zona de Expansão (Areia Branca),521,25
49007331,Rua Dezessete,(Lot Zenza),Zona de Expansão (Areia Branca),521,25
49007337,Rua I,(Lot Zenza),Zona de Expansão (Areia Branca),521,25
49007349,Rua Seis,(Lot Samutaia),Zona de Expansão (Areia Branca),521,25
49007352,Rua Santa Maria,- de 1/2 ao fim,Zona de Expansão (Areia Branca),521,25
49007355,Rua Cinco,(Lot Samutaia),Zona de Expansão (Areia Branca),521,25
49007358,Travessa Seis,(Lot Samutaia),Zona de Expansão (Areia Branca),521,25
49007361,Rua Quatro,(Lot Samutaia),Zona de Expansão (Areia Branca),521,25
49007367,Rua Três,(Lot Samutaia),Zona de Expansão (Areia Branca),521,25
49007373,Rua Dois,(Lot Samutaia),Zona de Expansão (Areia Branca),521,25
49007376,Rua Alvino dos Santos,,Zona de Expansão (Areia Branca),521,25
49007382,Travessa Sete,(Lot Samutaia),Zona de Expansão (Areia Branca),521,25
49007388,Estrada Sonho Meu,,Zona de Expansão (Areia Branca),521,25
49007430,Rodovia dos Náufragos,- de 1 a 99999 - lado ímpar,Zona de Expansão (Areia Branca),521,25
49007433,Rodovia dos Náufragos,- de 2 a 99998 - lado par,Zona de Expansão (Areia Branca),521,25
49008000,Rua Taubaté,,Zona de Expansão (Mosqueiro),521,25
49008003,Travessa Taubaté I,,Zona de Expansão (Mosqueiro),521,25
49008006,Travessa Taubaté II,,Zona de Expansão (Mosqueiro),521,25
49008009,Rua D,(Lot Rosas do Mar),Zona de Expansão (Mosqueiro),521,25
49008015,Rua A,(Lot Rosas do Mar),Zona de Expansão (Mosqueiro),521,25
49008018,Rua C,(Lot Rosas do Mar),Zona de Expansão (Mosqueiro),521,25
49008024,Rua José Alves Pinto Sobrinho,,Zona de Expansão (Mosqueiro),521,25
49008027,Avenida Maria Lima Barreto,,Zona de Expansão (Mosqueiro),521,25
49008030,Rua I,(Lot Pr do Mosqueiro),Zona de Expansão (Mosqueiro),521,25
49008033,Rua D,(Lot Pr do Mosqueiro),Zona de Expansão (Mosqueiro),521,25
49008036,Rua H,(Lot Pr do Mosqueiro),Zona de Expansão (Mosqueiro),521,25
49008039,Rua G,(Lot Pr do Mosqueiro),Zona de Expansão (Mosqueiro),521,25
49008042,Rua F,(Lot Pr do Mosqueiro),Zona de Expansão (Mosqueiro),521,25
49008045,Rua E,(Lot Pr do Mosqueiro),Zona de Expansão (Mosqueiro),521,25
49008048,Rua C,(Lot Pr do Mosqueiro),Zona de Expansão (Mosqueiro),521,25
49008051,Rua D,(Lot Prca da Praia),Zona de Expansão (Mosqueiro),521,25
49008054,Rua José de Souza Batista,,Zona de Expansão (Mosqueiro),521,25
49008057,Rua C,(Lot Prca da Praia),Zona de Expansão (Mosqueiro),521,25
49008060,Rua E,(Lot Prca da Praia),Zona de Expansão (Mosqueiro),521,25
49008063,Rua Antônio Fernandes Santos,,Zona de Expansão (Mosqueiro),521,25
49008066,Rua Anísio Santana,,Zona de Expansão (Mosqueiro),521,25
49008090,Rodovia dos Náufragos,- de 1 ao fim - lado ímpar,Zona de Expansão (Mosqueiro),521,25
49008093,Rodovia dos Náufragos,- de 2 ao fim - lado par,Zona de Expansão (Mosqueiro),521,25
49008190,Travessa Leonor Rodrigues,,Zona de Expansão (Mosqueiro),521,25
49008193,Rua Júlio César Pinto,,Zona de Expansão (Mosqueiro),521,25
49008196,Rua Lino Bispo Maia,,Zona de Expansão (Mosqueiro),521,25
49008199,Rua B,(Lot S Judas Tadeu),Zona de Expansão (Mosqueiro),521,25
49008202,Rua C,(Lot S Judas Tadeu),Zona de Expansão (Mosqueiro),521,25
49008205,Rua A,(Lot S Judas Tadeu),Zona de Expansão (Mosqueiro),521,25
49008208,Rua Pedro Luiz Brandão Pereira,,Zona de Expansão (Mosqueiro),521,25
49008250,Avenida Matapoã,,Zona de Expansão (Mosqueiro),521,25
49008253,Travessa Esperança,,Zona de Expansão (Mosqueiro),521,25
49008256,Travessa Esperança I,,Zona de Expansão (Mosqueiro),521,25
49008259,Travessa Esperança II,,Zona de Expansão (Mosqueiro),521,25
49008262,Rua Jamisson de Oliveira,,Zona de Expansão (Mosqueiro),521,25
49008300,Rua Domingos Sávio Vieira,,Zona de Expansão (Mosqueiro),521,25
49008303,Rua A,(Lot N Sra de Lourdes),Zona de Expansão (Mosqueiro),521,25
49008306,Rua G,(Lot N Sra de Lourdes),Zona de Expansão (Mosqueiro),521,25
49008309,Rua B,(Lot N Sra de Lourdes),Zona de Expansão (Mosqueiro),521,25
49008312,Rua C,(Lot N Sra de Lourdes),Zona de Expansão (Mosqueiro),521,25
49008315,Rua D,(Lot N Sra de LourdesI),Zona de Expansão (Mosqueiro),521,25
49008318,Rua E,(Lot N Sra de Lourdes),Zona de Expansão (Mosqueiro),521,25
49008321,Rua F,(Lot N Sra de Lourdes),Zona de Expansão (Mosqueiro),521,25
49008324,Estrada Real,,Zona de Expansão (Mosqueiro),521,25
49008327,Rua O,(Lot R G A I),Zona de Expansão (Mosqueiro),521,25
49008330,Rua N,(Lot R G A I),Zona de Expansão (Mosqueiro),521,25
49008333,Rua M,(Lot R G A I),Zona de Expansão (Mosqueiro),521,25
49008336,Rua L,(Lot R G A I),Zona de Expansão (Mosqueiro),521,25
49008348,Rua P,(Lot R G A I),Zona de Expansão (Mosqueiro),521,25
49008354,Rua K,(Lot R G A II),Zona de Expansão (Mosqueiro),521,25
49008357,Rua J,(Lot R G A II),Zona de Expansão (Mosqueiro),521,25
49008360,Rua José Machado de Souza,,Zona de Expansão (Mosqueiro),521,25
49008363,Rua I,(Prq N Sra de Fátima),Zona de Expansão (Mosqueiro),521,25
49008366,Rua A,(Prq N Sra de Fátima),Zona de Expansão (Mosqueiro),521,25
49008369,Rua G,(Prq N Sra de Fátima),Zona de Expansão (Mosqueiro),521,25
49008372,Rua Antônio Lisboa,,Zona de Expansão (Mosqueiro),521,25
49008375,Rua E,(Prq N Sra de Fátima),Zona de Expansão (Mosqueiro),521,25
49008378,Rua Doutor Antônio Garcia Filho,,Zona de Expansão (Mosqueiro),521,25
49008381,Rua C,(Prq N Sra de Fátima),Zona de Expansão (Mosqueiro),521,25
49008384,Rua B,(Prq N Sra de Fátima),Zona de Expansão (Mosqueiro),521,25
49008390,Rua S,(Prq Sto Antônio I),Zona de Expansão (Mosqueiro),521,25
49008393,Rua R,(Prq Sto Antônio I),Zona de Expansão (Mosqueiro),521,25
49008405,Avenida Central,(Lot Pto das Canoas II),Zona de Expansão (Mosqueiro),521,25
49008408,Rua N,(Lot Pto das Canoas II),Zona de Expansão (Mosqueiro),521,25
49008411,Travessa A,(Lot Pto das Canoas II),Zona de Expansão (Mosqueiro),521,25
49008414,Rua M,(Lot Pto das Canoas II),Zona de Expansão (Mosqueiro),521,25
49008417,Rua K,(Lot Pto das Canoas II),Zona de Expansão (Mosqueiro),521,25
49008420,Rua J,(Lot Pto das Canoas II),Zona de Expansão (Mosqueiro),521,25
49008423,Rua I,(Lot Pto das Canoas II),Zona de Expansão (Mosqueiro),521,25
49008426,Rua D,(Lot Pto das Canoas II),Zona de Expansão (Mosqueiro),521,25
49008429,Rua E,(Lot Pto das Canoas I),Zona de Expansão (Mosqueiro),521,25
49008432,Rua G,(Lot Pto das Canoas II),Zona de Expansão (Mosqueiro),521,25
49008435,Rua H,(Lot Pto das Canoas II),Zona de Expansão (Mosqueiro),521,25
49008441,Rua F,(Lot Pto das Canoas I),Zona de Expansão (Mosqueiro),521,25
49008444,Rua D,(Lot Pto das Canoas I),Zona de Expansão (Mosqueiro),521,25
49008447,Rua C,(Lot Pto das Canoas I),Zona de Expansão (Mosqueiro),521,25
49008450,Rua B,(Lot Pto das Canoas I),Zona de Expansão (Mosqueiro),521,25
49008480,Rua F,(Lot Rec Andorinhas),Zona de Expansão (Mosqueiro),521,25
49008483,Rua E,(Lot Rec Andorinhas),Zona de Expansão (Mosqueiro),521,25
49008486,Rua D,(Lot Rec Andorinhas),Zona de Expansão (Mosqueiro),521,25
49008504,Rua C,(Lot Rec Andorinhas),Zona de Expansão (Mosqueiro),521,25
49008513,Rua Oviêdo Santos,,Zona de Expansão (Mosqueiro),521,25
49008519,Rua A,(Lot Rec Andorinhas),Zona de Expansão (Mosqueiro),521,25
49008522,Travessa A,(Lot Rec Andorinhas),Zona de Expansão (Mosqueiro),521,25
49008525,Rua Pantanal,(Lot Rec Andorinhas),Zona de Expansão (Mosqueiro),521,25
49008528,Rua Camarai,,Zona de Expansão (Mosqueiro),521,25
49008563,Rua Carlos Alberto Zuzart,,Zona de Expansão (Mosqueiro),521,25
49008566,Travessa Carlos Alberto Zuzart I,,Zona de Expansão (Mosqueiro),521,25
49008569,Travessa Carlos Alberto Zuzart II,,Zona de Expansão (Mosqueiro),521,25
49008572,Rua Paulo Emídio,,Zona de Expansão (Mosqueiro),521,25
49008575,Rua José Almerindo dos Santos,,Zona de Expansão (Mosqueiro),521,25
49008578,Travessa José Almerindo dos Santos,,Zona de Expansão (Mosqueiro),521,25
49008581,Rua Primavera Manoel Rodrigues,,Zona de Expansão (Mosqueiro),521,25
49008584,Rua Zilda Rodrigues Santos,,Zona de Expansão (Mosqueiro),521,25
49008587,Travessa D,(Lot Galego),Zona de Expansão (Mosqueiro),521,25
49008590,Rua C,(Lot Galego),Zona de Expansão (Mosqueiro),521,25
49008593,Rua Erundino Simão dos Reis,,Zona de Expansão (Mosqueiro),521,25
49008596,Rua A,(Lot Galego),Zona de Expansão (Mosqueiro),521,25
49008599,Travessa A1,(Lot Galego),Zona de Expansão (Mosqueiro),521,25
49008602,Travessa A,(Lot Galego),Zona de Expansão (Mosqueiro),521,25
49008605,Travessa B,(Lot Galego),Zona de Expansão (Mosqueiro),521,25
49008608,Travessa C,(Lot Galego),Zona de Expansão (Mosqueiro),521,25
49008611,Travessa C1,(Lot Galego),Zona de Expansão (Mosqueiro),521,25
49008640,Rua José de Menezes Santos,,Zona de Expansão (Mosqueiro),521,25
49008643,Travessa C1,(Lot S Domingos),Zona de Expansão (Mosqueiro),521,25
49008646,Rua E,(Lot S Domingos),Zona de Expansão (Mosqueiro),521,25
49008649,Rua José Francisco Matias,,Zona de Expansão (Mosqueiro),521,25
49008652,Rua A1,(Lot S Domingos),Zona de Expansão (Mosqueiro),521,25
49008680,Avenida Doutor José Emídio do Nascimento,,Zona de Expansão (Mosqueiro),521,25
49008683,Rua Santana do Livramento,,Zona de Expansão (Mosqueiro),521,25
49008707,Avenida Poeta Mário de Araújo Cabral,,Zona de Expansão (Mosqueiro),521,25
49008710,Rua A,(Prq Sta Maria),Zona de Expansão (Mosqueiro),521,25
49008713,Rua Recanto Evangélico,,Zona de Expansão (Mosqueiro),521,25
49008716,Rua D,(Lot Paraiso),Zona de Expansão (Mosqueiro),521,25
49008722,Rodovia Ayrton Senna,- lado par,Zona de Expansão (Mosqueiro),521,25
49008725,Rodovia Ayrton Senna,- lado ímpar,Zona de Expansão (Mosqueiro),521,25
49008728,Travessa Ayrton Senna,,Zona de Expansão (Mosqueiro),521,25
49008766,Rua D,(Pov Escurial),Zona de Expansão (Mosqueiro),521,25
49008769,Rua José de Agripino,,Zona de Expansão (Mosqueiro),521,25
49008787,Rua José Francisco Matos,,Zona de Expansão (Mosqueiro),521,25
49008790,Travessa A,(Pov Escurial),Zona de Expansão (Mosqueiro),521,25
49008793,Rua B,(Pov Escurial),Zona de Expansão (Mosqueiro),521,25
49008796,Rua Cleonice Monteiro Santos,,Zona de Expansão (Mosqueiro),521,25
49008799,Rua F,(Pov Escurial),Zona de Expansão (Mosqueiro),521,25
49008802,Rua G,(Pov Escurial),Zona de Expansão (Mosqueiro),521,25
49008840,Rua Deputado Eraldo Machado de Lemos,(Lot Prq S Jorge),Zona de Expansão (Mosqueiro),521,25
49008843,Rua D,(Lot Prq S Jorge),Zona de Expansão (Mosqueiro),521,25
49008846,Travessa F,(Lot Prq S Jorge),Zona de Expansão (Mosqueiro),521,25
49008849,Rua E,(Lot Prq S Jorge),Zona de Expansão (Mosqueiro),521,25
49008852,Travessa G,(Lot Prq S Jorge),Zona de Expansão (Mosqueiro),521,25
49008855,Rua B,(Lot Prq S Jorge),Zona de Expansão (Mosqueiro),521,25
49008858,Rua H,(Lot Prq S Jorge),Zona de Expansão (Mosqueiro),521,25
49008861,Rua Professora Célia Teles Gonzaga,,Zona de Expansão (Mosqueiro),521,25
49008876,Rua I,(Lot Prq S Jorge),Zona de Expansão (Mosqueiro),521,25
49009010,Avenida Doutor José Domingos Maia,,Zona de Expansão (Mosqueiro),521,25
49009013,Rua Professora Guiomar,,Zona de Expansão (Mosqueiro),521,25
49009016,Praça Zoroastro Rodrigues,,Zona de Expansão (Mosqueiro),521,25
49009019,Rua B,,Zona de Expansão (Mosqueiro),521,25
49009022,Rua Arlington,,Zona de Expansão (Mosqueiro),521,25
49009025,Rua Oséias Simão dos Reis,,Zona de Expansão (Mosqueiro),521,25
49009028,Rua Flávio Osvaldo Aranha,,Zona de Expansão (Mosqueiro),521,25
49009031,Rua José Vieira de Andrade,,Zona de Expansão (Mosqueiro),521,25
49009034,Rua Jonas Soares Reis,,Zona de Expansão (Mosqueiro),521,25
49009067,Travessa José Domingos Maia I,(Lot Costa Azul),Zona de Expansão (Mosqueiro),521,25
49009070,Travessa José Domingos Maia II,(Lot Costa Azul),Zona de Expansão (Mosqueiro),521,25
49009073,Rua José Domingos Maia III,(Lot Costa Azul),Zona de Expansão (Mosqueiro),521,25
49009076,Travessa José Domingos Maia IV,(Lot Costa Azul),Zona de Expansão (Mosqueiro),521,25
49009079,Rua José Meneses Santos,,Zona de Expansão (Mosqueiro),521,25
49009082,Travessa José Domingos Maia V,,Zona de Expansão (Mosqueiro),521,25
49009106,Avenida Inácio Barbosa,- de 1 ao fim - lado ímpar,Zona de Expansão (Mosqueiro),521,25
49009109,Avenida Inácio Barbosa,- de 2 ao fim - lado par,Zona de Expansão (Mosqueiro),521,25
49009225,Avenida Y1,,Zona de Expansão (Mosqueiro),521,25
49009310,Avenida Luiz Jorge Firpo Cruz,,Zona de Expansão (Mosqueiro),521,25
49010000,Rua Laranjeiras,- até 1022/1023,Centro,521,25
49010010,Avenida Otoniel Dórea,,Centro,521,25
49010020,Rua Propriá,- até 509/510,Centro,521,25
49010030,Avenida Rio Branco,,Centro,521,25
49010040,Praça Olímpio Campos,,Centro,521,25
49010050,Avenida Ivo do Prado,- até 508 - lado par,Centro,521,25
49010060,Praça Almirante Barroso,,Centro,521,25
49010070,Travessa Silva Ribeiro,,Centro,521,25
49010080,Praça Fausto Cardoso,,Centro,521,25
49010090,Travessa Deusdedith Fontes,,Centro,521,25
49010100,Travessa Benjamin Constant,,Centro,521,25
49010110,Rua José do Prado Franco,,Centro,521,25
49010120,Travessa José de Faro,,Centro,521,25
49010130,Rua João Pessoa,,Centro,521,25
49010140,Rua Itaporanga,- até 509/510,Centro,521,25
49010150,Rua Pacatuba,,Centro,521,25
49010160,Rua Maruim,- até 1033/1034,Centro,521,25
49010170,Rua Itabaiana,- até 494/495,Centro,521,25
49010180,Rua Estância,- até 1053/1054,Centro,521,25
49010181,Vila Queiroz,,Centro,521,25
49010190,Rua Itabaianinha,,Centro,521,25
49010200,Travessa Tenente Martinho Garcez,,Centro,521,25
49010220,Praça Camerino,- até 151 - lado ímpar,Centro,521,25
49010240,Praça Camerino,- de 257 ao fim - lado ímpar,Centro,521,25
49010250,Avenida Doutor Carlos Firpo,- até 389/390,Centro,521,25
49010260,Praça Camerino,- lado par,Centro,521,25
49010270,Praça Godofredo Diniz,,Centro,521,25
49010280,Rua Boquim,,Centro,521,25
49010281,Vila Senhor do Bomfim,,Centro,521,25
49010282,Vila Eunice,,Centro,521,25
49010300,Travessa Eduardo Cruz Sobrinho,,Centro,521,25
49010310,Rua Santa Luzia,- até 489/490,Centro,521,25
49010320,Praça da Bandeira,- de 138 a 99998 - lado par,Centro,521,25
49010340,Avenida Barão de Maruim,- lado par,Centro,521,25
49010350,Vila Angélica,,Centro,521,25
49010360,Travessa João Francisco da Silveira,- lado par,Centro,521,25
49010370,Rua Capela,,Centro,521,25
49010380,Rua São Cristóvão,- até 1019/1020,Centro,521,25
49010390,Rua Lagarto,- até 1355/1356,Centro,521,25
49010391,Travessa José D. Fontes,,Centro,521,25
49010400,Travessa São Cristóvão Velho,,Centro,521,25
49010410,Avenida Doutor Roosewelt Dantas Cardoso de Menezes,,Centro,521,25
49010420,Rua Geruzinho,,Centro,521,25
49010430,Rua Simão Dias,- de 20/21 ao fim,Centro,521,25
49010440,Rua Alecrim,,Centro,521,25
49010450,Rua Siriri,,Centro,521,25
49010451,Vila Rosângela,,Centro,521,25
49010460,Rua Geru,,Centro,521,25
49010470,Praça da Bandeira,- de 291 ao fim - lado ímpar,Centro,521,25
49010480,Vila Selma,,Centro,521,25
49010490,Avenida Pedro Calazans,- de 93 a 99999 - lado ímpar,Centro,521,25
49010500,Travessa Baltazar Góes,,Centro,521,25
49010520,Praça General Valadão,,Centro,521,25
49010560,Travessa João Quintiliano da Fonseca,,Centro,521,25
49010580,Praça João XXIII,,Centro,521,25
49010600,Rua Divina Pastora,- até 899/900,Centro,521,25
49010620,Avenida Mamede Paes Mendonça,- até 681/682,Centro,521,25
49010640,Rua Santa Rosa,,Centro,521,25
49010660,Avenida Carlos Burlamarqui,- até 659/660,Centro,521,25
49010670,Largo Thales Ferraz,,Centro,521,25
49010680,Rua Professor Florentino Menezes,,Centro,521,25
49010690,Largo Antônio Franco,,Centro,521,25
49010700,Travessa Santo Antônio,,Centro,521,25
49010720,Avenida Coelho e Campos,- até 815 - lado ímpar,Centro,521,25
49010730,Travessa Afonso Fonseca,,Centro,521,25
49010760,Rua Vinte e Quatro Horas,,Centro,521,25
49010900,Rua Pacatuba 254,,Centro,521,25
49010901,Travessa Baltazar Góes 86,,Centro,521,25
49010902,Rua Laranjeiras 229,,Centro,521,25
49010903,Praça Fausto Cardoso 112,,Centro,521,25
49010904,Rua São Cristóvão 461,,Centro,521,25
49010905,"Praça Fausto Cardoso, s/n",,Centro,521,25
49010906,Praça General Valadão 377,,Centro,521,25
49010907,Travessa Baltazar Góes 86,,Centro,521,25
49010908,Praça Fausto Cardoso 327,,Centro,521,25
49010909,Rua São Cristóvão 212,,Centro,521,25
49010910,Avenida Rio Branco 186,,Centro,521,25
49010911,Rua João Pessoa 320,,Centro,521,25
49010970,Rua Laranjeiras 229,,Centro,521,25
49010971,Avenida Coelho e Campos 604,,Centro,521,25
49010972,Rua Laranjeiras 229,,Centro,521,25
49015000,Rua Vila Cristina,- até 759/760,São José,521,25
49015010,Travessa Adolfo Rollemberg,,São José,521,25
49015020,Praça da Bandeira,- de 2 a 136 - lado par,São José,521,25
49015030,Rua Monsenhor Silveira,,São José,521,25
49015040,Avenida Barão de Maruim,- lado ímpar,São José,521,25
49015050,Travessa Padre Gaspar Lourenço,,São José,521,25
49015060,Praça Camerino,- de 153 a 255 - lado ímpar,São José,521,25
49015070,Avenida Ivo do Prado,- de 510 ao fim - lado par,São José,521,25
49015080,Travessa João Francisco da Silveira,- lado ímpar,São José,521,25
49015090,Rua Dom José Thomaz,,São José,521,25
49015100,Praça Almirante Tamandaré,,São José,521,25
49015110,Rua Itabaiana,- de 496/497 ao fim,São José,521,25
49015120,Rua Senador Rollemberg,,São José,521,25
49015130,Praça Tobias Barreto,,São José,521,25
49015140,Rua Ribeirópolis,- até 227/228,São José,521,25
49015150,Rua Cedro,- até 120/121,São José,521,25
49015160,Rua Riachuelo,,São José,521,25
49015170,Rua Guilhermino Rezende,,São José,521,25
49015180,Praça Graccho Cardoso,,São José,521,25
49015190,Rua Santa Luzia,- de 491/492 ao fim,São José,521,25
49015200,Travessa Juca Barreto,,São José,521,25
49015210,Travessa Maria Clara,,São José,521,25
49015220,Rua Campos,,São José,521,25
49015230,Avenida Gonçalo Prado Rolemberg,,São José,521,25
49015240,Travessa Frei Paulo,,São José,521,25
49015250,Rua Arauá,- de 503/504 ao fim,São José,521,25
49015260,Rua Frei Paulo,- até 263/264,São José,521,25
49015270,Rua Lagarto,- de 1357/1358 a 2111/2112,São José,521,25
49015271,Vila Marta Maria,,São José,521,25
49015280,Avenida Doutor Edelzio Vieira de Melo,- até 235/236,São José,521,25
49015290,Travessa José Rodrigues,,São José,521,25
49015300,Rua Nossa Senhora do Socorro,,São José,521,25
49015310,Rua General Chaves,,São José,521,25
49015320,Rua Duque de Caxias,,São José,521,25
49015330,Rua Zaqueu Brandão,,São José,521,25
49015340,Praça Getúlio Vargas,,São José,521,25
49015350,Avenida Hermes Fontes,- até 707 - lado ímpar,São José,521,25
49015370,Travessa José Antônio Dias,,São José,521,25
49015380,Avenida Augusto Maynard,,São José,521,25
49015390,Praça Joaquim Inácio Barbosa,,São José,521,25
49015400,Rua Coronel Stanley Fernandes da Silveira,,São José,521,25
49015420,Rua Alcides Leite,,São José,521,25
49015440,Travessa Nino Porto,,São José,521,25
49015460,Rua Campo do Brito,- lado par,São José,521,25
49015470,Travessa David Bitencourt Luduvice,,São José,521,25
49015970,Rua Arauá 600,,São José,521,25
49015972,Avenida Barão de Maruim 733,,São José,521,25
49015973,Avenida Barão de Maruim 733,,São José,521,25
49015974,Rua Campo do Brito 1100,,São José,521,25
49020005,Rua Deputado Euclides Paes Mendonça,,Treze de Julho,521,25
49020010,Avenida Governador Paulo Barreto de Menezes,- até 1412 - lado par,Treze de Julho,521,25
49020020,Rua José de Faro Rolemberg,,Salgado Filho,521,25
49020040,Rua Germiniano Maia,,Salgado Filho,521,25
49020050,Rua Capitão Benedito Teófilo Otoni,,Treze de Julho,521,25
49020060,Rua Sílvio Cezar Leite,,Salgado Filho,521,25
49020070,Avenida Antônio Fagundes Santana,,Treze de Julho,521,25
49020085,Rua Ananias Azevedo,,Treze de Julho,521,25
49020100,Rua Romeu Santos,,Salgado Filho,521,25
49020110,Rua Desembargador José Sotero,,Treze de Julho,521,25
49020120,Avenida Francisco Porto,- até 488 - lado par,Treze de Julho,521,25
49020130,Rua Joaquim Góes,,Treze de Julho,521,25
49020140,Rua Jorge Pereira Porto,,Salgado Filho,521,25
49020150,Rua Vila Cristina,- de 761/762 ao fim,Treze de Julho,521,25
49020160,Rua Péricles Muniz Barreto,,Salgado Filho,521,25
49020170,Rua Cedro,- de 122/123 ao fim,Treze de Julho,521,25
49020180,Rua Cristóvão de Barros,,Treze de Julho,521,25
49020190,Rua Homero de Oliveira,,Treze de Julho,521,25
49020200,Rua José Ramos da Silva,,Treze de Julho,521,25
49020210,Avenida Professor Acrísio Cruz,- de 2 ao fim - lado par,Salgado Filho,521,25
49020220,Rua Professor Figueiredo Martins,,Salgado Filho,521,25
49020230,Avenida Anízio Azevedo,- de 2 ao fim - lado par,Salgado Filho,521,25
49020235,Avenida Anízio Azevedo,- de 1 ao fim - lado ímpar,Salgado Filho,521,25
49020243,Avenida Anízio Azevedo,- lado ímpar,Treze de Julho,521,25
49020248,Avenida Anízio Azevedo,- lado par,Treze de Julho,521,25
49020250,Rua Laura Fontes,,Treze de Julho,521,25
49020260,Rua Álvaro Silva,,Treze de Julho,521,25
49020270,Rua Guilhermino Rezende,- lado par,Salgado Filho,521,25
49020285,Rua Doutor Moacyr Leite,,Treze de Julho,521,25
49020290,Rua Lagarto,- de 2113/2114 ao fim,Salgado Filho,521,25
49020295,Rua Doutor Moacyr Leite,,Salgado Filho,521,25
49020300,Rua Júlio Santana,,Treze de Julho,521,25
49020310,Rua Carlos Alberto Porto,,Salgado Filho,521,25
49020320,Rua Raimundo Fonseca,,Treze de Julho,521,25
49020330,Rua Joventina Alves,- até 699/700,Salgado Filho,521,25
49020345,Rua Construtor João Alves,,Treze de Julho,521,25
49020350,Rua Fenelon Santos,- até 709/710,Salgado Filho,521,25
49020360,Praça Assis Chateaubriand,,Salgado Filho,521,25
49020365,Rua Construtor João Alves,- de 1/2 ao fim,Salgado Filho,521,25
49020370,Rua Tênisson Ribeiro,- até 664/665,Salgado Filho,521,25
49020380,Rua Campo do Brito,- lado ímpar,Treze de Julho,521,25
49020390,Rua Francisco Portugal,- até 644/645,Salgado Filho,521,25
49020400,Rua Álvaro de Brito,- até 699/700,Treze de Julho,521,25
49020410,Rua José Freire,,Salgado Filho,521,25
49020420,Travessa Luiz Alves de Oliveira Filho,,Salgado Filho,521,25
49020430,Rua Minervino de Souza Fontes,,Salgado Filho,521,25
49020440,Alameda Praia Formosa,,Treze de Julho,521,25
49020450,Avenida Pedro Paes Azevedo,- até 659/660,Salgado Filho,521,25
49020460,Rua Deputado Euclides Paes Mendonça,- de 1/2 ao fim,Salgado Filho,521,25
49020470,Rua Américo Curvelo,- até 539/540,Salgado Filho,521,25
49020480,Travessa João Olímpio Mangueira,,Treze de Julho,521,25
49020490,Rua Urquiza Leal,- até 693/694,Salgado Filho,521,25
49020500,Praça da Imprensa,,Treze de Julho,521,25
49020510,Praça Eronildes de Carvalho,,Salgado Filho,521,25
49020530,Rua Teixeira de Freitas,,Salgado Filho,521,25
49020535,Rua Ananias Azevedo,- de 1/2 ao fim,Salgado Filho,521,25
49020540,Rua Antônio José de Carvalho,,Salgado Filho,521,25
49020550,Avenida Hermes Fontes,- de 0709 a 1381 - lado ímpar,Salgado Filho,521,25
49020570,Avenida Francisco Porto,- de 490 ao fim - lado par,Salgado Filho,521,25
49020580,Avenida Gonçalo Prado Rolemberg,,Salgado Filho,521,25
49020590,Rua Campo do Brito,- de 1 ao fim - lado ímpar,Salgado Filho,521,25
49020600,Rua Percílio da Costa Andrade,,Treze de Julho,521,25
49020625,Avenida Professor Acrísio Cruz,- lado ímpar,Treze de Julho,521,25
49020630,Avenida Professor Acrísio Cruz,- lado par,Treze de Julho,521,25
49020680,Rua Deputado Carvalho Deda,,Treze de Julho,521,25
49020700,Rua Doutor Osório de Araújo Ramos,,Treze de Julho,521,25
49025000,Rua Urquiza Leal,- de 695/696 ao fim,Grageru,521,25
49025020,Rua Américo Curvelo,- de 541/542 ao fim,Grageru,521,25
49025040,Avenida Governador Paulo Barreto de Menezes,- de 1414/1415 a 3597/3598,Jardins,521,25
49025050,Alameda Celi Prado de Oliveira,,Jardins,521,25
49025070,Rua Juiz José Emídio da Costa Sobrinho,,Jardins,521,25
49025080,Avenida Iolanda Pinto de Jesus,- lado ímpar,Jardins,521,25
49025090,Avenida Deputado Pedro Valadares,- lado ímpar,Jardins,521,25
49025100,Avenida Deputado Sílvio Teixeira,,Jardins,521,25
49025120,Avenida Dona Mariquinha Seixas Dórea,,Grageru,521,25
49025125,Rua Humberto Pinto Maia,,Grageru,521,25
49025130,Rua Doutor Wilson Rocha,,Grageru,521,25
49025140,Rua Tênisson Ribeiro,- de 666/667 ao fim,Grageru,521,25
49025160,Rua Elizio Araújo,,Grageru,521,25
49025170,Rua Engenheiro Hernan Centurion,,Jardins,521,25
49025180,Rua Engenheiro Miguel Valverde Filho,,Jardins,521,25
49025200,Rua Flávia Menezes Prado,,Jardins,521,25
49025210,Rua Francisco Duarte Ramos,,Jardins,521,25
49025220,Rua Francisco Gumercindo Bessa,,Grageru,521,25
49025230,Avenida Francisco Porto,- lado ímpar,Jardins,521,25
49025240,Rua Francisco Portugal,- de 646/647 ao fim,Grageru,521,25
49025245,Avenida Francisco Porto,- de 1 ao fim - lado ímpar,Grageru,521,25
49025290,Rua Helvécio Maia,,Grageru,521,25
49025300,Rua Valdemar Dantas,,Grageru,521,25
49025310,Rua Humberto Pinto do Valle,,Grageru,521,25
49025320,Travessa João Bispo de Lima,,Grageru,521,25
49025330,Avenida Jorge Amado,,Jardins,521,25
49025340,Rua Acrísio Moreira Siqueira,,Jardins,521,25
49025360,Rua Joventina Alves,- de 701/702 ao fim,Grageru,521,25
49025370,Rua Juarez Carvalho,,Jardins,521,25
49025380,Rua Leopoldo Mesquita,,Grageru,521,25
49025390,Rua Lourival Chagas,,Grageru,521,25
49025395,Rua Doutor Paulo Amaral,,Grageru,521,25
49025400,Avenida Deputado Sílvio Teixeira,,Grageru,521,25
49025420,Rua Maestro Domício Fraga,,Grageru,521,25
49025440,Rua Manoel Espírito Santo,,Grageru,521,25
49025450,Rua Doutor Augusto César Leite,,Grageru,521,25
49025460,Rua Marechal Horta Barbosa,,Grageru,521,25
49025480,Rua João Santana,,Grageru,521,25
49025510,Rua Moacir Wanderley,,Jardins,521,25
49025520,Praça Oliveira Belo,,Grageru,521,25
49025530,Rua Orlando Magalhães Maia,,Jardins,521,25
49025540,Avenida Pascoal Maynard,,Grageru,521,25
49025550,Rua Passos Cabral,,Jardins,521,25
49025570,Avenida Pedro Paes Azevedo,- de 661/662 ao fim,Grageru,521,25
49025580,Rua Petrônio Carvalho,,Grageru,521,25
49025600,Rua Poeta João Freire Ribeiro,,Grageru,521,25
49025620,Avenida Presidente Tancredo Neves,- até 2000 - lado par,Jardins,521,25
49025640,Rua Professor José Leônidas de Menezes,,Jardins,521,25
49025650,Rua Professor Roberto Queiroz,,Jardins,521,25
49025690,Rua Tasso Sobral,,Grageru,521,25
49025700,Rua Terêncio Sampaio,- de 151/152 ao fim,Grageru,521,25
49025745,Rua João Lins Carneiro Albuquerque Filho,,Jardins,521,25
49025750,Rua José Seabra Batista,,Jardins,521,25
49025770,Rua José de Alencar Cardoso Neto,,Grageru,521,25
49025780,Rua Júlio Sobral Prado,,Grageru,521,25
49025790,Rua Mabel Batista Santos,,Jardins,521,25
49025795,Rua Maria Eurides Almeida Souza,,Jardins,521,25
49025800,Rua Aloísio Rodrigo Teti Filho,,Jardins,521,25
49025820,Rua Cherobina de Carvalho Pinto,,Jardins,521,25
49025830,Rua José Luiz da Conceição,,Jardins,521,25
49025840,Rua Clovis Mozart Teixeira,,Jardins,521,25
49025850,Avenida Santos Santana,,Jardins,521,25
49026010,Avenida Ministro Geraldo Barreto Sobral,- lado ímpar,Jardins,521,25
49026020,Avenida Hermes Fontes,- de 1383 ao fim - lado ímpar,Grageru,521,25
49026030,Rua Álvaro de Brito,- de 701/702 ao fim,Jardins,521,25
49026040,Rua Deosane Vieira Freitas,,Grageru,521,25
49026060,Rua Raimundo Oliveira Filho,,Grageru,521,25
49026070,Travessa Manoel Antônio dos Santos,,Grageru,521,25
49026080,Rua Arnóbio Alves Nunes,,Grageru,521,25
49026100,Avenida Oviêdo Teixeira,,Jardins,521,25
49026110,Rua Maria Alice O. Costa,,Grageru,521,25
49026115,Avenida Deputado Pedro Valadares,- lado par,Grageru,521,25
49026120,Rua Maria Valdeir Nascimento Lins,,Grageru,521,25
49026130,Rua Tatiana Castro,,Grageru,521,25
49026140,Rua Doutor José de Faro Menezes,,Jardins,521,25
49026150,Rua José Carvalho Pinto,,Jardins,521,25
49026160,Rua Jacinto Uchoa de Mendonça,,Grageru,521,25
49026170,Rua Carlos Alberto Chamusca Tourinho,,Jardins,521,25
49026180,Praça Doutor Pedro Garcia Moreno,,Grageru,521,25
49026190,Rua Desembargador Luiz Pereira de Melo,,Jardins,521,25
49026200,Rua Jenner Augusto,,Jardins,521,25
49026203,Rua Cantito Menezes Lima,,Jardins,521,25
49026206,Rua Cândida Alves Carvalho,,Jardins,521,25
49026209,Avenida Hélio de Souza Leão,,Jardins,521,25
49026215,Rua Engenheiro Marcondes Ferraz,- de 1/2 ao fim,Jardins,521,25
49026220,Rua Analice Oliveira de Sá,,Jardins,521,25
49026230,Rua Monsenhor José Amaral de Oliveira,,Jardins,521,25
49026233,Rua Hamilton Luduvice,,Jardins,521,25
49026236,Rua Félix Pereira de Oliveira,,Jardins,521,25
49026900,Avenida Ministro Geraldo Barreto Sobral 215,,Jardins,521,25
49027000,Avenida Franklin de Campos Sobral,,Grageru,521,25
49027010,Avenida Adélia Franco,- até 3249 - lado ímpar,Grageru,521,25
49027015,Rua Rafael Pereira Rodrigues,,Grageru,521,25
49027020,Rua Amintas Diniz de Aguiar Dantas,,Grageru,521,25
49027040,Rua Deputado Zeca Pereira,,Grageru,521,25
49027050,Rua Comendador Manoel Gonçalves,,Grageru,521,25
49027060,Rua Doutor Derivaldo de Figueiredo,,Jardins,521,25
49027070,Rua Luiz da Hora Santos,,Grageru,521,25
49027080,Rua Raimundo Oliveira Silva,,Grageru,521,25
49027090,Rua Doutor José Roberto Ribeiro,,Grageru,521,25
49027100,Rua Valquiria Luiza Campos Nascimento,,Grageru,521,25
49027110,Rua Doutor Manoel Tavares de Menezes,,Grageru,521,25
49027120,Rua Doutor Olavo Ferreira Leite,,Grageru,521,25
49027130,Rua Honor Gregório Santos,,Grageru,521,25
49027140,Rua João Teles da Costa,,Grageru,521,25
49027150,Rua João Vieira de Aquino,,Grageru,521,25
49027160,Rua Tenente José de Oliveira Filho,,Grageru,521,25
49027180,Rua Lúcio Mota,,Grageru,521,25
49027190,Avenida Marieta Leite,,Grageru,521,25
49027210,Rua Milton do Prado Melo,,Grageru,521,25
49027220,Rua Oscar Valois Galvão,,Grageru,521,25
49027230,Praça Poeta Clodoaldo de Alencar,,Grageru,521,25
49027240,Rua Professora Alda Piassa,,Grageru,521,25
49027250,Rua Vereador Rosalvo Silva,,Grageru,521,25
49027255,Avenida Ministro Geraldo Barreto Sobral,- lado par,Grageru,521,25
49027260,Rua Milton Emílio de Góes Filho,,Grageru,521,25
49027270,Rua Deputado Francisco Guedes Melo,,Grageru,521,25
49027280,Rua José da Silva Peixoto,,Grageru,521,25
49027290,Rua João Ednaldo Alves dos Santos,,Jardins,521,25
49027295,Avenida Francisco Freitas Bendocchi Alves,,Jardins,521,25
49027300,Rua Antônio Conde Dias,,Jardins,521,25
49027310,Rua Sara Schuster,,Jardins,521,25
49027320,Rua Evaldo Alcides Pereira,,Jardins,521,25
49027330,Rua Edymee de Azevedo Figueiredo,,Grageru,521,25
49027340,Rua Construtora Cunha,,Grageru,521,25
49027345,Avenida Iolanda Pinto de Jesus,- lado par,Grageru,521,25
49027350,Rua Gilberto Almeida,,Grageru,521,25
49027370,Rua José Edivaldo dos Santos,,Grageru,521,25
49027380,Rua Gérson Martins,,Grageru,521,25
49027390,Alameda Deputado Dilson Batista,,Grageru,521,25
49027400,Rua Antônio de Pádua Araújo,,Grageru,521,25
49027410,Rua Manoel Joaquim Correia,,Grageru,521,25
49027415,Rua Maria das Graças de Aguiar Cunha,,Grageru,521,25
49027420,Rua Três,(Jd Jussara),Grageru,521,25
49027425,Rua José Rodrigues Lima,,Grageru,521,25
49027900,Avenida Adélia Franco 3305,,Grageru,521,25
49030000,Avenida Josino José de Almeida,,Farolândia,521,25
49030010,Praça Acrísio Garcez,,Farolândia,521,25
49030013,Travessa Professora Ofenísia Freire,,Farolândia,521,25
49030020,Rua Agenor Machado de Freitas,,Farolândia,521,25
49030030,Rua Agrônomo Tenisson Freire,,Farolândia,521,25
49030040,Rua Albino Rufino de Santana,,Farolândia,521,25
49030050,Rua Frei Damião,,Farolândia,521,25
49030060,Rua Alziro Zarur,,Farolândia,521,25
49030070,Rua Antônio Leite Guimarães,,Farolândia,521,25
49030080,Rua Aquilino Massena,,Farolândia,521,25
49030083,Rua A6,(Cj Augusto Franco),Farolândia,521,25
49030086,Rua Maria Amélia Lima Lopes,,Farolândia,521,25
49030090,Rua Arnaldo Maciel de Andrade,,Farolândia,521,25
49030110,Rua Áurea Costa,,Farolândia,521,25
49030120,Rua Bacharel Geraldo Gomes Martins,,Farolândia,521,25
49030130,Avenida Caçula Barreto,,Farolândia,521,25
49030140,Rua Carlos Menezes Faro,,Farolândia,521,25
49030150,Rua Carlos Pereira de Melo,,Farolândia,521,25
49030160,Rua Coronel Adelino Domingos da Silva,,Farolândia,521,25
49030170,Rua Maria Ramos de Menezes,,Farolândia,521,25
49030180,Rua Coronel Manoel Machado dos Santos,,Farolândia,521,25
49030190,Rua Coronel Manoel Ramos dos Santos,,Farolândia,521,25
49030200,Rua Dalvo da Silva Barbosa,,Farolândia,521,25
49030210,Avenida Maria Pastora,,Farolândia,521,25
49030213,Rua Professora Ofenísia Freire,,Farolândia,521,25
49030220,Praça Deputado Pedro Barreto de Andrade,,Farolândia,521,25
49030230,Rua Deputado Pedro Batalha de Gois,,Farolândia,521,25
49030240,Rua Simon Bolívar,,Farolândia,521,25
49030250,Avenida Doutor Adel Nunes,,Farolândia,521,25
49030260,Rua Sebastião Chagas,,Farolândia,521,25
49030270,Avenida Doutor José Thomas D'Ávila Nabuco,,Farolândia,521,25
49030280,Rua Maria Dionete Santos de Souza,,Farolândia,521,25
49030283,Rua Antônio Valença Monteiro,,Farolândia,521,25
49030290,Avenida Doutor Tarcísio Daniel dos Santos,,Farolândia,521,25
49030293,Rua Abrahão Crispim de Souza,,Farolândia,521,25
49030296,Rua Dois,(Cl Augusto Franco),Farolândia,521,25
49030300,Rua Isaac Correia Barreto,,Farolândia,521,25
49030310,Rua Engenheiro Fook Mau,,Farolândia,521,25
49030320,Rua Nelson Souza,,Farolândia,521,25
49030323,Rua José da Amarante,,Farolândia,521,25
49030330,Rua Erivaldo de Almeida Gama,,Farolândia,521,25
49030333,Rua Claudionor da Silva Tupinambá,,Farolândia,521,25
49030340,Rua Fernando Gomes Ferreira,,Farolândia,521,25
49030350,Rua Fiscal Adalberto Menezes de Andrade,,Farolândia,521,25
49030355,Rua João Batista Ribeiro,,Farolândia,521,25
49030360,Rua Francolino Rodrigues Lima,,Farolândia,521,25
49030370,Rua Hamilton Lopes Galvão,,Farolândia,521,25
49030390,Praça Industrial João Rodrigues da Cruz,,Farolândia,521,25
49030400,Rua Industrial José Orestes dos Santos,,Farolândia,521,25
49030410,Rua Janete Brandão,,Farolândia,521,25
49030420,Rua Manoel Fernandes Barbosa Santos,,Farolândia,521,25
49030423,Rua Silvio do Espírito Santo Seixas,,Farolândia,521,25
49030426,Rua Mabel Dantas do Espírito Santo,,Farolândia,521,25
49030430,Rua João Muniz Barreto,,Farolândia,521,25
49030440,Rua João Smith,,Farolândia,521,25
49030450,Praça Jornalista Orlando Dantas,,Farolândia,521,25
49030460,Rua José Alves Pereira,,Farolândia,521,25
49030470,Rua José Augusto Costa,,Farolândia,521,25
49030480,Rua José Cunha Alcântara,,Farolândia,521,25
49030490,Rua José de Souza Filho,,Farolândia,521,25
49030500,Rua Lealdo Ferreira de Melo,,Farolândia,521,25
49030510,Praça Major Edeltrudes Teles,,Farolândia,521,25
49030520,Rua Major Hunaldo dos Santos,,Farolândia,521,25
49030530,Rua Manoel Euclides de Oliveira,,Farolândia,521,25
49030533,Rua Professor José dos Santos,,Farolândia,521,25
49030540,Rua Manoel Jonas de Andrade,,Farolândia,521,25
49030543,Rua E6,(Cj Augusto Franco),Farolândia,521,25
49030546,Rua Paulo Rodrigues da Silva,,Farolândia,521,25
49030549,Rua Jornaleiro Gervásio dos Santos,,Farolândia,521,25
49030550,Rua Manoel José de Almeida,,Farolândia,521,25
49030560,Rua Manoel Messias Leite de Andrade,,Farolândia,521,25
49030563,Rua Treze,(Cj Augusto Franco),Farolândia,521,25
49030570,Rua Edson de Oliveira Santana,,Farolândia,521,25
49030580,Rua Maria Cécilia dos Santos,,Farolândia,521,25
49030600,Rua Maria Adolfina Costa,,Farolândia,521,25
49030610,Rua Maria de Amarante,,Farolândia,521,25
49030620,Rua Irmã Clotildes de Oliveira,,Farolândia,521,25
49030630,Praça Promotor Marques Guimarães,,Farolândia,521,25
49030640,Avenida Empresário José Carlos Silva,- lado par,Farolândia,521,25
49030650,Rua Presbítero Aloísio Santos,,Farolândia,521,25
49030670,Rua Promotor Fernando Maia,,Farolândia,521,25
49030676,Rua Presbítero Pedro Rodrigues Dantas,,Farolândia,521,25
49030679,Rua Nove,(Cj Augusto Franco),Farolândia,521,25
49030680,Rua Promotor Joaquim Valença,,Farolândia,521,25
49030683,Rua Três,(Cj Augusto Franco),Farolândia,521,25
49030686,Rua Quatro,(Cj Augusto Franco),Farolândia,521,25
49030690,Rua Promotor José Medeiros,,Farolândia,521,25
49030700,Rua Renato Augusto Martins,,Farolândia,521,25
49030710,Rua Sargento Vasconcelos,,Farolândia,521,25
49030720,Rua Tenente Waldir dos Santos,,Farolândia,521,25
49030730,Rua Valdomiro Ferreira Lima,,Farolândia,521,25
49030750,Rua Valdomiro Teófilo,,Farolândia,521,25
49030760,Rua Vereador Flávio Diniz,,Farolândia,521,25
49030770,Rua Waldemar Monteiro,,Farolândia,521,25
49030790,Rua Edson de Oliveira,,Farolândia,521,25
49030800,Rua Olinda Araújo,,Farolândia,521,25
49030810,Rua Salvelina dos Santos,,Farolândia,521,25
49030820,Rua Professor Luiz Cláudio Sobreira Correia,,Farolândia,521,25
49030830,Rua Maria Nazareth Barros Santos,,Farolândia,521,25
49030833,Rua Lúcia Maria e Silva Santana,,Farolândia,521,25
49030836,Rua B,(Lot Mangabeiras),Farolândia,521,25
49030839,Rua Joana dos Santos Aragão,,Farolândia,521,25
49030840,Rua Maria Barros,,Farolândia,521,25
49031000,Travessa Maria de Lia,,Farolândia,521,25
49031010,Rua Brasílio Martinho Valle,,Farolândia,521,25
49031020,Rua José Augusto dos Santos,,Farolândia,521,25
49031030,Rua Timóteo Calazans dos Santos,,Farolândia,521,25
49031040,Rua Lenio de Moura Morais,,Farolândia,521,25
49031050,Rua Edson da Cunha Lima,,Farolândia,521,25
49031060,Rua Maria de Lourdes Ramos Gonçalves,,Farolândia,521,25
49031063,Rua Ulisses Alves de Moura,,Farolândia,521,25
49031070,Rua Antônio Teixeira Gonçalves,,Farolândia,521,25
49031073,Rua Maria do Carmo Dias,,Farolândia,521,25
49031076,Rua Adenilde da Conceição Francisca,,Farolândia,521,25
49031080,Rua Risoleta Rodrigues Brito,,Farolândia,521,25
49031090,Rua Antônio Barbosa de Araújo,,Farolândia,521,25
49031100,Rua Eugídia Rodrigues dos Santos,,Farolândia,521,25
49031120,Rua Presbítero Adel Alves Oliveira,,Farolândia,521,25
49031130,Rua Professora Nair Ribeiro Porto,,Farolândia,521,25
49031133,Rua Maria Inácia Santos,,Farolândia,521,25
49031150,Rua Presbítero Edson Freire Costa,,Farolândia,521,25
49031190,Rua Luiz dos Santos Mendonça,,Farolândia,521,25
49031210,Rua Antônio Ramos Mendonça,,Farolândia,521,25
49031220,Rua Juarez de Oliveira Ribeiro,,Farolândia,521,25
49031230,Rua Jorge dos Santos Mendonça,,Farolândia,521,25
49031240,Rua José Vieira de Jesus,,Farolândia,521,25
49031250,Rua Capitão Antônio Tavares dos Santos,,Farolândia,521,25
49031260,Avenida Vereador Manoel Dória,,Farolândia,521,25
49031270,Avenida Adriano Prado Paes Mendonça,,Farolândia,521,25
49031280,Rua Antônio Fonseca Neto,,Farolândia,521,25
49031290,Rua Carlos Correia de Araujo,,Farolândia,521,25
49031300,Rua Carlos Henrique Carvalho de Melo,,Farolândia,521,25
49031340,Rua José de Almeida Pinheiro,,Farolândia,521,25
49031350,Rua Josefa Marinez Leite de Oliveira,,Farolândia,521,25
49031400,Rua Jardel Anderson Machado dos Santos,,Farolândia,521,25
49031410,Rua A,(Lot Aningas),Farolândia,521,25
49031413,Rua B,(Lot Aningas),Farolândia,521,25
49031416,Rua C,(Lot Aningas),Farolândia,521,25
49031419,Rua E,(Lot Aningas),Farolândia,521,25
49031422,Rua F,(Lot Aningas),Farolândia,521,25
49031425,Rua G,(Lot Aningas),Farolândia,521,25
49031428,Rua D,(Lot Aningas),Farolândia,521,25
49031970,Praça Deputado Pedro Barreto de Andrade 75-A,,Farolândia,521,25
49032000,Avenida Governador Paulo Barreto de Menezes,- de 2 ao fim - lado par,Farolândia,521,25
49032010,Rua Alferes José Pedro de Brito,,Farolândia,521,25
49032013,Rua Presídio José de Brito,,Farolândia,521,25
49032016,Avenida Capitão Joaquim Martins Fontes,,Farolândia,521,25
49032020,Rua Edmundo Prado Maia,,Farolândia,521,25
49032030,Rua Amaralina,,Farolândia,521,25
49032050,Rua Carlos Gomes,,Farolândia,521,25
49032060,Rua Tenente Aragão,,Farolândia,521,25
49032070,Rua João Gama da Silva,,Farolândia,521,25
49032080,Largo José Augusto Rocha Lima,,Farolândia,521,25
49032090,Rua José de Dome,,Farolândia,521,25
49032093,Travessa José de Dome,,Farolândia,521,25
49032099,Travessa K,,Farolândia,521,25
49032100,Rua Manoel Vicente de Brito,,Farolândia,521,25
49032103,Rua Eunaldo José da Costa,,Farolândia,521,25
49032110,Praça dos Navegantes,,Farolândia,521,25
49032130,Rua Matapoã,,Farolândia,521,25
49032140,Rua Paulo Afonso,,Farolândia,521,25
49032150,Rua Rosalina,,Farolândia,521,25
49032153,Rua Major José Joaquim Pereira Lobo,,Farolândia,521,25
49032160,Rua Vicente Rodrigues,,Farolândia,521,25
49032170,Travessa Vicente Rodrigues,,Farolândia,521,25
49032180,Rua Maria de Oliveira Mendonça,,Farolândia,521,25
49032190,Praça Theodorico do Prado Montes,,Farolândia,521,25
49032200,Rua João Nelson de Melo,,Farolândia,521,25
49032203,Travessa Claudionor Leite,,Farolândia,521,25
49032206,Travessa França,,Farolândia,521,25
49032210,Rua Marieta Cabral de Andrade,,Farolândia,521,25
49032213,Travessa Maria Pastora,,Farolândia,521,25
49032220,Rua Álvaro Garcia Araújo,,Farolândia,521,25
49032230,Rua Santo Agostinho,,Farolândia,521,25
49032235,Rua Dona Emerita Mendonça de Araújo,,Farolândia,521,25
49032240,Rua João Matos Carvalho,,Farolândia,521,25
49032243,Rua C,(Jd Mar Azul),Farolândia,521,25
49032246,Rua Ana Célia Santos Barroso,,Farolândia,521,25
49032250,Rua Doutor Lúcio Prado,,Farolândia,521,25
49032260,Praça Florival Brito,,Farolândia,521,25
49032280,Rua Ecologista Chico Mendes,,Farolândia,521,25
49032290,Rua Antônio Carlos Dias Soares,,Farolândia,521,25
49032293,Rua A,(Jd Sto Antônio),Farolândia,521,25
49032296,Rua B,(Jd Sto Antônio),Farolândia,521,25
49032300,Avenida João Vítor de Matos,,Farolândia,521,25
49032303,Rua Joaquim Lins de Andrade,,Farolândia,521,25
49032310,Rua Mário de Andrade,,Farolândia,521,25
49032316,Travessa C,(Jd Mar Azul),Farolândia,521,25
49032323,Travessa Paris,,Farolândia,521,25
49032330,Rua José do Prado Barreto,,Farolândia,521,25
49032340,Rua Claudionor Leite,,Farolândia,521,25
49032350,Rua Alu Campos,,Farolândia,521,25
49032360,Rua Tenente Antônio Fontes Pitanga,,Farolândia,521,25
49032363,Rua Marcílio Duarte Cabral,,Farolândia,521,25
49032370,Rua Guarapari,,Farolândia,521,25
49032380,Rua Icaraí,,Farolândia,521,25
49032383,Rua C,(Lot Mar e Sol),Farolândia,521,25
49032386,Rua D,(Lot Mar e Sol),Farolândia,521,25
49032389,Rua B,(Lot Mar e Sol),Farolândia,521,25
49032390,Rua Guarujá,,Farolândia,521,25
49032394,Travessa José Conrado de Araújo I,,Farolândia,521,25
49032397,Travessa José Conrado de Araújo II,,Farolândia,521,25
49032400,Rua José Conrado de Araújo,,Farolândia,521,25
49032403,Rua Olinto Fontes,,Farolândia,521,25
49032406,Rua Doutor Lélio Fortes,,Farolândia,521,25
49032410,Rua João Carneiro de Melo,,Farolândia,521,25
49032413,Avenida Isaac José Rodrigues,,Farolândia,521,25
49032420,Rua Doutor Jorge Cabral,,Farolândia,521,25
49032430,Rua Desembargador José Rodrigues Nou,,Farolândia,521,25
49032440,Rua Leonídia Rodrigues Santos,,Farolândia,521,25
49032443,Travessa Corretor Otoniel Souza Medrado,,Farolândia,521,25
49032446,Rua João Honorato Santana,,Farolândia,521,25
49032450,Rua Leovegildo Martins Fontes,,Farolândia,521,25
49032460,Rua Joaquim Soares Bezerra,(Lot Maar),Farolândia,521,25
49032463,Travessa Acácias,,Farolândia,521,25
49032466,Rua C,(Lot Sr do Bomfim),Farolândia,521,25
49032470,Rua Marcolino Messias Ramos,,Farolândia,521,25
49032473,Travessa B,(Lot Sr do Bonfim),Farolândia,521,25
49032476,Rua A,(Lot Sr do Bonfim),Farolândia,521,25
49032479,Travessa A,(Lot Sr do Bonfim),Farolândia,521,25
49032480,Avenida Presbítero Antônio Rodrigues Pereira,,Farolândia,521,25
49032483,Rua F,(Lot Sr do Bonfim),Farolândia,521,25
49032489,Rua D,(Lot Sr do Bonfim),Farolândia,521,25
