69918248,Travessa Jaguari,,Isaura Parente,7735,1
69918250,Rua São Cristóvão,,Isaura Parente,7735,1
69918252,Travessa Tales,,Isaura Parente,7735,1
69918254,Rua Esperança,,Isaura Parente,7735,1
69918256,Rua Dom Pedro,,Isaura Parente,7735,1
69918258,Travessa Pilates,,Isaura Parente,7735,1
69918260,Rua Tapajós,- de 601/602 ao fim,Isaura Parente,7735,1
69918262,Rua Tapajós,- até 599/600,Isaura Parente,7735,1
69918264,Rua Edmundo Pinto,,Isaura Parente,7735,1
69918266,Rua Buenos Aires,,Isaura Parente,7735,1
69918268,Rua São Mateus,,Isaura Parente,7735,1
69918270,Rua Isaura Parente,- de 500 a 1924 - lado par,Isaura Parente,7735,1
69918272,Rua Alberto Torres,,Isaura Parente,7735,1
69918274,Rua São Marcos,,Isaura Parente,7735,1
69918276,Rua das Lanterneiras,,Isaura Parente,7735,1
69918278,Rua Lua Nova,,Isaura Parente,7735,1
69918280,Travessa Lua Nova,,Isaura Parente,7735,1
69918282,Rua Fernando Lira,,Isaura Parente,7735,1
69918284,Travessa Fernando Lira II,,Isaura Parente,7735,1
69918286,Travessa Fernando Lira,,Isaura Parente,7735,1
69918288,Rua Almirante Castro e Silva,,Isaura Parente,7735,1
69918290,Rua Plácido de Castro,,Isaura Parente,7735,1
69918292,Travessa Bom Destino I,,Isaura Parente,7735,1
69918294,Rua Canindé,,Isaura Parente,7735,1
69918296,Rua Santa Helena,,Isaura Parente,7735,1
69918298,Rua Almirante Barbosa,,Isaura Parente,7735,1
69918300,Rua Epitácio Pessoa,,Isaura Parente,7735,1
69918302,Rua Almirante Tamandaré,,Isaura Parente,7735,1
69918304,Travessa Bom Destino II,,Isaura Parente,7735,1
69918306,Rua Bom Destino,,Isaura Parente,7735,1
69918308,Avenida Antônio da Rocha Viana,- até 1843 - lado ímpar,Isaura Parente,7735,1
69918310,Rua São Sebastião,- até 499 - lado ímpar,Isaura Parente,7735,1
69918312,Travessa Canindé,,Isaura Parente,7735,1
69918314,Rua Daniel de Matos,,Isaura Parente,7735,1
69918316,Rua Thaumaturgo Filho,,Isaura Parente,7735,1
69918318,Rua das Flores,,Isaura Parente,7735,1
69918320,Rua Empresa,,Isaura Parente,7735,1
69918322,Travessa da Paz,,Isaura Parente,7735,1
69918324,Rua São Sebastião,- até 500 - lado par,Isaura Parente,7735,1
69918326,Travessa São Sebastião,,Isaura Parente,7735,1
69918340,Rua São Sebastião,- de 501/502 ao fim,Nova Estação,7735,1
69918342,Rua Nossa Senhora de Fátima,,Nova Estação,7735,1
69918344,Travessa Tefé,,Nova Estação,7735,1
69918346,Travessa Chalub Leite,,Nova Estação,7735,1
69918348,Rua Marivan de Oliveira,,Nova Estação,7735,1
69918350,Rua Londrina,,Nova Estação,7735,1
69918352,Rua da Paz,,Nova Estação,7735,1
69918354,Rua Belém,- até 411/412,Nova Estação,7735,1
69918356,Rua Macapá,,Nova Estação,7735,1
69918358,Rua Senador Kairala,- de 349/350 ao fim,Nova Estação,7735,1
69918360,Rua Formosa,- até 599/600,Nova Estação,7735,1
69918362,Rua São Luiz,,Nova Estação,7735,1
69918364,Rua Ouro Verde,,Nova Estação,7735,1
69918366,Travessa Altamira,,Nova Estação,7735,1
69918368,Rua Altamira 2,,Nova Estação,7735,1
69918370,Rua Altamira 1,,Nova Estação,7735,1
69918372,Rua Nilo,,Nova Estação,7735,1
69918374,Rua Corumbá,,Nova Estação,7735,1
69918376,Rua América,- de 349/350 ao fim,Nova Estação,7735,1
69918378,Rua Floresta,- até 552/553,Nova Estação,7735,1
69918380,Rua Rafael,,Nova Estação,7735,1
69918382,Travessa Gravataí,,Nova Estação,7735,1
69918384,Travessa Brasiléia,,Nova Estação,7735,1
69918386,Rua Libertação,,Nova Estação,7735,1
69918388,Rua Otávio Rola,- até 813/814,Nova Estação,7735,1
69918390,Rua Buriti,- até 199/200,Nova Estação,7735,1
69918392,Rua Novo Horizonte,- até 399/400,Nova Estação,7735,1
69918394,Rua Passarela,,Nova Estação,7735,1
69918396,Rua Palmares,- até 499/500,Nova Estação,7735,1
69918398,Travessa Rosas de Saron,,Nova Estação,7735,1
69918400,Rua Formosa,- de 601/602 ao fim,Nova Estação,7735,1
69918402,Rua Belém,- de 413/414 ao fim,Nova Estação,7735,1
69918404,Rua Valdomiro Lopes,- de 307 a 799 - lado ímpar,Nova Estação,7735,1
69918410,Rua Valdomiro Lopes,- até 1035 - lado ímpar,Conjunto Manoel Julião,7735,1
69918412,Rua Veterano R. Pinto,,Conjunto Manoel Julião,7735,1
69918414,Rua Aureliano Lopes,,Conjunto Manoel Julião,7735,1
69918416,Rua Raimundo Escócio de Farias,,Conjunto Manoel Julião,7735,1
69918418,Rua João Chalub,,Conjunto Manoel Julião,7735,1
69918420,Rua Vitória,,Conjunto Manoel Julião,7735,1
69918422,Rua Ferraz,,Conjunto Manoel Julião,7735,1
69918424,Rua Várzea Grande,,Conjunto Manoel Julião,7735,1
69918426,Rua das Flores,,Conjunto Manoel Julião,7735,1
69918428,Rua Marte,,Conjunto Manoel Julião,7735,1
69918430,Rua Aderbal Brasil,,Conjunto Manoel Julião,7735,1
69918432,Rua Eduardo Barbosa Viana,,Conjunto Manoel Julião,7735,1
69918434,Rua Otília,,Conjunto Manoel Julião,7735,1
69918436,Rua João Fiscal,,Conjunto Manoel Julião,7735,1
69918438,Rua Edmundo Pinto,,Conjunto Manoel Julião,7735,1
69918440,Rua Comércio,,Conjunto Manoel Julião,7735,1
69918442,Rua Marcelino Machado,,Conjunto Manoel Julião,7735,1
69918444,Rua João Câncio,- de 339/340 ao fim,Conjunto Manoel Julião,7735,1
69918446,Rua B2,,Conjunto Manoel Julião,7735,1
69918448,Travessa João Câncio 1,,Conjunto Manoel Julião,7735,1
69918450,Travessa João Câncio,,Conjunto Manoel Julião,7735,1
69918452,Rua Luiz Z da Silva,,Conjunto Manoel Julião,7735,1
69918460,Rua Severina Maria de Sousa e Silva,,Jardim Manoel Julião,7735,1
69918462,Rua Antão Manoel da Silva,,Jardim Manoel Julião,7735,1
69918464,Rua Lauro Julião,,Jardim Manoel Julião,7735,1
69918480,Avenida Antônio da Rocha Viana,- de 1600 a 2328 - lado par,Vilage Wilde Maciel,7735,1
69918482,Rua Castro Alves,,Vilage Wilde Maciel,7735,1
69918484,Travessa Camburiú,,Vilage Wilde Maciel,7735,1
69918486,Rua Parati,,Vilage Wilde Maciel,7735,1
69918488,Rua da Castanheira,,Vilage Wilde Maciel,7735,1
69918490,Rua Ipanema,,Vilage Wilde Maciel,7735,1
69918492,Rua Itapuã,,Vilage Wilde Maciel,7735,1
69918494,Rua João XXlll,,Vilage Wilde Maciel,7735,1
69918496,Rua Camburiú,,Vilage Wilde Maciel,7735,1
69918498,Rua Bertioga,,Vilage Wilde Maciel,7735,1
69918500,Rua Copacabana,,Vilage Wilde Maciel,7735,1
69918502,Rua Iracema,,Vilage Wilde Maciel,7735,1
69918504,Rua Guarujá,,Vilage Wilde Maciel,7735,1
69918506,Rua Ubatuba,,Vilage Wilde Maciel,7735,1
69918510,Avenida Antônio da Rocha Viana,- de 2330/2331 a 2599/2600,Boa Esperança,7735,1
69918512,Travessa da Afelétro,,Boa Esperança,7735,1
69918516,Rua Bagdá,,Boa Esperança,7735,1
69918518,Travessa da Seta,,Boa Esperança,7735,1
69918520,Travessa Municipalidade,,Boa Esperança,7735,1
69918550,Avenida Antônio da Rocha Viana,- de 2601 a 2817 - lado ímpar,Jardim América,7735,1
69918552,Rua América,- até 347/348,Jardim América,7735,1
69918554,Rua Educandos,,Jardim América,7735,1
69918556,Rua José Maria Rios,- até 177/178,Jardim América,7735,1
69918558,Rua Fragoso Monteiro,- até 177/178,Jardim América,7735,1
69918560,Rua Francisco Sales,- até 177/178,Jardim América,7735,1
69918562,Rua Antônio Pinheiro Sobrinho,- até 177/178,Jardim América,7735,1
69918564,Rua Otávio Rola,- de 815/816 ao fim,Jardim América,7735,1
69918570,Avenida Antônio da Rocha Viana,- de 2602 a 2818 - lado par,Vila Ivonete,7735,1
69918572,Travessa Educandos,,Vila Ivonete,7735,1
69918574,Rua Senira Nogueira,,Vila Ivonete,7735,1
69918576,Rua Antônio Sá de Barros,,Vila Ivonete,7735,1
69918578,Avenida Getúlio Vargas,- de 3031/3032 a 3443/3444,Vila Ivonete,7735,1
69918580,Rua Abraim Farhat,,Vila Ivonete,7735,1
69918582,Rua Alberto Assad,- até 344/345,Vila Ivonete,7735,1
69918584,Rua Hechem Farhat,,Vila Ivonete,7735,1
69918600,Avenida Antônio da Rocha Viana,- de 2820 a 2908 - lado par,Vila Ivonete,7735,1
69918602,Rua Francisco Neri,,Vila Ivonete,7735,1
69918604,Rua São Caetano,,Vila Ivonete,7735,1
69918606,Rua João Pessoa,,Vila Ivonete,7735,1
69918608,Rua Fortaleza,,Vila Ivonete,7735,1
69918610,Rua Alberto Assad,- de 346/347 ao fim,Vila Ivonete,7735,1
69918612,Rua Grã-Duquesa,,Vila Ivonete,7735,1
69918614,Rua Morada do Sol,,Vila Ivonete,7735,1
69918616,Avenida Getúlio Vargas,- de 3445/3446 a 3622/3623,Vila Ivonete,7735,1
69918618,Rua Rio de Janeiro,,Vila Ivonete,7735,1
69918620,Travessa Bahia,,Vila Ivonete,7735,1
69918622,Rua 1º de Janeiro,,Vila Ivonete,7735,1
69918630,Avenida Antônio da Rocha Viana,- de 2910/2911 a 4007/4008,Vila Ivonete,7735,1
69918632,Rua João Francisco da Cunha,,Vila Ivonete,7735,1
69918634,Travessa Mateus,,Vila Ivonete,7735,1
69918636,Travessa Vitória,,Vila Ivonete,7735,1
69918638,Travessa São José,,Vila Ivonete,7735,1
69918640,Rua Flor Lírio Lustosa,,Vila Ivonete,7735,1
69918642,Avenida Getúlio Vargas,- de 3624/3625 a 3834/3835,Vila Ivonete,7735,1
69918644,Rua Vicente Lucena,,Vila Ivonete,7735,1
69918646,Rua 17 de Março,,Vila Ivonete,7735,1
69918648,Travessa Canela,,Vila Ivonete,7735,1
69918650,Rua Carnaúba,,Vila Ivonete,7735,1
69918652,Rua Campina Grande,,Vila Ivonete,7735,1
69918654,Rua Belo Horizonte,,Vila Ivonete,7735,1
69918656,Rua Francisco Alencar,,Vila Ivonete,7735,1
69918658,Rua Benedito Maia,,Vila Ivonete,7735,1
69918660,Rua dos Arbustos,,Vila Ivonete,7735,1
69918662,Rua Atlanti,,Vila Ivonete,7735,1
69918664,Travessa São Luiz,,Vila Ivonete,7735,1
69918666,Travessa Xapuri,,Vila Ivonete,7735,1
69918668,Travessa Benjamin,,Vila Ivonete,7735,1
69918670,Rua Edineide de Fátima,,Vila Ivonete,7735,1
69918672,Travessa João Marcelo,,Vila Ivonete,7735,1
69918700,Avenida Antônio da Rocha Viana,- de 2819 a 3215 - lado ímpar,Santa Quitéria,7735,1
69918703,Rua Nelson Mesquita,,Santa Quitéria,7735,1
69918706,Rua Valdomiro Lopes,- até 305/306,Santa Quitéria,7735,1
69918709,Rua Antônio Pinheiro Sobrinho,- de 179/180 ao fim,Santa Quitéria,7735,1
69918712,Rua Francisco Sales,- de 179/180 ao fim,Santa Quitéria,7735,1
69918715,Rua Fragoso Monteiro,- de 179/180 ao fim,Santa Quitéria,7735,1
69918718,Rua José Maria Rios,- de 179/180 ao fim,Santa Quitéria,7735,1
69918721,Rua Jorge Mesquita,,Santa Quitéria,7735,1
69918724,Rua José Magalhães,- até 213/214,Santa Quitéria,7735,1
69918730,Avenida Antônio da Rocha Viana,- de 3217 a 4009 - lado ímpar,Horto Florestal,7735,1
69918750,Rua José Magalhães,- de 215/216 a 527/528,Conquista,7735,1
69918752,Travessa Alegria,,Conquista,7735,1
69918754,Rua da Abelha,,Conquista,7735,1
69918756,Travessa do Jucá,,Conquista,7735,1
69918758,Rua Buriti,- de 201/202 ao fim,Conquista,7735,1
69918760,Rua Padre Cícero,- até 419/420,Conquista,7735,1
69918762,Travessa Cabral,,Conquista,7735,1
69918764,Rua Valdomiro Lopes,- até 916 - lado par,Conquista,7735,1
69918766,Rua Floresta,- de 554/555 ao fim,Conquista,7735,1
69918768,Travessa Horta,,Conquista,7735,1
69918770,Travessa Horta 2,,Conquista,7735,1
69918772,Rua Novo Horizonte,- de 401/402 ao fim,Conquista,7735,1
69918774,Rua Palmares,- de 501/502 ao fim,Conquista,7735,1
69918776,Travessa Belém,,Conquista,7735,1
69918778,Travessa Bangu,,Conquista,7735,1
69918780,Rua Vitória,- até 599/600,Conquista,7735,1
69918782,Rua Chico Mendes,,Conquista,7735,1
69918784,Travessa do Cajueiro,,Conquista,7735,1
69918786,Travessa Sossego,,Conquista,7735,1
69918788,Rua Niterói,,Conquista,7735,1
69918790,Travessa Fiji,,Conquista,7735,1
69918792,Rua José Magalhães,- de 529/530 ao fim,Conquista,7735,1
69918794,Travessa Pituí,,Conquista,7735,1
69918796,Travessa Mutema,,Conquista,7735,1
69918798,Rua Vitória,- de 601/602 ao fim,Conquista,7735,1
69918800,Rua Santa Quitéria,,Conquista,7735,1
69918802,Rua Sapolândia,,Conquista,7735,1
69918803,Rua Horto Florestal,,Conquista,7735,1
69918804,Beco Vitória,,Conquista,7735,1
69918806,Rua Um,,Conquista,7735,1
69918808,Rua Itapuã,- de 349/350 ao fim,Conquista,7735,1
69918810,Rua Dourado,- de 403/404 ao fim,Conquista,7735,1
69918812,Rua Rio Negro,,Conquista,7735,1
69918814,Rua Santa Terezinha,,Conquista,7735,1
69918816,Travessa Beira Rio,,Conquista,7735,1
69918818,Rua Fonte Nova,- de 601/602 ao fim,Conquista,7735,1
69918820,Rua Modelo,,Conquista,7735,1
69918822,Rua Fonte Nova,- até 599/600,Conquista,7735,1
69918824,Rua Japonesa,,Conquista,7735,1
69918826,Rua Morete,,Conquista,7735,1
69918828,Travessa Aldeia,,Conquista,7735,1
69918832,Rua Karen,,Conquista,7735,1
69918834,Rua Aquarela,,Conquista,7735,1
69918836,Rua Padre Cícero,- de 421/422 ao fim,Conquista,7735,1
69918838,Travessa Leme,,Conquista,7735,1
69918840,Rua Botafogo,- até 399/400,Conquista,7735,1
69918842,Rua Dourado,- até 401/402,Conquista,7735,1
69918844,Rua Estudante,,Conquista,7735,1
69918846,Rua Itapuã,- até 347/348,Conquista,7735,1
69918848,Rua Fluminense,,Conquista,7735,1
69918850,Rua Valdomiro Lopes,- de 918 a 1842 - lado par,Conquista,7735,1
69918860,Rua Valdomiro Lopes,- de 1037 a 1843 - lado ímpar,Geraldo Fleming,7735,1
69918862,Rua Manaus,- de 513/514 ao fim,Geraldo Fleming,7735,1
69918864,Rua Conquista,,Geraldo Fleming,7735,1
69918866,Travessa Paraíba,,Geraldo Fleming,7735,1
69918868,Rua Acimar Leitão,,Geraldo Fleming,7735,1
69918870,Rua Belo Jardim,,Geraldo Fleming,7735,1
69918880,Rua Manaus,- de 401/402 a 511/512,Residencial Iolanda,7735,1
69918882,Rua Dourado,,Residencial Iolanda,7735,1
69918884,Rua Tâmisa,,Residencial Iolanda,7735,1
69918886,Rua Maracanã,,Residencial Iolanda,7735,1
69918888,Travessa da Conquista,,Residencial Iolanda,7735,1
69918890,Rua Eufrates,,Residencial Iolanda,7735,1
69918892,Rua Mississipe,,Residencial Iolanda,7735,1
69918894,Rua Vila Vintém,,Residencial Iolanda,7735,1
69918896,Rua Nossa Senhora Aparecida,,Residencial Iolanda,7735,1
69918970,Avenida Nações Unidas 2800,,Estação Experimental,7735,1
69919000,Rua Cícero Leão de Paiva,,Loteamento Isaura Parente,7735,1
69919003,Rua Jaguaribe,,Loteamento Isaura Parente,7735,1
69919006,Rua Nossa Senhora Aparecida,,Loteamento Isaura Parente,7735,1
69919009,Rua Tutóia do Maranhão,,Loteamento Isaura Parente,7735,1
69919012,Rua Santa Fé,,Loteamento Isaura Parente,7735,1
69919015,Rua Isaura Parente,- de 2600 a 2800 - lado par,Loteamento Isaura Parente,7735,1
69919018,Rua Manaus,- até 399/400,Loteamento Isaura Parente,7735,1
69919050,Rua Isaura Parente,- de 2802 a 2998 - lado par,Loteamento dos Engenheiros,7735,1
69919053,Rua dos Engenheiros,,Loteamento dos Engenheiros,7735,1
69919056,Rua dos Engenheiros ll,,Loteamento dos Engenheiros,7735,1
69919060,Rua Vista Alegre,,Parque das Palmeiras,7735,1
69919063,Rua dos Médicos,,Parque das Palmeiras,7735,1
69919066,Rua Coral,,Parque das Palmeiras,7735,1
69919069,Rua Recreio,,Parque das Palmeiras,7735,1
69919072,Rua Palmeirinha,,Parque das Palmeiras,7735,1
69919075,Rua Tigre,,Parque das Palmeiras,7735,1
69919078,Rua Palotina,,Parque das Palmeiras,7735,1
69919081,Rua do Parque,,Parque das Palmeiras,7735,1
69919120,Rua Boa Vista,,Conjunto Paulo César de Oliveira,7735,1
69919122,Rua Vitória,,Conjunto Paulo César de Oliveira,7735,1
69919124,Rua Geni Formiga,,Conjunto Paulo César de Oliveira,7735,1
69919126,Rua dos Morenos,,Conjunto Paulo César de Oliveira,7735,1
69919128,Rua Jaqueline,,Conjunto Paulo César de Oliveira,7735,1
69919130,Rua do Bosque,,Conjunto Paulo César de Oliveira,7735,1
69919132,Rua Isaura Parente,- de 3000 ao fim - lado par,Conjunto Paulo César de Oliveira,7735,1
69919140,Estrada Dias Martins,- até 230 - lado par,Residencial Petrópolis,7735,1
69919143,Rua Petrópolis,,Residencial Petrópolis,7735,1
69919180,Estrada Dias Martins,- de 232 a 790 - lado par,Conjunto Mariana,7735,1
69919182,Avenida Recanto Verde,,Residencial Petrópolis,7735,1
69919184,Rua Felicidade,,Conjunto Mariana,7735,1
69919186,Rua Paraíso,,Conjunto Mariana,7735,1
69919188,Travessa Macauã,,Conjunto Mariana,7735,1
69919190,Rua Vitória,,Conjunto Mariana,7735,1
69919192,Travessa Brunei,,Conjunto Mariana,7735,1
69919194,Rua Boa Vista,,Conjunto Mariana,7735,1
69919196,Rua Alegria,,Conjunto Mariana,7735,1
69919198,Rua Bom Retiro,,Conjunto Mariana,7735,1
69919200,Rua da Liberdade,,Conjunto Mariana,7735,1
69919202,Estrada Alberto Torres,- até 799/800,Conjunto Mariana,7735,1
69919230,Estrada Alberto Torres,- de 801/802 ao fim,Paz,7735,1
69919232,Travessa Banho de Cheiro,,Paz,7735,1
69919234,Travessa Anápolis,,Paz,7735,1
69919236,Travessa da Lagoa,,Paz,7735,1
69919238,Travessa Natal,,Paz,7735,1
69919240,Travessa Ano Novo,,Paz,7735,1
69919242,Rua Campinas,,Paz,7735,1
69919244,Travessa Jaciara,,Paz,7735,1
69919248,Travessa Jarú,,Paz,7735,1
69919250,Travessa Santa Clara,,Paz,7735,1
69919252,Travessa Catanduva,,Paz,7735,1
69919254,Rua Valdomiro Lopes,- de 1845 ao fim - lado ímpar,Paz,7735,1
69919256,Rua Valdomiro Lopes,- de 1844 ao fim - lado par,Paz,7735,1
69919258,Travessa Rodrigues,,Paz,7735,1
69919260,Rua Padre Cícero,,Paz,7735,1
69919262,Travessa São Cristóvão,,Paz,7735,1
69919264,Rua Botafogo,- de 401/402 ao fim,Paz,7735,1
69919266,Travessa Valério,,Paz,7735,1
69919268,Travessa Mâncio Lima,,Paz,7735,1
69919270,Travessa Felicidade,,Paz,7735,1
69919272,Travessa Raimundo Neves,,Paz,7735,1
69919274,Travessa da Paz,,Paz,7735,1
69919276,Travessa Anápolis 1,,Paz,7735,1
69919278,Beco Anápolis,,Paz,7735,1
69919280,Beco Anápolis 2,,Paz,7735,1
69919330,Rua Roxinho,,Loteamento Joafra,7735,1
69919332,Rua Projetada 900,,Loteamento Joafra,7735,1
69919334,Rua Nanain,,Loteamento Joafra,7735,1
69919336,Rua Projetada 540,,Loteamento Joafra,7735,1
69919338,Rua Platano,,Loteamento Joafra,7735,1
69919340,Rua Aliança com Cristo,,Loteamento Joafra,7735,1
69919342,Rua Acácio,,Loteamento Joafra,7735,1
69919344,Rua Imbúia,,Loteamento Joafra,7735,1
69919348,Rua Projetada 12,,Loteamento Joafra,7735,1
69919350,Travessa Mulateiro,,Loteamento Joafra,7735,1
69919352,Rua Projetada 891,,Loteamento Joafra,7735,1
69919354,Rua Projetada 857,,Loteamento Joafra,7735,1
69919356,Rua Projetada 898,,Loteamento Joafra,7735,1
69919358,Rua Projetada 897,,Loteamento Joafra,7735,1
69919360,Rua Projetada 896,,Loteamento Joafra,7735,1
69919362,Rua Jequitibá,,Loteamento Joafra,7735,1
69919364,Rua Projetada 856,,Loteamento Joafra,7735,1
69919366,Travessa Amarelão,,Loteamento Joafra,7735,1
69919368,Rua Projetada 892,,Loteamento Joafra,7735,1
69919370,Rua Projetada 991,,Loteamento Joafra,7735,1
69919372,Rua Projetada 890,,Loteamento Joafra,7735,1
69919376,Rua Projetada 888,,Loteamento Joafra,7735,1
69919378,Rua Belo Jardim,,Loteamento Joafra,7735,1
69919380,Rua Eldorado,,Loteamento Joafra,7735,1
69919382,Rua Cidade Nova,,Loteamento Joafra,7735,1
69919386,Rua Belo Horizonte,,Loteamento Joafra,7735,1
69919388,Rua Elise,,Loteamento Joafra,7735,1
69919390,Rua da Paz,,Loteamento Joafra,7735,1
69919392,Rua da Amizade,,Loteamento Joafra,7735,1
69919394,Rua Projetada 25,,Loteamento Joafra,7735,1
69919396,Rua Projetada 17,,Loteamento Joafra,7735,1
69919398,Rua Projetada 19,,Loteamento Joafra,7735,1
69919400,Rua Cedro,,Loteamento Joafra,7735,1
69919402,Rua Porto Velho,,Loteamento Joafra,7735,1
69919404,Rua Marte,,Loteamento Joafra,7735,1
69919406,Rua Girassol,,Loteamento Joafra,7735,1
69919408,Rua Manaus,,Loteamento Joafra,7735,1
69919410,Travessa Dourado,,Loteamento Joafra,7735,1
69919412,Rua da Alegria,,Loteamento Joafra,7735,1
69919500,Rua Governador Edmundo Pinto,,Jardim Brasil,7735,1
69919502,Rua Tancredo Neves,,Jardim Brasil,7735,1
69919504,Rua Francisco Marcos,,Jardim Brasil,7735,1
69919506,Rua Alexandre,,Jardim Brasil,7735,1
69919508,Rua Edmundo Pinto,,Jardim Brasil,7735,1
69919510,Rua Osvaldo Dilson,,Jardim Brasil,7735,1
69919512,Travessa Osvaldo Dilson,,Jardim Brasil,7735,1
69919600,Estrada Dias Martins,- de 792 a 1590 - lado par,Jardim Primavera,7735,1
69919602,Rua das Rosas,,Jardim Primavera,7735,1
69919604,Rua das Papoulas,,Jardim Primavera,7735,1
69919606,Rua Hortências,,Jardim Primavera,7735,1
69919610,Rua Cravos,,Jardim Primavera,7735,1
69919612,Rua Azaléia,,Jardim Primavera,7735,1
69919614,Rua Girassol,,Jardim Primavera,7735,1
69919616,Rua Bouganville,,Jardim Primavera,7735,1
69919618,Rua Primavera,,Jardim Primavera,7735,1
69919620,Rua Samambaia,,Jardim Primavera,7735,1
69919622,Rua Ametista,,Jardim Primavera,7735,1
69919624,Rua Violetas,,Jardim Primavera,7735,1
69919626,Beco das Rosas,,Jardim Primavera,7735,1
69919628,Rua Tulipas,,Jardim Primavera,7735,1
69919630,Rua Orquídeas,,Jardim Primavera,7735,1
69919632,Rua Margaridas,,Jardim Primavera,7735,1
69919634,Rua das Adálias,,Jardim Primavera,7735,1
69919636,Rua Jasmim,,Jardim Primavera,7735,1
69919638,Rua das Violetas,,Jardim Primavera,7735,1
69919640,Rua dos Ibiscos,,Jardim Primavera,7735,1
69919670,Rodovia BR-364,(Rio Branco-Cruzeiro do Sul) - de 3580/3581 a 5099/5100,Conjunto Tucumã,7735,1
69919673,Avenida Oeste,,Conjunto Tucumã,7735,1
69919676,Avenida Sul,,Conjunto Tucumã,7735,1
69919679,Travessa Ametista,,Conjunto Tucumã,7735,1
69919682,Rua S6,,Conjunto Tucumã,7735,1
69919685,Rua C,,Conjunto Tucumã,7735,1
69919688,Rua S5,,Conjunto Tucumã,7735,1
69919691,Rua S4,,Conjunto Tucumã,7735,1
69919694,Rua B,,Conjunto Tucumã,7735,1
69919697,Rua S3,,Conjunto Tucumã,7735,1
69919700,Rua A,,Conjunto Tucumã,7735,1
69919703,Rua S2,,Conjunto Tucumã,7735,1
69919706,Rua S1,,Conjunto Tucumã,7735,1
69919709,Rua W2A,,Conjunto Tucumã,7735,1
69919712,Avenida Central,,Conjunto Tucumã,7735,1
69919715,Rua W2,,Conjunto Tucumã,7735,1
69919718,Rua W4,,Conjunto Tucumã,7735,1
69919721,Rua W6,,Conjunto Tucumã,7735,1
69919724,Rua W8,,Conjunto Tucumã,7735,1
69919727,Rua W10,,Conjunto Tucumã,7735,1
69919730,Rua W12,,Conjunto Tucumã,7735,1
69919733,Avenida Mônaco,,Conjunto Tucumã,7735,1
69919736,Avenida Sudoeste,,Conjunto Tucumã,7735,1
69919739,Avenida Nordeste,- de 721/722 ao fim,Conjunto Tucumã,7735,1
69919742,Rua W11,,Conjunto Tucumã,7735,1
69919745,Rua Ocidente,,Conjunto Tucumã,7735,1
69919748,Rua Malta,,Conjunto Tucumã,7735,1
69919751,Rua Gerônimo Alves de Lima,,Conjunto Tucumã,7735,1
69919754,Rua W9,,Conjunto Tucumã,7735,1
69919757,Rua W16,,Conjunto Tucumã,7735,1
69919760,Rua W7,,Conjunto Tucumã,7735,1
69919766,Rua W5,,Conjunto Tucumã,7735,1
69919769,Rua W3,,Conjunto Tucumã,7735,1
69919772,Rua W13,,Conjunto Tucumã,7735,1
69919775,Rua W1,,Conjunto Tucumã,7735,1
69919778,Avenida Nordeste,- até 719/720,Conjunto Tucumã,7735,1
69919781,Avenida Central ll,,Conjunto Tucumã,7735,1
69919784,Avenida Norte,,Conjunto Tucumã,7735,1
69919787,Rua N7,,Conjunto Tucumã,7735,1
69919790,Avenida W67,,Conjunto Tucumã,7735,1
69919793,Rua N6,,Conjunto Tucumã,7735,1
69919796,Rua N37,,Conjunto Tucumã,7735,1
69919797,Rua W37,,Conjunto Tucumã,7735,1
69919799,Rua N5,,Conjunto Tucumã,7735,1
69919802,Rua W46,,Conjunto Tucumã,7735,1
69919805,Rua N4,,Conjunto Tucumã,7735,1
69919808,Rua W24,,Conjunto Tucumã,7735,1
69919811,Rua N3,,Conjunto Tucumã,7735,1
69919814,Rua N13,,Conjunto Tucumã,7735,1
69919817,Rua N2,,Conjunto Tucumã,7735,1
69919820,Rua N1,,Conjunto Tucumã,7735,1
69919823,Rua Via Arterial Rui Lino,,Conjunto Tucumã,7735,1
69919830,Rua Padre Paulino,,Conjunto Rui Lino,7735,1
69919832,Rua L,,Conjunto Rui Lino,7735,1
69919834,Rua India Porã,,Conjunto Rui Lino,7735,1
69919836,Rua Mirassol,,Conjunto Rui Lino,7735,1
69919838,Rua Fernandópolis,,Conjunto Rui Lino,7735,1
69919840,Rua Guarani,,Conjunto Rui Lino,7735,1
69919842,Travessa Francisco Aguiar,,Conjunto Rui Lino,7735,1
69919844,Rua Estrela,,Conjunto Rui Lino,7735,1
69919846,Travessa Mogno,,Conjunto Rui Lino,7735,1
69919848,Rua Francisco Montilha,,Conjunto Rui Lino,7735,1
69919850,Avenida Governador Edmundo Pinto,,Conjunto Rui Lino,7735,1
69919852,Rua Brasilândia,,Conjunto Rui Lino,7735,1
69919854,Rua Projetada 250,,Conjunto Rui Lino,7735,1
69919856,Rua São Damião,,Conjunto Rui Lino,7735,1
69919858,Rua São Cosmo,,Conjunto Rui Lino,7735,1
69919860,Rua Santa Edvirges,,Conjunto Rui Lino,7735,1
69919862,Rua Amoty Pascoal,,Conjunto Rui Lino,7735,1
69919864,Rua Projetada 21,,Conjunto Rui Lino,7735,1
69919866,Rua Projetada 22,,Conjunto Rui Lino,7735,1
69919868,Rua Amor,,Conjunto Rui Lino,7735,1
69919870,Rua Projetada 23,,Conjunto Rui Lino,7735,1
69919872,Rua Flor do Caribe,,Conjunto Rui Lino,7735,1
69920020,Rua Melancia,- de 401/402 ao fim,Mocinha Magalhães,7735,1
69920022,Rua Francisco Rafael,,Mocinha Magalhães,7735,1
69920024,Travessa Belo Jardim,,Mocinha Magalhães,7735,1
69920026,Beco Viveiro da Amazônia,,Mocinha Magalhães,7735,1
69920028,Rua São Francisco,,Mocinha Magalhães,7735,1
69920030,Rua do Côco,,Mocinha Magalhães,7735,1
69920032,Beco do Manoel,,Mocinha Magalhães,7735,1
69920034,Rua da Laranja,- até 653/654,Mocinha Magalhães,7735,1
69920036,Rua da Pitanga,,Mocinha Magalhães,7735,1
69920038,Travessa Limão,,Mocinha Magalhães,7735,1
69920040,Beco do Açaí,,Mocinha Magalhães,7735,1
69920042,Beco da Pitanga,,Mocinha Magalhães,7735,1
69920044,Rua Maçã,,Mocinha Magalhães,7735,1
69920046,Rua do Tucumã,,Mocinha Magalhães,7735,1
69920048,Rua do Limão,,Mocinha Magalhães,7735,1
69920050,Beco do Alencar,,Mocinha Magalhães,7735,1
69920052,Travessa da Banana,,Mocinha Magalhães,7735,1
69920054,Beco do Cajú,,Mocinha Magalhães,7735,1
69920056,Beco do Limão,,Mocinha Magalhães,7735,1
69920058,Rua da Banana,,Mocinha Magalhães,7735,1
69920060,Travessa Graviola,,Mocinha Magalhães,7735,1
69920062,Rua do Cajú,- de 401/402 ao fim,Mocinha Magalhães,7735,1
69920064,Travessa Cajarana,,Mocinha Magalhães,7735,1
69920066,Rua Melancia,- até 399/400,Mocinha Magalhães,7735,1
69920068,Rua Mamão,,Mocinha Magalhães,7735,1
69920070,Rua Ingá,,Mocinha Magalhães,7735,1
69920072,Beco da Ingá,,Mocinha Magalhães,7735,1
69920074,Beco do Deracre,,Mocinha Magalhães,7735,1
69920076,Rua da Laranja,- de 655/656 ao fim,Mocinha Magalhães,7735,1
69920078,Travessa Cupuaçu,,Mocinha Magalhães,7735,1
69920080,Rua Maracujá,,Mocinha Magalhães,7735,1
69920082,Rua do Cajú,- até 399/400,Mocinha Magalhães,7735,1
69920084,Travessa da Melancia,,Mocinha Magalhães,7735,1
69920086,Beco do Maracujá,,Mocinha Magalhães,7735,1
69920088,Rua Carambola,,Mocinha Magalhães,7735,1
69920090,Rua Manga,,Mocinha Magalhães,7735,1
69920092,Travessa Cajá,,Mocinha Magalhães,7735,1
69920160,Rua Major Jenor,,Distrito Industrial,7735,1
69920163,Travessa Lisboa,,Distrito Industrial,7735,1
69920166,Rua Edmundo Pinto,,Distrito Industrial,7735,1
69920169,Travessa Catalúnia,,Distrito Industrial,7735,1
69920172,Rua Major Gesner,,Distrito Industrial,7735,1
69920175,Rua das Acácias,- até 399/400,Distrito Industrial,7735,1
69920178,Travessa São José,,Distrito Industrial,7735,1
69920181,Rua São Marcos,,Distrito Industrial,7735,1
69920184,Travessa Isaac Benchimol,,Distrito Industrial,7735,1
69920187,Travessa Café,,Distrito Industrial,7735,1
69920190,Rua do Café,,Distrito Industrial,7735,1
69920193,Rodovia BR-364,(Rio Branco-Cruzeiro do Sul) - de 5101/5102 a 7999/8000,Distrito Industrial,7735,1
69920196,Travessa Dias Martins,,Distrito Industrial,7735,1
69920199,Travessa do Canal,,Distrito Industrial,7735,1
69920202,Rua das Acácias,- de 401/402 ao fim,Distrito Industrial,7735,1
69920205,Rua 12,,Distrito Industrial,7735,1
69920208,Rua Cerâmica,,Distrito Industrial,7735,1
69920211,Rua 13,,Distrito Industrial,7735,1
69920214,Rua Ademar Ferreira,,Distrito Industrial,7735,1
69920217,Rua São José,,Distrito Industrial,7735,1
69920220,Travessa das Acácias,,Distrito Industrial,7735,1
69920223,Rodovia BR-364,(Rio Branco-Cruzeiro do Sul) - de 8001/8002 a 11999/12000,Distrito Industrial,7735,1
69920310,Rodovia BR-364,(Rio Branco-Cruzeiro do Sul) - de 12001/12002 ao fim,Loteamento Vila Maria,7735,1
69920313,Avenida C,,Loteamento Vila Maria,7735,1
69920316,Avenida B,,Loteamento Vila Maria,7735,1
69920319,Rua Gabrielly,,Loteamento Vila Maria,7735,1
69920322,Rua B,,Loteamento Vila Maria,7735,1
69920325,Avenida E,,Loteamento Vila Maria,7735,1
69920900,Rodovia BR-364 6000,,Distrito Industrial,7735,1
69920970,Rodovia BR-364 6000,,Distrito Industrial,7735,1
69921001,Rua 11,,Raimundo Melo,7735,1
69921002,Rua 25 de Dezembro,,Raimundo Melo,7735,1
69921004,Rua da Paz,,Raimundo Melo,7735,1
69921006,Rua Doutor Mário Maia,,Raimundo Melo,7735,1
69921008,Rua Professor Ribamar,,Raimundo Melo,7735,1
69921010,Rua João Maurício da Cunha,,Raimundo Melo,7735,1
69921012,Avenida Getúlio Vargas,- de 3837 ao fim - lado ímpar,Raimundo Melo,7735,1
69921014,Rua José de Melo,,Raimundo Melo,7735,1
69921016,Rua Pantanal,,Raimundo Melo,7735,1
69921018,Avenida Getúlio Vargas,- de 3836 ao fim - lado par,Raimundo Melo,7735,1
69921020,Rua São Francisco,,Raimundo Melo,7735,1
69921022,Rua Francisco Bezerra,,Raimundo Melo,7735,1
69921024,Rua Alvorada,,Raimundo Melo,7735,1
69921026,Rua Princesa Isabel,,Raimundo Melo,7735,1
69921028,Travessa Manoel Julião,,Raimundo Melo,7735,1
69921030,Avenida Juscelino Kubitschek,,Raimundo Melo,7735,1
69921032,Rua Terra,,Raimundo Melo,7735,1
69921034,Rua Edmundo Pinto,,Raimundo Melo,7735,1
69921036,Avenida São Pedro,,Raimundo Melo,7735,1
69921038,Rua 7 de Setembro,,Raimundo Melo,7735,1
69921070,Avenida Antônio da Rocha Viana,- de 4010 ao fim - lado par,Vila Nova,7735,1
69921072,Rua José Bispo,,Vila Nova,7735,1
69921074,Rua Adam Smith,,Vila Nova,7735,1
69921076,Rua Raul Pompéia,,Vila Nova,7735,1
69921078,Rua Santa Maria,,Vila Nova,7735,1
69921080,Rua Otávio Braga,,Vila Nova,7735,1
69921082,Rua 12 de Abril,,Vila Nova,7735,1
69921084,Avenida Antônio da Rocha Viana,- de 4011 ao fim - lado ímpar,Vila Nova,7735,1
69921086,Rua do Manoelito,,Vila Nova,7735,1
69921088,Travessa da Zeli,,Vila Nova,7735,1
69921090,Rua da Zeli,,Vila Nova,7735,1
69921092,Rua do Centro,,Vila Nova,7735,1
69921094,Rua Copaíba,,Vila Nova,7735,1
69921110,Rua Mogno,,Loteamento Novo Horizonte,7735,1
69921112,Rua Bálsamo,,Loteamento Novo Horizonte,7735,1
69921114,Rua Guariúba,,Loteamento Novo Horizonte,7735,1
69921116,Rua Jacarandá,,Loteamento Novo Horizonte,7735,1
69921118,Rua Jatobá,,Loteamento Novo Horizonte,7735,1
69921120,Rua Cedro,,Loteamento Novo Horizonte,7735,1
69921122,Avenida Cerejeira,,Loteamento Novo Horizonte,7735,1
69921124,Rua Aroeira,,Loteamento Novo Horizonte,7735,1
69921126,Rua Angelim,,Loteamento Novo Horizonte,7735,1
69921128,Rua Itaúba,,Loteamento Novo Horizonte,7735,1
69921130,Rua Quariquara,,Loteamento Novo Horizonte,7735,1
69921132,Rua Castanheira,,Loteamento Novo Horizonte,7735,1
69921134,Estrada Raimundo Irineu Serra,- até 999/1000,Loteamento Novo Horizonte,7735,1
69921136,Rua Antenor Alencar,,Loteamento Novo Horizonte,7735,1
69921150,Rua Mara,,Conjunto Adalberto Sena,7735,1
69921152,Rua Jaçanã,,Conjunto Adalberto Sena,7735,1
69921154,Rua Gaivota,,Conjunto Adalberto Sena,7735,1
69921156,Rua Bem-te-vi,,Conjunto Adalberto Sena,7735,1
69921158,Rua João Costa,,Conjunto Adalberto Sena,7735,1
69921160,Rua Sabiá,,Conjunto Adalberto Sena,7735,1
69921162,Rua João Nascimento,,Conjunto Adalberto Sena,7735,1
69921164,Rua Uirapuru,,Conjunto Adalberto Sena,7735,1
69921166,Rua Buriti,,Conjunto Adalberto Sena,7735,1
69921168,Rua Limoeiro,,Conjunto Adalberto Sena,7735,1
69921170,Rua do Coqueiro,,Conjunto Adalberto Sena,7735,1
69921172,Rua Laranjeira,,Conjunto Adalberto Sena,7735,1
69921174,Rua Castanheira,,Conjunto Adalberto Sena,7735,1
69921176,Travessa Jambú,,Conjunto Adalberto Sena,7735,1
69921178,Rua Beija-flor,,Conjunto Adalberto Sena,7735,1
69921180,Rua Japim,,Conjunto Adalberto Sena,7735,1
69921182,Travessa Araçá,,Conjunto Adalberto Sena,7735,1
69921184,Travessa Glicério Gomes,,Conjunto Adalberto Sena,7735,1
69921186,Rua Padre Casa Vecchia,,Conjunto Adalberto Sena,7735,1
69921188,Rua Mamoeiro,,Conjunto Adalberto Sena,7735,1
69921190,Rua Orquídeas,,Conjunto Adalberto Sena,7735,1
69921192,Rua Cajueiro,,Conjunto Adalberto Sena,7735,1
69921194,Rua Mangueira,,Conjunto Adalberto Sena,7735,1
69921196,Rua Bananeira,,Conjunto Adalberto Sena,7735,1
69921198,Rua Gavião,,Conjunto Adalberto Sena,7735,1
69921230,Estrada de Porto Acre,- até 999/1000,Alto Alegre,7735,1
69921232,Rua Padre Eustáquio,,Alto Alegre,7735,1
69921234,Rua Marte,,Alto Alegre,7735,1
69921236,Rua 2 de Abril,,Alto Alegre,7735,1
69921238,Rua Flamengo,,Alto Alegre,7735,1
69921240,Rua 1º de Março,,Alto Alegre,7735,1
69921242,Rua Projetada 1204,,Alto Alegre,7735,1
69921244,Rua 19 de Novembro,,Alto Alegre,7735,1
69921246,Rua Itumbiara,,Alto Alegre,7735,1
69921248,Estrada Juarez Távora,- até 547/548,Alto Alegre,7735,1
69921272,Travessa São Pedro,,Alto Alegre,7735,1
69921274,Travessa Paraíba,,Alto Alegre,7735,1
69921276,Rua Baixa Verde,,Alto Alegre,7735,1
69921278,Travessa Santarém,,Alto Alegre,7735,1
69921280,Travessa do Beijo,,Alto Alegre,7735,1
69921282,Estrada de Porto Acre,- de 1001/1002 ao fim,Alto Alegre,7735,1
69921284,Rua do Brejo,,Alto Alegre,7735,1
69921286,Rua Maria do Socorro,,Alto Alegre,7735,1
69921288,Rua Maceió,,Alto Alegre,7735,1
69921290,Travessa 3 de Julho,,Alto Alegre,7735,1
69921292,Rua Paulistana,,Alto Alegre,7735,1
69921294,Beco Bacural,,Alto Alegre,7735,1
69921296,Travessa Cerâmica,,Alto Alegre,7735,1
69921298,Travessa 3 de Junho,,Alto Alegre,7735,1
69921300,Travessa Jaciara,,Alto Alegre,7735,1
69921302,Rua 7 de Setembro,,Alto Alegre,7735,1
69921380,Rua Raimundo Farias,,Montanhês,7735,1
69921383,Travessa Mercúrio,,Montanhês,7735,1
69921386,Travessa Rei Pelé,,Montanhês,7735,1
69921389,Rua São Paulo,,Montanhês,7735,1
69921392,Rua da Uva,,Montanhês,7735,1
69921395,Rua São Francisco,,Montanhês,7735,1
69921398,Rua Água Bonita,,Montanhês,7735,1
69921401,Travessa Paraíba,,Montanhês,7735,1
69921404,Travessa Jacaré Canga,,Montanhês,7735,1
69921407,Travessa Cacau,,Montanhês,7735,1
69921410,Travessa Pêra,,Montanhês,7735,1
69921413,Rua da Carambola,,Montanhês,7735,1
69921416,Travessa Jasmim,,Montanhês,7735,1
69921419,Travessa 3 Meninas,,Montanhês,7735,1
69921422,Travessa Botafogo,,Montanhês,7735,1
69921425,Travessa Brasil,,Montanhês,7735,1
69921428,Travessa Princesinha,,Montanhês,7735,1
69921431,Travessa Melancia,,Montanhês,7735,1
69921434,Avenida Jorge Amado,,Montanhês,7735,1
69921437,Alameda Antonio Pessoa Jucá,- de 3125/3126 a 3525/3526,Montanhês,7735,1
69921440,Alameda Antonio Pessoa Jucá,- de 3527/3528 ao fim,Montanhês,7735,1
69921443,Avenida da Fazenda,,Montanhês,7735,1
69921446,Rua da Paz,,Montanhês,7735,1
69921449,Rua da Amizade,,Montanhês,7735,1
69921452,Rua Bom Jesus,,Montanhês,7735,1
69921455,Rua Flamengo,,Montanhês,7735,1
69921458,Rua Manaus,,Montanhês,7735,1
69921461,Rua da Imbaúba,,Montanhês,7735,1
69921464,Rua Raimundo Melo,,Montanhês,7735,1
69921467,Travessa da Reserva,,Montanhês,7735,1
69921470,Rua da Reserva,,Montanhês,7735,1
69921473,Travessa Benjamin,,Montanhês,7735,1
69921476,Rua Poder Pentecostal,,Montanhês,7735,1
69921479,Travessa Acre,,Montanhês,7735,1
69921482,Rua Projetada 769,,Montanhês,7735,1
69921485,Rua Tropical,,Montanhês,7735,1
69921488,Rua Princesa Isabel,,Montanhês,7735,1
69921491,Travessa da Alegria,,Montanhês,7735,1
69921494,Travessa Rio Branco,,Montanhês,7735,1
69921497,Travessa Piauí,,Montanhês,7735,1
69921500,Travessa Antares,,Montanhês,7735,1
69921503,Travessa União,,Montanhês,7735,1
69921506,Travessa Dourado,,Montanhês,7735,1
69921509,Travessa Marte,,Montanhês,7735,1
69921512,Rua Projetada 995,,Montanhês,7735,1
69921515,Travessa dos Diretores,,Montanhês,7735,1
69921518,Rua Pôr-do-sol,,Montanhês,7735,1
69921521,Travessa Tambuatá,,Montanhês,7735,1
69921524,Rua 21,,Montanhês,7735,1
69921527,Travessa Vasco da Gama,,Montanhês,7735,1
69921530,Travessa do Cajueiro,,Montanhês,7735,1
69921533,Rua 25 de Dezembro,- de 1101/1102 ao fim,Montanhês,7735,1
69921536,Rua Porto Velho,,Montanhês,7735,1
69921539,Rua da Esperança,,Montanhês,7735,1
69921542,Rua 32,,Montanhês,7735,1
69921545,Rua Senador Mário Maia,,Montanhês,7735,1
69921548,Rua Nassau,,Montanhês,7735,1
69921551,Rua Antonio Pereira da Silva,,Montanhês,7735,1
69921554,Travessa da Vitória,,Montanhês,7735,1
69921557,Rua João Minas Coelho,,Montanhês,7735,1
69921560,Rua Senador,,Montanhês,7735,1
69921680,Rua das Palmeiras,,Tancredo Neves,7735,1
69921683,Rua Bandeirantes,,Tancredo Neves,7735,1
69921686,Rua Anhandui,,Tancredo Neves,7735,1
69921689,Rua Deodápolis,,Tancredo Neves,7735,1
69921692,Rua Coxim,,Tancredo Neves,7735,1
69921695,Rua Família,,Tancredo Neves,7735,1
69921698,Rua Flamengo,,Tancredo Neves,7735,1
69921701,Rua Beija-flor,,Tancredo Neves,7735,1
69921704,Rua da Paz,,Tancredo Neves,7735,1
69921707,Travessa Guanabara,,Tancredo Neves,7735,1
69921710,Travessa da Abelha,,Tancredo Neves,7735,1
69921713,Rua 25 de Dezembro,- de 513/514 a 1099/1100,Tancredo Neves,7735,1
69921716,Rua Nossa Senhora Aparecida,,Tancredo Neves,7735,1
69921719,Rua Plácido de Castro,,Tancredo Neves,7735,1
69921722,Rua Rio Branco,,Tancredo Neves,7735,1
69921725,Alameda Antonio Pessoa Jucá,- de 1501/1502 a 3123/3124,Tancredo Neves,7735,1
69921728,Rua São Francisco,,Tancredo Neves,7735,1
69921731,Beco São Jorge,,Tancredo Neves,7735,1
69921734,Rua da Olaria,,Tancredo Neves,7735,1
69921737,Travessa Maracanã,,Tancredo Neves,7735,1
69921740,Travessa Rei Pelé,,Tancredo Neves,7735,1
69921743,Travessa Monte Alegre,,Tancredo Neves,7735,1
69921746,Travessa 25 de dezembro,,Tancredo Neves,7735,1
69921749,Rua Rio de Janeiro,,Tancredo Neves,7735,1
69921752,Rua Luiz Moraes,,Tancredo Neves,7735,1
69921755,Rua São Caetano,,Tancredo Neves,7735,1
69921758,Rua 8 de Março,,Tancredo Neves,7735,1
69921761,Rua Ayrton Senna,,Tancredo Neves,7735,1
69921764,Rua Meire Alves da Silva,,Tancredo Neves,7735,1
69921767,Travessa Ayrton Senna,,Tancredo Neves,7735,1
69921770,Travessa Beija-flor,,Tancredo Neves,7735,1
69921773,Travessa Vitória,,Tancredo Neves,7735,1
69921776,Travessa Ceará,,Tancredo Neves,7735,1
69921779,Travessa Fortaleza,,Tancredo Neves,7735,1
69921782,Rua Dona Ideuzuite Alves,,Tancredo Neves,7735,1
69921785,Rua São José,,Tancredo Neves,7735,1
69921791,Travessa São Pedro,,Tancredo Neves,7735,1
69921794,Alameda Antonio Pessoa Jucá,- até 1499/1500,Tancredo Neves,7735,1
69921797,Travessa 1º de Maio,,Tancredo Neves,7735,1
69921800,Rua 12 de Junho,,Tancredo Neves,7735,1
69921803,Rua 7 de Setembro,,Tancredo Neves,7735,1
69921806,Rua 25 de Dezembro,- até 511/512,Tancredo Neves,7735,1
69921830,Rua Vasco da Gama,,Defesa Civil,7735,1
69921833,Avenida Mário Maia,,Defesa Civil,7735,1
69921836,Rua Corinthians,,Defesa Civil,7735,1
69921839,Travessa Santos,,Defesa Civil,7735,1
69921842,Rua Eupídio Moreira,,Defesa Civil,7735,1
69921845,Travessa Palmeiras,,Defesa Civil,7735,1
69921848,Rua Botafogo,,Defesa Civil,7735,1
69921851,Rua Independência,,Defesa Civil,7735,1
69921854,Rua Marcelino Champagnat,,Defesa Civil,7735,1
69921857,Rua São Paulo,,Defesa Civil,7735,1
69921860,Rua Juventus,,Defesa Civil,7735,1
69921863,Rua Rio Branco,,Defesa Civil,7735,1
69921866,Rua Brasil,,Defesa Civil,7735,1
69921869,Rua Projetada 1011,,Defesa Civil,7735,1
69921872,Rua Fluminense,,Defesa Civil,7735,1
69922002,Travessa Botaboram,,Jorge Lavocat,7735,1
69922004,Rua Zaire,,Jorge Lavocat,7735,1
69922006,Rua Aparecida do Taboada,,Jorge Lavocat,7735,1
69922008,Rua João Antônio,,Jorge Lavocat,7735,1
69922010,Rua Bela Vista,,Jorge Lavocat,7735,1
69922012,Rua Bons Amigos,,Jorge Lavocat,7735,1
69922014,Rua Eldorado,,Jorge Lavocat,7735,1
69922016,Rua Xangai,,Jorge Lavocat,7735,1
69922018,Rua Jerusalém II,,Jorge Lavocat,7735,1
69922020,Rua Jorge Amado II,,Jorge Lavocat,7735,1
69922022,Rua Vitória II,,Jorge Lavocat,7735,1
69922024,Rua Xingu,,Jorge Lavocat,7735,1
69922026,Rua Primavera,,Jorge Lavocat,7735,1
69922028,Rua Savana,,Jorge Lavocat,7735,1
69922030,Travessa da Paz,,Jorge Lavocat,7735,1
69922034,Rua São Jorge,,Jorge Lavocat,7735,1
69922036,Rua Maracajá,,Jorge Lavocat,7735,1
69922038,Avenida Caracas,,Jorge Lavocat,7735,1
69922040,Rua Nioaque,,Jorge Lavocat,7735,1
69922042,Rua Maria Mercedes,,Jorge Lavocat,7735,1
69922044,Rua João Porfírio,,Jorge Lavocat,7735,1
69922046,Rua 12 de Junho,,Jorge Lavocat,7735,1
69922048,Rua Rio Branco,,Jorge Lavocat,7735,1
69922050,Avenida Trípole,,Jorge Lavocat,7735,1
69922052,Rua Fátima do Sul II,,Jorge Lavocat,7735,1
69922054,Rua São José,,Jorge Lavocat,7735,1
69922056,Rua Figueiredo,,Jorge Lavocat,7735,1
69922058,Travessa Jaime de Lima,,Jorge Lavocat,7735,1
69922060,Rua Nova Alvorada,,Jorge Lavocat,7735,1
69922200,Estrada Raimundo Irineu Serra,- de 1001/1002 ao fim,Irineu Serra,7735,1
69922203,Rua Antonio Gomes,,Irineu Serra,7735,1
69922206,Rua Percilia Matos da Silva,,Irineu Serra,7735,1
69922209,Rua José das Neves,,Irineu Serra,7735,1
69922212,Rua Germano Guilherme,,Irineu Serra,7735,1
69922215,Rua Maria Damião,,Irineu Serra,7735,1
69922218,Rua João Pereira,,Irineu Serra,7735,1
69922221,Rua Leoncio Gomes,,Irineu Serra,7735,1
69922224,Ramal Valcirio Genezio,,Irineu Serra,7735,1
69922227,Rua Hortencia da Silva,,Irineu Serra,7735,1
69922250,Rua Tufi,,Irineu Serra,7735,1
69922253,Rua Flor de Jardim,,Irineu Serra,7735,1
69922256,Rua Raimundo Gomes,,Irineu Serra,7735,1
69922259,Rua Aquiles Peret,,Irineu Serra,7735,1
69923000,Avenida Plácido de Castro,,Vila Aeroporto,7735,1
69923900,Avenida Plácido de Castro,,Vila Aeroporto,7735,1
69925000,,,,9233,1
69925970,Avenida Castelo Branco 1750,,Centro,9233,1
69926000,,,,1516,1
69926970,Rua Expedito Pereira de Souza 971,,Centro,1516,1
69927000,,,,7279,1
69927970,Rua Margaridas 131,,Centro,7279,1
69928000,,,,7135,1
69928970,Avenida Diamantino Augusto de Macedo 580,,Centro,7135,1
69929000,,,Campinas,7135,1
69930000,,,,10382,1
69930970,Rua 24 de Janeiro 270,,Centro,10382,1
69931000,,,,2051,1
69931970,Rua Ocimar Tessinari 07,,Conquista,2051,1
69932000,,,,1446,1
69932970,Avenida Prefeito Rolando Moreira 170,,Centro,1446,1
69934000,,,,3184,1
69934970,Avenida Santos Dumont 160,,Centro,3184,1
69935970,Rua Dom Giocondo Maria Grotte 230,,Centro,723,1
69940000,,,,9243,1
69940970,Rua Dom Júlio Matiolli 290,,Centro,9243,1
69945000,,,,40,1
69945970,Avenida Paraná 296,,Centro,40,1
69950000,,,,5371,1
69950970,Rua Valério Caldas Magalhães 92,,Centro,5371,1
69955000,,,,8290,1
69955970,Rua Coronel José Ferreira 1498,,Centro,8290,1
69960000,,,,3354,1
69960970,Avenida Plácido de Castro 871,,Centro,3354,1
69970000,,,,9630,1
69970970,Rua Coronel Juvêncio de Menezes 158,,Centro,9630,1
69975000,,,,4809,1
69975970,"Rua Romildo Magalhães, s/n",,Centro,4809,1
69980000,,,,2821,1
69980970,Rua Rego Barros 73,,Centro,2821,1
69980971,Rodovia BR-364 Km 79,,Comunidade Santa Luzia,2821,1
69982000,,,,7336,1
69982970,"Rua Projetada, s/n",,Centro,7336,1
69983000,,,,5444,1
69983970,Rua 5 de Novembro 125,,Centro,5444,1
69985000,,,,7863,1
69985970,"Avenida Presidente Vargas, s/n",,Centro,7863,1
69990000,,,,5339,1
69990970,Rua Alberto Gadelha 333,,Centro,5339,1
69900442,Rua Dom Pedro II,,Bosque,7735,1
