69900001,Beco Estado do Acre,,Base,7735,1
69900004,Rua Barbosa Lima,,Base,7735,1
69900007,Travessa Feijó,,Base,7735,1
69900010,Rua Estado do Acre,,Base,7735,1
69900013,Travessa Cruzeiro do Sul,,Base,7735,1
69900016,Rua Sena Madureira,,Base,7735,1
69900019,Rua Xapuri,,Base,7735,1
69900022,Beco do Mercado,,Base,7735,1
69900025,Rua Floriano Peixoto,- até 351/352,Base,7735,1
69900028,Avenida Epaminondas Jácome,- de 3121 ao fim - lado ímpar,Base,7735,1
69900031,Travessa Brasiléia,,Base,7735,1
69900034,Avenida Epaminondas Jácome,- de 3122 ao fim - lado par,Base,7735,1
69900037,Rua Plínio Brandão,,Base,7735,1
69900040,Travessa Tarauacá,,Base,7735,1
69900043,Rua Benjamin Constant,- de 1241/1242 ao fim,Base,7735,1
69900046,Rua Floriano Peixoto,- de 353/354 a 478/479,Base,7735,1
69900050,Avenida Epaminondas Jácome,- de 2375 a 3119 - lado ímpar,Centro,7735,1
69900052,Beco Arlindo,,Centro,7735,1
69900054,Praça dos Catraeiros,,Centro,7735,1
69900056,Avenida Epaminondas Jácome,- de 2374 a 3120 - lado par,Centro,7735,1
69900058,Rua Arlindo Porto Leal,,Centro,7735,1
69900060,Avenida Getúlio Vargas,- até 739/740,Centro,7735,1
69900062,Rua Benjamin Constant,- de 500 a 1240 - lado par,Centro,7735,1
69900064,Rua Benjamin Constant,- de 499 a 1239 - lado ímpar,Centro,7735,1
69900066,Rua Marechal Deodoro,- até 301 - lado ímpar,Centro,7735,1
69900068,Rua Marechal Deodoro,- até 302 - lado par,Centro,7735,1
69900070,Rua Quintino Bocaiúva,,Centro,7735,1
69900072,Rua Sergipe,- lado par,Centro,7735,1
69900074,Travessa Sergipe,,Centro,7735,1
69900076,Avenida Brasil,- lado ímpar,Centro,7735,1
69900078,Avenida Brasil,- lado par,Centro,7735,1
69900080,Rua Plácido de Castro,,Centro,7735,1
69900082,Rua Doutor Franco Ribeiro,,Centro,7735,1
69900084,Rua Rui Barbosa,,Centro,7735,1
69900086,Rua Fausto Robalo,,Centro,7735,1
69900088,Avenida Ceará,- de 957 a 1857 - lado ímpar,Centro,7735,1
69900090,Rua Floriano Peixoto,- de 480 ao fim - lado par,Centro,7735,1
69900092,Rua Rio Grande do Sul,- até 141/142,Centro,7735,1
69900094,Travessa da Catedral,,Centro,7735,1
69900096,Travessa da Igreja,,Centro,7735,1
69900098,Rua Graciliano Ramos,,Centro,7735,1
69900100,Rua Floriano Peixoto,- de 481 a 969 - lado ímpar,Papouco,7735,1
69900104,Rua Marechal Rondon,,Papouco,7735,1
69900108,Rua Piauí,- até 137/138,Papouco,7735,1
69900120,Rua Rio Grande do Sul,- de 486/487 a 719/720,Preventório,7735,1
69900123,Rua 25 de Agosto,,Preventório,7735,1
69900126,Rua Goiás,,Preventório,7735,1
69900129,Rua Minas Gerais,- de 520 a 1006 - lado par,Preventório,7735,1
69900132,Rua Minas Gerais,- de 521 a 1007 - lado ímpar,Preventório,7735,1
69900135,Travessa Érico Veríssimo,,Preventório,7735,1
69900138,Rua São Francisco de Assis,,Preventório,7735,1
69900141,Rua Santo Expedito,,Preventório,7735,1
69900144,Rua Chagas Leitoso,,Preventório,7735,1
69900147,Rua dos Santos,,Preventório,7735,1
69900150,Rua Rio Grande do Sul,- de 721/722 a 1499/1500,Preventório,7735,1
69900153,Rua São Geraldo,,Preventório,7735,1
69900156,Beco da Ligação I,,Preventório,7735,1
69900159,Rua Gabino Besouro,,Preventório,7735,1
69900162,Beco da Ligação II,,Preventório,7735,1
69900165,Beco da Ligação III,,Preventório,7735,1
69900168,Beco da Ligação IV,,Preventório,7735,1
69900171,Beco da Ligação V,,Preventório,7735,1
69900174,Beco Horácio Bandeira,,Preventório,7735,1
69900177,Rua Leblon,- de 841/842 ao fim,Preventório,7735,1
69900180,Rua Minas Gerais,- de 1009 ao fim - lado ímpar,Preventório,7735,1
69900183,Travessa Rosa Menezes,,Preventório,7735,1
69900186,Rua Minas Gerais,- de 1008 ao fim - lado par,Preventório,7735,1
69900190,Rua Leblon,- até 839/840,Ivete Vargas,7735,1
69900193,Rua Carneiro Leão,,Ivete Vargas,7735,1
69900196,Rua Itamaracá,- até 199/200,Ivete Vargas,7735,1
69900199,Travessa Doutora Maria Tapajós,,Ivete Vargas,7735,1
69900202,Rua João Reis,,Ivete Vargas,7735,1
69900205,Rua 13 de Maio,,Ivete Vargas,7735,1
69900208,Rua Armando Gama,,Ivete Vargas,7735,1
69900211,Rua Luzia Ferreira,,Ivete Vargas,7735,1
69900214,Rua Rio de Janeiro,- de 1155 a 1465 - lado ímpar,Ivete Vargas,7735,1
69900217,Rua Almiro Daniel,,Ivete Vargas,7735,1
69900220,Rua 25 de Março,,Ivete Vargas,7735,1
69900223,Rua Fé de Deus,,Ivete Vargas,7735,1
69900226,Rua Raimundo Lima,,Ivete Vargas,7735,1
69900229,Travessa Raimundo Lima,,Ivete Vargas,7735,1
69900232,Rua Boa Vista,,Ivete Vargas,7735,1
69900235,Rua Quinha Gomes,,Ivete Vargas,7735,1
69900238,Travessa Jesus de Nazaré,,Ivete Vargas,7735,1
69900241,Rua Jericó,,Ivete Vargas,7735,1
69900244,Rua Belo Horizonte,,Ivete Vargas,7735,1
69900247,Rua Projetada 327,,Ivete Vargas,7735,1
69900250,Rua Osvaldo Cruz,,Ivete Vargas,7735,1
69900253,Beco Jessé Santiago,,Ivete Vargas,7735,1
69900256,Beco Nova Jerusalem,,Ivete Vargas,7735,1
69900259,Rua Rio de Janeiro,- de 913 a 1153 - lado ímpar,Ivete Vargas,7735,1
69900262,Rua Princesa Isabel,,Ivete Vargas,7735,1
69900270,Rua Rio de Janeiro,- de 485 a 911 - lado ímpar,Dom Giocondo,7735,1
69900273,Rua Rio de Janeiro,- de 486 a 910 - lado par,Dom Giocondo,7735,1
69900276,Rua São Paulo,- até 590/591,Dom Giocondo,7735,1
69900279,Rua Major Ladislau Ferreira,- até 519/520,Dom Giocondo,7735,1
69900282,Rua Manoel Rodrigues de Souza,- até 147/148,Dom Giocondo,7735,1
69900285,Travessa Dom Giocondo,,Dom Giocondo,7735,1
69900288,Travessa dos Tratoristas,,Dom Giocondo,7735,1
69900291,Rua dos Professores,,Dom Giocondo,7735,1
69900294,Travessa Bom Pastor,,Dom Giocondo,7735,1
69900297,Rua Raimundo Gama,,Dom Giocondo,7735,1
69900300,Avenida Ceará,- de 2357 a 2829 - lado ímpar,Dom Giocondo,7735,1
69900303,Avenida Ceará,- de 1859 a 2355 - lado ímpar,Dom Giocondo,7735,1
69900306,Rua Pernambuco,- até 484/485,Dom Giocondo,7735,1
69900309,Rua Rio de Janeiro,- até 484 - lado par,Dom Giocondo,7735,1
69900312,Rua Rio de Janeiro,- até 483 - lado ímpar,Dom Giocondo,7735,1
69900315,Rua Minas Gerais,- até 518 - lado par,Dom Giocondo,7735,1
69900318,Rua Minas Gerais,- até 519 - lado ímpar,Dom Giocondo,7735,1
69900321,Rua Piauí,- de 139/140 ao fim,Dom Giocondo,7735,1
69900324,Rua Rio Grande do Sul,- de 143/144 a 484/485,Dom Giocondo,7735,1
69900327,Rua Floriano Peixoto,- de 971 ao fim - lado ímpar,Dom Giocondo,7735,1
69900330,Avenida Ceará,- de 1410 a 1600 - lado par,Ipase,7735,1
69900333,Rua Marechal Deodoro,- de 303/304 a 899/900,Ipase,7735,1
69900336,Rua Thaumaturgo de Azevedo,,Ipase,7735,1
69900339,Travessa Thaumaturgo de Azevedo,,Ipase,7735,1
69900342,Rua Ipase,,Ipase,7735,1
69900345,Rua João Donato,,Ipase,7735,1
69900348,Travessa Campo do Rio Branco,- de 841/842 ao fim,Ipase,7735,1
69900351,Canal da Maternidade,,Ipase,7735,1
69900354,Rua Marechal Deodoro,- de 901/902 ao fim,Ipase,7735,1
69900357,Rua Antônio Monteiro,,Ipase,7735,1
69900360,Rua Alexandre Farhat,- até 149/150,Ipase,7735,1
69900363,Rua Silvestre Coelho,- até 377/378,Ipase,7735,1
69900370,Avenida Getúlio Vargas,- de 742 a 984 - lado par,Bosque,7735,1
69900373,Avenida Getúlio Vargas,- de 741 a 1031 - lado ímpar,Bosque,7735,1
69900376,Travessa da Maternidade,,Bosque,7735,1
69900379,Avenida Ceará,- de 1602 a 2298 - lado par,Bosque,7735,1
69900382,Beco do Brejão,,Bosque,7735,1
69900385,Rua João Onofre,,Bosque,7735,1
69900388,Travessa Copacabana,,Bosque,7735,1
69900391,Travessa São João,,Bosque,7735,1
69900394,Travessa São João II,,Bosque,7735,1
69900397,Travessa Municipalidade,,Bosque,7735,1
69900400,Rua Alagoas,,Bosque,7735,1
69900403,Rua José de Melo,,Bosque,7735,1
69900406,Rua Epaminondas Martins,,Bosque,7735,1
69900409,Rua Cremilda Castor,,Bosque,7735,1
69900412,Travessa Alagoas I,,Bosque,7735,1
69900415,Rua Antônio Camelo,,Bosque,7735,1
69900418,Rua Bela Vista,,Bosque,7735,1
69900421,Rua Pernambuco,- de 486 a 1230 - lado par,Bosque,7735,1
69900424,Travessa Francisco Furtado,,Bosque,7735,1
69900427,Rua Alegre,,Bosque,7735,1
69900430,Beco Neutel Maia,,Bosque,7735,1
69900433,Rua Pernambuco,- de 487 a 1231 - lado ímpar,Bosque,7735,1
69900436,Rua Manoel Cassiano,,Bosque,7735,1
69900439,Rua São Vicente,,Bosque,7735,1
69900445,Rua São Paulo,- de 592/593 ao fim,Bosque,7735,1
69900448,Avenida Ceará,- de 2300 a 2762 - lado par,Bosque,7735,1
69900451,Rua Manoel Rodrigues de Souza,- de 149/150 ao fim,Bosque,7735,1
69900454,Beco Manoel Rodrigues de Souza,,Bosque,7735,1
69900457,Rua Rondônia,- até 280/281,Bosque,7735,1
69900460,Avenida Nações Unidas,- de 1145 a 1485 - lado ímpar,Bosque,7735,1
69900463,Avenida Nações Unidas,- de 665 a 1143 - lado ímpar,Bosque,7735,1
69900466,Avenida Getúlio Vargas,- de 1033 a 1521 - lado ímpar,Bosque,7735,1
69900469,Avenida Getúlio Vargas,- de 986 a 1522 - lado par,Bosque,7735,1
69900472,Rua Isaura Parente,- até 498 - lado par,Bosque,7735,1
69900475,Rua Pernambuco,- de 1233 ao fim - lado ímpar,Bosque,7735,1
69900478,Avenida Nações Unidas,- de 664 a 1144 - lado par,Bosque,7735,1
69900481,Rua Antunes de Alencar,,Bosque,7735,1
69900484,Rua Maranhão,,Bosque,7735,1
69900487,Rua Manoel Barata,,Bosque,7735,1
69900490,Rua Isaura Parente,- até 499 - lado ímpar,Bosque,7735,1
69900493,Rua Isaura Parente,- de 501 a 799 - lado ímpar,Bosque,7735,1
69900496,Rua Paraná,,Bosque,7735,1
69900499,Travessa Espírito Santo,,Bosque,7735,1
69900502,Rua Alan Kardec,,Bosque,7735,1
69900505,Rua Paulo VI,,Bosque,7735,1
69900508,Rua Rondônia,- de 282/283 ao fim,Bosque,7735,1
69900511,Rua Severiano,,Bosque,7735,1
69900514,Rua Pádua,,Bosque,7735,1
69900517,Rua Manoel Castor de Araújo,,Bosque,7735,1
69900520,Avenida Nações Unidas,- de 1146 a 1484 - lado par,Bosque,7735,1
69900523,Rua Pernambuco,- de 1232 ao fim - lado par,Bosque,7735,1
69900526,Avenida Antônio da Rocha Viana,- até 1598 - lado par,Bosque,7735,1
69900529,Travessa Padre Manoel da Nóbrega,,Bosque,7735,1
69900532,Rua João Medeiros,,Bosque,7735,1
69900535,Travessa Raimundo Café,,Bosque,7735,1
69900538,Rua Guarani,,Bosque,7735,1
69900541,Rua Bartolomeu Bueno,,Bosque,7735,1
69900544,Rua Padre Manoel da Nóbrega,,Bosque,7735,1
69900547,Rua Barão do Rio Branco,,Bosque,7735,1
69900550,Rua Hugo Carneiro,- até 1199/1200,Bosque,7735,1
69900553,Rua Custódio Freire,,Bosque,7735,1
69900556,Rua da Alegria,,Bosque,7735,1
69900559,Rua Farroupilha,,Bosque,7735,1
69900562,Rua São Januário,,Bosque,7735,1
69900565,Rua Hugo Carneiro,- de 1201/1202 ao fim,Bosque,7735,1
69900568,Rua Henrique Dias,- até 291/292,Bosque,7735,1
69900571,Travessa Henrique Dias,,Bosque,7735,1
69900574,Travessa Maranhão,,Bosque,7735,1
69900577,Rua Castro Alves,- até 251/252,Bosque,7735,1
69900580,Rua João XXIII,- até 952/953,Bosque,7735,1
69900583,Rua Saudade,,Bosque,7735,1
69900586,Travessa do Morro,,Bosque,7735,1
69900589,Avenida Getúlio Vargas,- de 2092 a 3030 - lado par,Bosque,7735,1
69900592,Travessa Reno,,Bosque,7735,1
69900595,Travessa Danúbio,,Bosque,7735,1
69900598,Travessa Lourenço Filho,,Bosque,7735,1
69900601,Travessa Manoel de Abreu,,Bosque,7735,1
69900604,Travessa do Hemoacre,,Bosque,7735,1
69900607,Avenida Getúlio Vargas,- de 2093 a 3029 - lado ímpar,Bosque,7735,1
69900610,Avenida Getúlio Vargas,- de 1523 a 2091 - lado ímpar,Bosque,7735,1
69900613,Avenida Getúlio Vargas,- de 1524 a 2090 - lado par,Bosque,7735,1
69900616,Rua João XXIII,- de 954/955 ao fim,Bosque,7735,1
69900619,Rua Dom Giocondo Maria Grote,,Bosque,7735,1
69900622,Rua Castro Alves,- de 253/254 ao fim,Bosque,7735,1
69900625,Rua Henrique Dias,- de 293/294 ao fim,Bosque,7735,1
69900628,Rua Goudwasser Santos,,Bosque,7735,1
69900631,Rua Alvorada,- de 401/402 ao fim,Bosque,7735,1
69900634,Rua Milton Matos,,Bosque,7735,1
69900637,Travessa Marinho Monte,,Bosque,7735,1
69900640,Rua Coronel José Galdino,,Bosque,7735,1
69900643,Rua Dom Bosco 1,,Bosque,7735,1
69900646,Beco da Cageacre,,Bosque,7735,1
69900649,Rua Coronel Brandão,,Bosque,7735,1
69900652,Rua dos Militares,,Bosque,7735,1
69900655,Travessa Militar,,Bosque,7735,1
69900658,Rua Coronel Alexandrino,- de 361/362 ao fim,Bosque,7735,1
69900661,Rua Silvestre Coelho,- de 615/616 ao fim,Bosque,7735,1
69900664,Rua Alvorada,- até 399/400,Bosque,7735,1
69900667,Travessa da Saudade,,Bosque,7735,1
69900670,Rua Quintino Bocaiuva,- de 1643/1644 ao fim,Bosque,7735,1
69900673,Rua Bartolomeu Dias,,Bosque,7735,1
69900676,Rua Dom Bosco 2,,Bosque,7735,1
69900679,Rua Colômbia,,Bosque,7735,1
69900682,Rua Valerio Magalhães,- de 415/416 ao fim,Bosque,7735,1
69900685,Rua Valerio Magalhães,- até 413/414,Bosque,7735,1
69900688,Rua Francisco Mangabeira,,Bosque,7735,1
69900691,Travessa Francisco Conde,,Bosque,7735,1
69900694,Travessa 19 de Novembro,,Bosque,7735,1
69900697,Rua Coronel Alexandrino,- até 359/360,Bosque,7735,1
69900700,Travessa Capitão Ciríaco,,Bosque,7735,1
69900703,Travessa Amélia Araripe,,Bosque,7735,1
69900706,Beco Cantinho do Amor,,Bosque,7735,1
69900709,Rua do Futuro,,Bosque,7735,1
69900712,Estrada do Aviário,- de 1127/1128 ao fim,Bosque,7735,1
69900715,Avenida Nações Unidas,- até 662 - lado par,Bosque,7735,1
69900718,Rua Quintino Bocaiuva,- de 1357/1358 a 1641/1642,Bosque,7735,1
69900721,Avenida Nações Unidas,- até 663 - lado ímpar,Bosque,7735,1
69900724,Rua Guiomard Santos,,Bosque,7735,1
69900770,Travessa Alexandre Lopes,,José Augusto,7735,1
69900773,Rua Silvestre Coelho,- de 379/380 a 613/614,José Augusto,7735,1
69900776,Rua Major Salinas,,José Augusto,7735,1
69900779,Rua Alexandre Farhat,- de 151/152 ao fim,José Augusto,7735,1
69900782,Travessa do Sol,,José Augusto,7735,1
69900785,Rua Quintino Bocaiuva,- até 1355/1356,José Augusto,7735,1
69900788,Rua Visconde de Mauá,,José Augusto,7735,1
69900791,Rua Santo Antônio,,José Augusto,7735,1
69900794,Rua Estácio de Sá,,José Augusto,7735,1
69900797,Rua Grêmio Alberto Sampaio,,José Augusto,7735,1
69900800,Rua Projetada 152,,José Augusto,7735,1
69900803,Rua Santo Afonso,,José Augusto,7735,1
69900806,Travessa Portelas,,José Augusto,7735,1
69900809,Rua Riachuelo,,José Augusto,7735,1
69900812,Rua Ponta Porã,,José Augusto,7735,1
69900815,Travessa Virgílio Lima,,José Augusto,7735,1
69900816,Travessa Manoel Cezário,,José Augusto,7735,1
69900818,Rua Manoel Cesário,- de 555/556 ao fim,José Augusto,7735,1
69900821,Travessa José Augusto,,José Augusto,7735,1
69900830,Estrada do Aviário,- até 1125 - lado ímpar,Aviário,7735,1
69900833,Travessa São Gabriel,,Aviário,7735,1
69900836,Travessa Almirante Mário de Oliveira,,Aviário,7735,1
69900839,Travessa Irineu Serra,,Aviário,7735,1
69900842,Rua Raul Barcelar,,Aviário,7735,1
69900845,Travessa Guarani,,Aviário,7735,1
69900848,Travessa Mirim,,Aviário,7735,1
69900851,Travessa Flamengo,,Aviário,7735,1
69900854,Estrada do Aviário,- até 1126 - lado par,Aviário,7735,1
69900857,Travessa Fluminense,,Aviário,7735,1
69900860,Rua Antimari,,Aviário,7735,1
69900863,Travessa Beny Manuela,,Aviário,7735,1
69900866,Rua Álvaro Dantas,,Aviário,7735,1
69900869,Travessa Álvaro Dantas,,Aviário,7735,1
69900872,Rua Eletra,,Aviário,7735,1
69900875,Rua Primavera,- até 149/150,Aviário,7735,1
69900878,Rua Santa Inês,- até 588/589,Aviário,7735,1
69900900,Avenida Getúlio Vargas 232,,Centro,7735,1
69900901,Rua Rui Barbosa 285,,Centro,7735,1
69900902,Avenida Brasil 378,,Centro,7735,1
69900903,Rua Marechal Deodoro 340,,Centro,7735,1
69900904,Rua Arlindo Porto Leal 241,,Centro,7735,1
69900970,Avenida Epaminondas Jácome 2858,,Centro,7735,1
69900971,Rua Floriano Peixoto 411,,Base,7735,1
69900972,Rua Isaura Parente 167,,Bosque,7735,1
69900973,Avenida Ceará 3607,,7º BEC,7735,1
69900974,Rua Quintino Bocaiúva 299,,Centro,7735,1
69901000,Travessa da Serra,,Conjunto Jardim São Francisco,7735,1
69901003,Rua Abacate,- de 75/76 ao fim,Conjunto Jardim São Francisco,7735,1
69901006,Rua São Francisco,,Conjunto Jardim São Francisco,7735,1
69901009,Rua Melancia,- de 121/122 ao fim,Conjunto Jardim São Francisco,7735,1
69901012,Rua Uva,,Conjunto Jardim São Francisco,7735,1
69901015,Rua Cupuaçú,,Conjunto Jardim São Francisco,7735,1
69901018,Rua Azeitona,,Conjunto Jardim São Francisco,7735,1
69901021,Rua Maçã,,Conjunto Jardim São Francisco,7735,1
69901024,Rua Laranja,,Conjunto Jardim São Francisco,7735,1
69901027,Rua Jabuticaba,- de 149/150 ao fim,Conjunto Jardim São Francisco,7735,1
69901040,Travessa Vera Cruz,,Morada do Sol,7735,1
69901043,Rua Abacaxi,,Morada do Sol,7735,1
69901046,Rua Jabuticaba,- até 147/148,Morada do Sol,7735,1
69901049,Rua Capitão Cirilo,,Morada do Sol,7735,1
69901052,Travessa Joaquim Chaves,,Morada do Sol,7735,1
69901055,Rua Santa Inês,- até 320 - lado par,Morada do Sol,7735,1
69901058,Travessa Santa Luzia,,Morada do Sol,7735,1
69901061,Estrada da Invernada,- de 985/986 ao fim,Morada do Sol,7735,1
69901064,Rua Morango,,Morada do Sol,7735,1
69901067,Rua Pêssego,,Morada do Sol,7735,1
69901070,Rua Jambo,,Morada do Sol,7735,1
69901073,Travessa Acerola,,Morada do Sol,7735,1
69901076,Travessa Goiaba,,Morada do Sol,7735,1
69901079,Travessa Cajú,,Morada do Sol,7735,1
69901082,Rua Graviola,,Morada do Sol,7735,1
69901085,Rua Abacate,- até 73/74,Morada do Sol,7735,1
69901088,Rua Melancia,- até 119/120,Morada do Sol,7735,1
69901091,Rua Marte,- de 1095/1096 ao fim,Morada do Sol,7735,1
69901094,Rua Melão,,Morada do Sol,7735,1
69901097,Estrada da Invernada,- até 983/984,Morada do Sol,7735,1
69901100,Rua Vênus,,Morada do Sol,7735,1
69901103,Rua Órion,,Morada do Sol,7735,1
69901106,Rua Aquários,,Morada do Sol,7735,1
69901109,Rua Mamão,,Morada do Sol,7735,1
69901112,Rua Vera Cruz,,Morada do Sol,7735,1
69901115,Rua Mercúrio,- de 311/312 ao fim,Morada do Sol,7735,1
69901118,Rua Manga,,Morada do Sol,7735,1
69901121,Rua Júpiter,,Morada do Sol,7735,1
69901124,Rua Urano,,Morada do Sol,7735,1
69901127,Rua Netuno,,Morada do Sol,7735,1
69901130,Rua Plutão 1,,Morada do Sol,7735,1
69901133,Rua Lua,- de 221/222 ao fim,Morada do Sol,7735,1
69901136,Travessa Halley,,Morada do Sol,7735,1
69901139,Rua Galáxia,,Morada do Sol,7735,1
69901142,Rua Halley,,Morada do Sol,7735,1
69901148,Rua Saturno,,Morada do Sol,7735,1
69901151,Travessa Riozinho do Rola,,Morada do Sol,7735,1
69901154,Rua Marte,- de 872/873 a 1093/1094,Morada do Sol,7735,1
69901160,Rua Marte,- até 869/870,Adalberto Aragão,7735,1
69901162,Rua Mauri Sérgio,,Adalberto Aragão,7735,1
69901164,Rua Mário Maia,,Adalberto Aragão,7735,1
69901166,Rua Plácido de Castro,,Adalberto Aragão,7735,1
69901168,Travessa Sena Madureira,,Adalberto Aragão,7735,1
69901170,Travessa Tambaqui,,Adalberto Aragão,7735,1
69901172,Travessa Dourado,,Adalberto Aragão,7735,1
69901174,Travessa Manaus,,Adalberto Aragão,7735,1
69901176,Travessa Avestruz,,Adalberto Aragão,7735,1
69901178,Travessa Manoel Urbano,,Adalberto Aragão,7735,1
69901180,Travessa Capivara,,Adalberto Aragão,7735,1
69901182,Rua Lua,- até 219/220,Adalberto Aragão,7735,1
69901184,Beco Mercúrio,,Adalberto Aragão,7735,1
69901186,Rua Mercúrio,- até 309/310,Adalberto Aragão,7735,1
69901188,Travessa Heros,,Adalberto Aragão,7735,1
69901190,Beco Heros,,Adalberto Aragão,7735,1
69901192,Rua Perpétua,- até 421/422,Adalberto Aragão,7735,1
69901200,Rua Perpétua,- de 423/424 ao fim,Jardim Tropical,7735,1
69901203,Rua Heros,- de 329/330 ao fim,Jardim Tropical,7735,1
69901206,Rua Violeta,,Jardim Tropical,7735,1
69901209,Rua Dália,,Jardim Tropical,7735,1
69901212,Rua dos Anturios,,Jardim Tropical,7735,1
69901215,Rua das Hortências,,Jardim Tropical,7735,1
69901218,Rua das Samambaias,,Jardim Tropical,7735,1
69901221,Rua Plutão 2,,Jardim Tropical,7735,1
69901224,Rua das Oliveiras,,Jardim Tropical,7735,1
69901227,Rua Heros,- até 327/328,Jardim Tropical,7735,1
69901230,Rua das Palmeiras,,Jardim Tropical,7735,1
69901233,Rua das Acácias,,Jardim Tropical,7735,1
69901236,Rua Pêra,,Jardim Tropical,7735,1
69901239,Rua do Jasmim,,Jardim Tropical,7735,1
69901242,Rua dos Lírios,,Jardim Tropical,7735,1
69901245,Rua das Palmas,,Jardim Tropical,7735,1
69901248,Rua da Dama da Noite,,Jardim Tropical,7735,1
69901251,Rua Vitória Régia,,Jardim Tropical,7735,1
69901254,Rua 10 de Junho,- de 713/714 ao fim,Jardim Tropical,7735,1
69901270,Rua 10 de Junho,- até 711/712,Casa Nova,7735,1
69901274,Beco São Raimundo,,Casa Nova,7735,1
69901278,Beco João Fonseca,,Casa Nova,7735,1
69901282,Travessa Santa Lúcia,,Casa Nova,7735,1
69901286,Travessa da Amizade,,Casa Nova,7735,1
69901290,Beco Esperança,,Casa Nova,7735,1
69901310,Travessa Santa Inês,,Baixa da Colina,7735,1
69901313,Rua Santa Inês,- de 590/591 ao fim,Baixa da Colina,7735,1
69901314,Beco Santa Inês,,Baixa da Colina,7735,1
69901316,Estrada do São Francisco,- até 641/642,Baixa da Colina,7735,1
69901319,Rua Casa Nova l,,Baixa da Colina,7735,1
69901322,Rua Casa Nova ll,,Baixa da Colina,7735,1
69901325,Rua Luiz das Chagas Góes,,Baixa da Colina,7735,1
69901328,Rua Francisco Ferreira,,Baixa da Colina,7735,1
69901331,Rua Santa Maria,,Baixa da Colina,7735,1
69901334,Travessa Baixa da Colina,,Baixa da Colina,7735,1
69901337,Travessa da Colina,,Baixa da Colina,7735,1
69901340,Travessa Plácido de Castro,,Baixa da Colina,7735,1
69901343,Travessa Verão,,Baixa da Colina,7735,1
69901346,Travessa Primavera,,Baixa da Colina,7735,1
69901352,Travessa Pedro Vaz,,Baixa da Colina,7735,1
69901355,Rua Independência,,Baixa da Colina,7735,1
69901360,Rua Delfim Neto,,Conjunto Guiomard Santos,7735,1
69901363,Travessa das Flores,,Conjunto Guiomard Santos,7735,1
69901366,Rua Henrique Alfane,,Conjunto Guiomard Santos,7735,1
69901369,Rua Lauro Fontes,,Conjunto Guiomard Santos,7735,1
69901372,Rua Jephete Maia,,Conjunto Guiomard Santos,7735,1
69901375,Rua Doutor Adalberto Costa e Silva,,Conjunto Guiomard Santos,7735,1
69901378,Rua José Nolasco,,Conjunto Guiomard Santos,7735,1
69901381,Rua José de Almeida,,Conjunto Guiomard Santos,7735,1
69901384,Rua Menderson,,Conjunto Guiomard Santos,7735,1
69901387,Rua Virgílio de Lima,,Conjunto Guiomard Santos,7735,1
69901390,Rua José Brandrão,,Conjunto Guiomard Santos,7735,1
69901393,Rua Vitória,,Conjunto Guiomard Santos,7735,1
69901396,Rua Espatódia,,Conjunto Guiomard Santos,7735,1
69901399,Rua Narciso José de Lima,,Conjunto Guiomard Santos,7735,1
69901402,Rua Luzanira Gomes,,Conjunto Guiomard Santos,7735,1
69901405,Rua Francisco Heleno,,Conjunto Guiomard Santos,7735,1
69901408,Rua Persegona,,Conjunto Guiomard Santos,7735,1
69901411,Rua Delmar Pismel,,Conjunto Guiomard Santos,7735,1
69901414,Avenida Central,,Conjunto Guiomard Santos,7735,1
69901417,Rua Kent,,Conjunto Guiomard Santos,7735,1
69901420,Rua Orquídea,,Conjunto Guiomard Santos,7735,1
69901423,Rua Lavosier,,Conjunto Guiomard Santos,7735,1
69901426,Rua Horácio Cavalcante,,Conjunto Guiomard Santos,7735,1
69901429,Rua Servo Ribeiro,,Conjunto Guiomard Santos,7735,1
69901432,Rua Edmundo Pinto,,Conjunto Guiomard Santos,7735,1
69901435,Rua Antonio Moura Malveira,,Conjunto Guiomard Santos,7735,1
69901438,Rua Wilde Viana das Neves Filho,,Conjunto Guiomard Santos,7735,1
69901441,Rua Santa Inês,,Conjunto Guiomard Santos,7735,1
69901510,Estrada do São Francisco,- de 643/644 a 829/830,São Francisco,7735,1
69901513,Rua São Caetano,,São Francisco,7735,1
69901516,Estrada do São Francisco,- de 831/832 a 1319/1320,São Francisco,7735,1
69901519,Avenida Eugênio Beco Bezerra,,São Francisco,7735,1
69901522,Rua A1,,São Francisco,7735,1
69901525,Rua A2,,São Francisco,7735,1
69901528,Rua F,,São Francisco,7735,1
69901531,Rua E,,São Francisco,7735,1
69901534,Rua D,,São Francisco,7735,1
69901537,Rua C,,São Francisco,7735,1
69901540,Rua B,,São Francisco,7735,1
69901543,Travessa Edson Cadaxo,,São Francisco,7735,1
69901546,Travessa do Galo,,São Francisco,7735,1
69901549,Rua Andrade Silva,,São Francisco,7735,1
69901552,Rua Jânio Quadro,,São Francisco,7735,1
69901555,Rua Antônio Carlos,,São Francisco,7735,1
69901558,Rua Bebeto Alves,,São Francisco,7735,1
69901561,Rua Tamborim,,São Francisco,7735,1
69901564,Rua Monte Negro,,São Francisco,7735,1
69901567,Rua Chile,,São Francisco,7735,1
69901570,Rua Santiago,,São Francisco,7735,1
69901573,Rua Luiz Pereira,,São Francisco,7735,1
69901576,Travessa Paraíso,,São Francisco,7735,1
69901579,Avenida Doutor Mário Maia,- de 451/452 ao fim,São Francisco,7735,1
69901582,Travessa Joaquim Macêdo,,São Francisco,7735,1
69901585,Rua Joaquim Macêdo,- de 645/646 a 1475/1476,São Francisco,7735,1
69901588,Rua James Carlos,,São Francisco,7735,1
69901591,Rua Joaquim Macêdo,- de 1477/1478 ao fim,São Francisco,7735,1
69901594,Estrada das Placas,- até 298/299,São Francisco,7735,1
69901597,Rua Edson Lima,,São Francisco,7735,1
69901600,Rua Edson Ferreira,,São Francisco,7735,1
69901640,Avenida Edmundo Pinto,,Conjunto Oscar Passos,7735,1
69901643,Rua Ponte Serrada,,Conjunto Oscar Passos,7735,1
69901646,Travessa da União,,Conjunto Oscar Passos,7735,1
69901649,Travessa Genésio,,Conjunto Oscar Passos,7735,1
69901652,Rua Romário Costa,,Conjunto Oscar Passos,7735,1
69901655,Rua Edmundo Pinto,,Conjunto Oscar Passos,7735,1
69901658,Travessa Máncio Nilia,,Conjunto Oscar Passos,7735,1
69901661,Travessa Ruth Cardoso,,Conjunto Oscar Passos,7735,1
69901664,Avenida Doutor Mário Maia,- até 449/450,Conjunto Oscar Passos,7735,1
69901667,Travessa Veronese,,Conjunto Oscar Passos,7735,1
69901670,Rua Joaquim Macêdo,- até 643/644,Conjunto Oscar Passos,7735,1
69901680,Rua Luiz Gonzaga,- até 557/558,Vitória,7735,1
69901683,Rua Luiz Gonzaga,- de 559/560 ao fim,Vitória,7735,1
69901686,Avenida Iguaçu da Glória,,Vitória,7735,1
69901689,Rua do Vale,,Vitória,7735,1
69901692,Rua João Xavier,,Vitória,7735,1
69901695,Rua Iguaçu da Glória,,Vitória,7735,1
69901698,Rua Bandeirante,,Vitória,7735,1
69901701,Rua Thaumaturgo,,Vitória,7735,1
69901704,Travessa Thaumaturgo,,Vitória,7735,1
69901707,Rua da União,- de 601/602 ao fim,Vitória,7735,1
69901710,Travessa Jovem,,Vitória,7735,1
69901713,Travessa Juscelino Kubtischek,,Vitória,7735,1
69901716,Travessa Boa Sorte,,Vitória,7735,1
69901719,Rua do Divisor,- de 761 ao fim - lado ímpar,Vitória,7735,1
69901722,Rua Arco-íris,- de 401/402 ao fim,Vitória,7735,1
69901725,Travessa Bom Destino,,Vitória,7735,1
69901728,Rua Alvorada,- de 371/372 a 659/660,Vitória,7735,1
69901731,Rua São Raimundo Nonato,- de 601/602 ao fim,Vitória,7735,1
69901734,Rua Tupi Guarani,,Vitória,7735,1
69901737,Travessa Mangueira,,Vitória,7735,1
69901740,Rua Felicidade,,Vitória,7735,1
69901743,Rua Tião Natureza,,Vitória,7735,1
69901746,Avenida Beija-flor,,Vitória,7735,1
69901749,Rua da União,- até 599/600,Vitória,7735,1
69901752,Rua Santa Clara,,Vitória,7735,1
69901755,Rua Murupi,,Vitória,7735,1
69901758,Rua Arco-íris,- até 399/400,Vitória,7735,1
69901761,Travessa do Barbeiro,,Vitória,7735,1
69901764,Travessa São João,,Vitória,7735,1
69901767,Avenida Boa Ventura,- de 601/602 ao fim,Vitória,7735,1
69901770,Rua Alvorada,- até 369/370,Vitória,7735,1
69901773,Rua Boa Vista,- de 601/602 ao fim,Vitória,7735,1
69901776,Travessa Triângulo,,Vitória,7735,1
69901779,Rua Pedro Altino,,Vitória,7735,1
69901782,Rua Maria Atenas,,Vitória,7735,1
69901785,Rua Benjamin,,Vitória,7735,1
69901788,Rua Preciosa,,Vitória,7735,1
69901791,Travessa Beija-flor,,Vitória,7735,1
69901794,Travessa Verde,,Vitória,7735,1
69901797,Rua Santa Fé,,Vitória,7735,1
69901800,Avenida Boa Ventura,- até 599/600,Vitória,7735,1
69901803,Travessa Manga Larga,,Vitória,7735,1
69901806,Travessa Mara,,Vitória,7735,1
69901809,Rua Nelson Piquet,,Vitória,7735,1
69901812,Rua Ayrton Senna,- até 369/370,Vitória,7735,1
69901815,Estrada do São Francisco,- de 1321/1322 a 2345/2346,Vitória,7735,1
69901818,Rua Canadá,,Vitória,7735,1
69901821,Rua da Liberdade,,Vitória,7735,1
69901824,Rua Argentina,,Vitória,7735,1
69901827,Rua Espanha,,Vitória,7735,1
69901830,Travessa Santa Clara,,Vitória,7735,1
69901833,Travessa Santa Isabel,,Vitória,7735,1
69901836,Travessa Bom Pastor,,Vitória,7735,1
69901839,Travessa Cristã,,Vitória,7735,1
69901842,Travessa do Galo,,Vitória,7735,1
69901845,Travessa da Escola,,Vitória,7735,1
69901848,Rua Ayrton Senna,- de 371/372 ao fim,Vitória,7735,1
69901851,Travessa Cruzeiro do Sul,,Vitória,7735,1
69901854,Travessa da Vertente,,Vitória,7735,1
69901857,Travessa Miguel Ramos,,Vitória,7735,1
69901860,Travessa dos Anjos,,Vitória,7735,1
69901863,Rua São Raimundo Nonato,- até 599/600,Vitória,7735,1
69901866,Travessa São Caetano,,Vitória,7735,1
69901869,Rua Boa Vista,- até 599/600,Vitória,7735,1
69901872,Travessa da Colina,,Vitória,7735,1
69901875,Travessa Campo Verde,,Vitória,7735,1
69901878,Travessa do Limão,,Vitória,7735,1
69901881,Rua Raimundo Nonato,,Vitória,7735,1
69901884,Travessa Mossoró,,Vitória,7735,1
69901887,Rua do Divisor,- até 759 - lado ímpar,Vitória,7735,1
69901890,Estrada do São Francisco,- de 2347/2348 a 2615/2616,Vitória,7735,1
69902100,Estrada do Panorama,,Loteamento Jardim São Francisco,7735,1
69902103,Rua 1,,Loteamento Jardim São Francisco,7735,1
69902106,Rua 2,,Loteamento Jardim São Francisco,7735,1
69902109,Rua 3,,Loteamento Jardim São Francisco,7735,1
69902112,Rua 4,,Loteamento Jardim São Francisco,7735,1
69902115,Rua 6,,Loteamento Jardim São Francisco,7735,1
69902118,Rua 7,,Loteamento Jardim São Francisco,7735,1
69902121,Rua 8,,Loteamento Jardim São Francisco,7735,1
69902124,Rua 9,,Loteamento Jardim São Francisco,7735,1
69902127,Rua 10,,Loteamento Jardim São Francisco,7735,1
69902130,Rua 11,,Loteamento Jardim São Francisco,7735,1
69902133,Rua 12,,Loteamento Jardim São Francisco,7735,1
69902136,Rua Juruá,,Loteamento Jardim São Francisco,7735,1
69902139,Rua 13,,Loteamento Jardim São Francisco,7735,1
69902142,Rua 14,,Loteamento Jardim São Francisco,7735,1
69902410,Estrada do São Francisco,- de 2617/2618 ao fim,Eldorado,7735,1
69902413,Travessa Curítiba,,Eldorado,7735,1
69902416,Travessa do Divisor,,Eldorado,7735,1
69902419,Travessa Manaus,,Eldorado,7735,1
69902422,Rua Santa Luzia,,Eldorado,7735,1
69902425,Rua Girassol,- até 449/450,Eldorado,7735,1
69902428,Travessa Real,,Eldorado,7735,1
69902431,Rua Bom Jesus,,Eldorado,7735,1
69902434,Rua do Divisor,- até 760 - lado par,Eldorado,7735,1
69902437,Rua Rio Branco,,Eldorado,7735,1
69902440,Rua Elzo Rodrigues,,Eldorado,7735,1
69902443,Rua Alvorada,- de 661/662 ao fim,Eldorado,7735,1
69902446,Travessa Neves,,Eldorado,7735,1
69902449,Travessa 9 de Junho,,Eldorado,7735,1
69902452,Travessa Jurubeba,,Eldorado,7735,1
69902455,Rua Guanabara,,Eldorado,7735,1
69902458,Travessa Morada do Sol,,Eldorado,7735,1
69902461,Travessa João da Mata,,Eldorado,7735,1
69902464,Rua do Divisor,- de 762 ao fim - lado par,Eldorado,7735,1
69902467,Rua Flor de Maio,- até 399/400,Eldorado,7735,1
69902470,Rua 7 de Setembro,,Eldorado,7735,1
69902473,Travessa Jardim,,Eldorado,7735,1
69902476,Travessa 4 de Outubro,,Eldorado,7735,1
69902479,Rua Flor de Maio,- de 401/402 ao fim,Eldorado,7735,1
69902482,Travessa Rio de Janeiro,,Eldorado,7735,1
69902485,Travessa São Paulo,,Eldorado,7735,1
69902488,Rua Girassol,- de 451/452 ao fim,Eldorado,7735,1
69902491,Travessa Itabuna,,Eldorado,7735,1
69902494,Rua Independência,,Eldorado,7735,1
69902497,Rua Francisco Santiago,,Eldorado,7735,1
69902500,Travessa Castelão,,Eldorado,7735,1
69902503,Travessa Mel,,Eldorado,7735,1
69902506,Travessa Alto Verde,,Eldorado,7735,1
69902509,Travessa Caipó,,Eldorado,7735,1
69902512,Travessa Paulista,,Eldorado,7735,1
69902515,Travessa da Pupunha,,Eldorado,7735,1
69902518,Travessa Eldorado,,Eldorado,7735,1
69902521,Travessa das Dores,,Eldorado,7735,1
69902524,Travessa do Açaí,,Eldorado,7735,1
69902527,Travessa Edmundo Pinto,,Eldorado,7735,1
69902530,Rua Lourenço Lopes,- de 881/882 ao fim,Eldorado,7735,1
69902630,Rua Idelbrando de Souza,,Chico Mendes,7735,1
69902633,Rua Maestro Sandoval,,Chico Mendes,7735,1
69902636,Travessa Franco Silva,,Chico Mendes,7735,1
69902639,Travessa Zeca Torres,,Chico Mendes,7735,1
69902642,Rua Tião Naturaza,,Chico Mendes,7735,1
69902645,Travessa Francisco Ademar,,Chico Mendes,7735,1
69902648,Rua Cumarú,,Chico Mendes,7735,1
69902651,Travessa Ademar,,Chico Mendes,7735,1
69902654,Rua Tupi Guarani,,Chico Mendes,7735,1
69902657,Rua Cerejeira,,Chico Mendes,7735,1
69902660,Travessa Jatobá,,Chico Mendes,7735,1
69902663,Rua Isaías,,Chico Mendes,7735,1
69902666,Rua Lourenço Lopes,- até 880 - lado par,Chico Mendes,7735,1
69902669,Rua Jorge Rivasplata,,Chico Mendes,7735,1
69902672,Avenida Altamira,,Chico Mendes,7735,1
69902675,Rua Lourenço Lopes,- até 879 - lado ímpar,Chico Mendes,7735,1
69902678,Rua Rui Lino,,Chico Mendes,7735,1
69902681,Rua Juscelino Kubitschek,,Chico Mendes,7735,1
69902684,Travessa Raimundo Alves,,Chico Mendes,7735,1
69902687,Rua Angico,- até 449/450,Chico Mendes,7735,1
69902690,Rua Gregório Filho,,Chico Mendes,7735,1
69902693,Travessa Manoel Martins,,Chico Mendes,7735,1
69902696,Rua José de Araújo,,Chico Mendes,7735,1
69902699,Rua Cisne,- de 215/216 ao fim,Chico Mendes,7735,1
69902702,Rua Projetada 748,,Chico Mendes,7735,1
69902705,Rua Maria de Oliveira,,Chico Mendes,7735,1
69902708,Rua José Brito,,Chico Mendes,7735,1
69902711,Rua Silvino Oliveira,,Chico Mendes,7735,1
69902714,Rua Janiópolis,,Chico Mendes,7735,1
69902717,Rua Angico,- de 451/452 ao fim,Chico Mendes,7735,1
69902720,Travessa Cabral,,Chico Mendes,7735,1
69902723,Rua Feijó,,Chico Mendes,7735,1
69902726,Rua Francisco das Chagas,,Chico Mendes,7735,1
69902729,Travessa Perdis,,Chico Mendes,7735,1
69902735,Rua Ozanete,,Chico Mendes,7735,1
69902738,Rua Nobre,,Chico Mendes,7735,1
69902741,Travessa São José,,Chico Mendes,7735,1
69902744,Rua 13 de Maio,,Chico Mendes,7735,1
69902747,Travessa 7 de Setembro,,Chico Mendes,7735,1
69902749,Rua 20 de Março,- até 229/230,Chico Mendes,7735,1
69902750,Rua Gonçalves Dias,,Placas,7735,1
69902752,Rua Quinze de Novembro,,Placas,7735,1
69902754,Rua 11 de Março,,Placas,7735,1
69902756,Rua 7 de Dezembro,,Placas,7735,1
69902758,Rua 10 de Julho,,Placas,7735,1
69902760,Rua 1º de Agosto,,Placas,7735,1
69902764,Rua 3 de Setembro,,Placas,7735,1
69902768,Rua 12 de Outubro,,Placas,7735,1
69902770,Estrada das Placas,- de 300/301 a 1348/1349,Placas,7735,1
69902772,Rua H,,Placas,7735,1
69902774,Travessa Guarani,,Placas,7735,1
69902776,Rua 12 de Junho,,Placas,7735,1
69902778,Rua 1º de Janeiro,,Placas,7735,1
69902780,Rua 20 de Março,- de 231/232 ao fim,Placas,7735,1
69902782,Rua 20 de Janeiro,,Placas,7735,1
69902784,Travessa Dois,,Placas,7735,1
69902790,Estrada Jarbas Passarinho,- até 399/400,Wanderley Dantas,7735,1
69902793,Rua Projetada 726,,Wanderley Dantas,7735,1
69902810,Estrada das Placas,- de 1350/1351 a 2589/2590,Wanderley Dantas,7735,1
69902813,Estrada das Placas,- de 2591/2592 ao fim,Wanderley Dantas,7735,1
69902816,Travessa Juliana,,Wanderley Dantas,7735,1
69902819,Travessa Santa Bárbara,,Wanderley Dantas,7735,1
69902822,Beco da Mariana,,Wanderley Dantas,7735,1
69902825,Rua Mário Maia,,Wanderley Dantas,7735,1
69902828,Rua Severino Ferreira,- de 451/452 ao fim,Wanderley Dantas,7735,1
69902831,Rua Mamed Saad,,Wanderley Dantas,7735,1
69902834,Travessa Gomes de Alencar,,Wanderley Dantas,7735,1
69902837,Travessa Itamar Pascoal,,Wanderley Dantas,7735,1
69902840,Rua Anibal Viana,,Wanderley Dantas,7735,1
69902843,Rua Tadeu Viana,,Wanderley Dantas,7735,1
69902846,Rua Osmar Sales,,Wanderley Dantas,7735,1
69902849,Rua José Joaquim,,Wanderley Dantas,7735,1
69902852,Travessa João Queiroz,,Wanderley Dantas,7735,1
69902855,Rua Idelfonso de Almeida,,Wanderley Dantas,7735,1
69902858,Rua Amoty Pascoal,,Wanderley Dantas,7735,1
69902861,Rua João Florencio,,Wanderley Dantas,7735,1
69902864,Rua Severino Ferreira,- até 449/450,Wanderley Dantas,7735,1
69902867,Rua Dário de Sena,,Wanderley Dantas,7735,1
69902870,Travessa Marinelson,,Wanderley Dantas,7735,1
69902873,Rua Pequena Jéssca,,Wanderley Dantas,7735,1
69902876,Rua Abacaxi,,Wanderley Dantas,7735,1
69902879,Rua Raul Pompéia,,Wanderley Dantas,7735,1
69902882,Rua Santarém,,Wanderley Dantas,7735,1
69902885,Rua Marfim,,Wanderley Dantas,7735,1
69902889,Rua Rubi,,Wanderley Dantas,7735,1
69902891,Rua Topázio,,Wanderley Dantas,7735,1
69902894,Rua 7 de Setembro,,Wanderley Dantas,7735,1
69902992,"Ramal Benfica, s/n",,,7735,1
69903000,Rua Rondônia,,Xavier Maia,7735,1
69903002,Rua Licênio Azevedo Maia,,Xavier Maia,7735,1
69903004,Rua Roseana Sarney,,Xavier Maia,7735,1
69903008,Rua Plácido de Castro,,Xavier Maia,7735,1
69903010,Rua Bom Jesus,,Xavier Maia,7735,1
69903012,Rua Siqueira de Menezes,,Xavier Maia,7735,1
69903014,Rua Ayrton Senna,,Xavier Maia,7735,1
69903016,Avenida Brasil,- até 419/420,Xavier Maia,7735,1
69903018,Avenida Brasil,- de 421/422 a 715/716,Xavier Maia,7735,1
69903020,Rua do Coqueiro,,Xavier Maia,7735,1
69903022,Travessa Manaus,,Xavier Maia,7735,1
69903024,Rua Jambo,,Xavier Maia,7735,1
69903026,Travessa Ceará,,Xavier Maia,7735,1
69903028,Rua 25 de Dezembro,,Xavier Maia,7735,1
69903030,Rua 6 de Agosto,,Xavier Maia,7735,1
69903032,Rua Brilhante,,Xavier Maia,7735,1
69903034,Rua Rio de Janeiro,,Xavier Maia,7735,1
69903036,Rua Fortaleza,,Xavier Maia,7735,1
69903038,Rua Marfim,,Xavier Maia,7735,1
69903040,Rua dos Lirios,,Xavier Maia,7735,1
69903042,Rua Cruzeiro do Sul,,Xavier Maia,7735,1
69903044,Travessa Zera,,Xavier Maia,7735,1
69903046,Rua Leandro Melo,,Xavier Maia,7735,1
69903048,Travessa Maria da Conceição,,Xavier Maia,7735,1
69903050,Rua Wilson Ribeiro,,Xavier Maia,7735,1
69903052,Rua Goiabeira,,Xavier Maia,7735,1
69903054,Travessa Copacabana,,Xavier Maia,7735,1
69903056,Rua Belém,,Xavier Maia,7735,1
69903058,Rua Salvador,,Xavier Maia,7735,1
69903060,Rua do Silêncio,,Xavier Maia,7735,1
69903062,Rua 18 de Fevereiro,,Xavier Maia,7735,1
69903064,Rua Santa Catarina,,Xavier Maia,7735,1
69903066,Rua Hélio Melo,,Xavier Maia,7735,1
69903068,Avenida Brasil,- de 717/718 ao fim,Xavier Maia,7735,1
69903080,Rua 13,,Parque dos Sabiás,7735,1
69903082,Rua Projetada 1057,,Parque dos Sabiás,7735,1
69903084,Rua Projetada 973,,Parque dos Sabiás,7735,1
69903086,Rua Projetada 991,,Parque dos Sabiás,7735,1
69903088,Rua Projetada 989,,Parque dos Sabiás,7735,1
69903090,Rua Projetada 985,,Parque dos Sabiás,7735,1
69903092,Rua Projetada 984,,Parque dos Sabiás,7735,1
69903094,Rua Projetada 990,,Parque dos Sabiás,7735,1
69903096,Rua Projetada 992,,Parque dos Sabiás,7735,1
69903098,Rua Projetada 970,,Parque dos Sabiás,7735,1
69903100,Rua Projetada 1043,,Parque dos Sabiás,7735,1
69903130,Rua 12,,Parque dos Sabiás,7735,1
69903132,Rua Projetada 1054,,Parque dos Sabiás,7735,1
69903134,Rua Cedro,,Parque dos Sabiás,7735,1
69903136,Rua Cumarú,,Parque dos Sabiás,7735,1
69903138,Rua Samaúma,,Parque dos Sabiás,7735,1
69903140,Rua Projetada 969,,Parque dos Sabiás,7735,1
69903190,Estrada Jarbas Passarinho,- de 401/402 a 1919/1920,Parque dos Sabiás,7735,1
69903192,Estrada Jarbas Passarinho,- de 1921/1922 a 2509/2510,Parque dos Sabiás,7735,1
69903200,Rua Uirapuru,,Conjunto Ouricurí,7735,1
69903203,Rua Flamingo,,Conjunto Ouricurí,7735,1
69903206,Rua Gaivota II,,Conjunto Ouricurí,7735,1
69903209,Rua Perdiz,,Conjunto Ouricurí,7735,1
69903212,Rua Tucano,,Conjunto Ouricurí,7735,1
69903215,Rua Cisne,- até 213/214,Conjunto Ouricurí,7735,1
69903218,Travessa José de Araújo,,Conjunto Ouricurí,7735,1
69903221,Rua Garça,,Conjunto Ouricurí,7735,1
69903224,Rua João de Barro,,Conjunto Ouricurí,7735,1
69903227,Rua Sanhaçu,,Conjunto Ouricurí,7735,1
69903230,Rua Graúna,,Conjunto Ouricurí,7735,1
69903233,Rua Andorinha,,Conjunto Ouricurí,7735,1
69903236,Rua Gaivota,,Conjunto Ouricurí,7735,1
69903239,Rua Merlo,,Conjunto Ouricurí,7735,1
69903242,Rua Ema,,Conjunto Ouricurí,7735,1
69903245,Rua Avestruz,,Conjunto Ouricurí,7735,1
69903270,Rua Colibri,,Loteamento Jaguar,7735,1
69903273,Rua Sanhaçu,,Loteamento Jaguar,7735,1
69903276,Rua Pintassilgo,,Loteamento Jaguar,7735,1
69903279,Rua Canário,,Loteamento Jaguar,7735,1
69903282,Rua Sabiá,,Loteamento Jaguar,7735,1
69903285,Rua Bem-te-vi,,Loteamento Jaguar,7735,1
69903288,Rua Águia,,Loteamento Jaguar,7735,1
69903291,Rua Anel Sul,,Loteamento Jaguar,7735,1
69903294,Rua Jaguar,,Loteamento Jaguar,7735,1
69903297,Rua Anel Central,,Loteamento Jaguar,7735,1
69903300,Rua Tico-tico,,Loteamento Jaguar,7735,1
69903303,Rua dos Pássaros,,Loteamento Jaguar,7735,1
69903306,Rua Pardal,,Loteamento Jaguar,7735,1
69903309,Rua Pelicano,,Loteamento Jaguar,7735,1
69903312,Rua Arara,,Loteamento Jaguar,7735,1
69903315,Rua Periquito,,Loteamento Jaguar,7735,1
69903318,Rua Papagaio,,Loteamento Jaguar,7735,1
69903321,Rua Roxinol II,,Loteamento Jaguar,7735,1
69903324,Rua Anel Norte,,Loteamento Jaguar,7735,1
69903327,Travessa Beija-flor,,Loteamento Jaguar,7735,1
69903330,Rua Roxinol,,Loteamento Jaguar,7735,1
69903340,Estrada Jarbas Passarinho,- de 02511/2512 ao fim,Loteamento Santa Luzia,7735,1
69903343,Avenida dos Ipês,,Loteamento Santa Luzia,7735,1
69903346,Rua Cajui,,Loteamento Santa Luzia,7735,1
69903349,Rua Caucho,,Loteamento Santa Luzia,7735,1
69903352,Rua Arueira,,Loteamento Santa Luzia,7735,1
69903355,Rua Marupá,,Loteamento Santa Luzia,7735,1
69903358,Rua Tatajuba,,Loteamento Santa Luzia,7735,1
69903361,Rua Tamarindo,,Loteamento Santa Luzia,7735,1
69903364,Rua Guariuba,,Loteamento Santa Luzia,7735,1
69903367,Rua Abiu,,Loteamento Santa Luzia,7735,1
69903370,Rua Manite,,Loteamento Santa Luzia,7735,1
69903373,Rua Cedrorama,,Loteamento Santa Luzia,7735,1
69903410,Rua São João,- até 427/428,Loteamento Santa Luzia,7735,1
69903412,Rua São João,- de 429/430 ao fim,Loteamento Santa Luzia,7735,1
69903414,Rua 6,,Loteamento Santa Luzia,7735,1
69903416,Rua 1,,Loteamento Santa Luzia,7735,1
69903418,Rua 5,,Loteamento Santa Luzia,7735,1
69903420,Rua 2,,Loteamento Santa Luzia,7735,1
69903422,Rua 4,,Loteamento Santa Luzia,7735,1
69903424,Rua 7,,Loteamento Santa Luzia,7735,1
69903426,Rua 3,,Loteamento Santa Luzia,7735,1
69905000,Avenida Ceará,- de 956 a 1408 - lado par,Capoeira,7735,1
69905002,Travessa Zona Ampliada,,Capoeira,7735,1
69905004,Travessa Maria Amélia,,Capoeira,7735,1
69905006,Rua Manoel Cesário,- até 315/316,Capoeira,7735,1
69905008,Travessa Felisbela do Nascimento,,Capoeira,7735,1
69905010,Travessa Sergipe,,Capoeira,7735,1
69905012,Travessa Campo do Rio Branco,- de 471/472 a 839/840,Capoeira,7735,1
69905014,Travessa Roraima,,Capoeira,7735,1
69905016,Travessa Egito,,Capoeira,7735,1
69905018,Rua Manoel Cesário,- de 317/318 a 553/554,Capoeira,7735,1
69905020,Travessa Juricaba,,Capoeira,7735,1
69905022,Travessa Campo do Rio Branco,- até 469/470,Capoeira,7735,1
69905024,Parque da Maternidade,,Capoeira,7735,1
69905026,Travessa Boa Vista 1,,Capoeira,7735,1
69905027,Beco Colombo,,Capoeira,7735,1
69905028,Travessa Vasco da Gama,,Capoeira,7735,1
69905030,Rua Amazonas,,Capoeira,7735,1
69905032,Travessa da Granja,,Capoeira,7735,1
69905034,Rua Absolon Almeida,,Capoeira,7735,1
69905036,Travessa Boa Vista,,Capoeira,7735,1
69905038,Rua Boa Vista,,Capoeira,7735,1
69905040,Travessa Martiniano Prado,,Capoeira,7735,1
69905042,Rua Santa Inês,- até 319 - lado ímpar,Capoeira,7735,1
69905050,Travessa Guaporé,- lado ímpar,Cerâmica,7735,1
69905052,Travessa Guaporé,- lado par,Cerâmica,7735,1
69905054,Rua Raimundo Fernandes Gouvêa,,Cerâmica,7735,1
69905056,Travessa Júlio César,,Cerâmica,7735,1
69905058,Travessa Rio Branco,,Cerâmica,7735,1
69905060,Travessa Amapá,,Cerâmica,7735,1
69905062,Avenida Ceará,- de 534 a 954 - lado par,Cerâmica,7735,1
