49088240,Travessa General Euclides Figueiredo,,Lamarão,521,25
49088245,Avenida General Euclides Figueiredo,- lado par,Lamarão,521,25
49088249,Travessa Maria Izabel,,Lamarão,521,25
49088258,Rua Verde Cinza,,Lamarão,521,25
49088260,Rua Verde Violeta,,Lamarão,521,25
49088266,Rua Profeta Antônio Pedro,,Lamarão,521,25
49088269,Rua N,(Pousada Verde),Lamarão,521,25
49088270,Rua Verde Branco,,Lamarão,521,25
49088273,Rua Verde Prata,,Lamarão,521,25
49088276,Rua Verde Azul,,Lamarão,521,25
49088280,Rua Verde Rosa,,Lamarão,521,25
49088285,Rua Verde Cana,,Lamarão,521,25
49088290,Rua Verde Amarelo,,Lamarão,521,25
49088295,Rua Verde Ouro,,Lamarão,521,25
49088300,Travessa Santa Lúcia,,Lamarão,521,25
49088303,Rua H,,Lamarão,521,25
49088307,Travessa H,,Lamarão,521,25
49088310,Travessa Minas Gerais,,Lamarão,521,25
49088320,Rua André Teles de Menezes,,Lamarão,521,25
49088376,Rua Grace Kelly dos Santos Silva,,Lamarão,521,25
49088379,Rua José Roberto Vieira,,Lamarão,521,25
49088382,Rua F,(Lot Sit Mte Alto),Lamarão,521,25
49088385,Travessa Vitória I,,Lamarão,521,25
49088388,Rua Maria Helena de Farias,,Lamarão,521,25
49088390,Rua Vitória,,Lamarão,521,25
49088396,Rua Olaria,- lado ímpar,Lamarão,521,25
49088398,Travessa Olaria II,,Lamarão,521,25
49088400,Rua A,(Jd das Pedras),Lamarão,521,25
49088403,Rua H,(Lot Sit Mte Alto),Lamarão,521,25
49088405,Travessa B,(Jd das Pedras),Lamarão,521,25
49088408,Rua I,(Lot Sit Mte Alto),Lamarão,521,25
49088410,Rua A,(Jd Lamarão),Lamarão,521,25
49088413,Rua B,(Jd Lamarão),Lamarão,521,25
49088416,Rua E,(Jd Lamarão),Lamarão,521,25
49088419,Rua Capitão Manoel Vieira Matos,,Lamarão,521,25
49089005,Avenida Carlos Marques de Oliveira,,Soledade,521,25
49089010,Rua Geferson Ferreira da Silva,,Soledade,521,25
49089013,Rua José de Barbosa Ramos,,Soledade,521,25
49089016,Rua Filomena Rosa de Andrade Silva,,Soledade,521,25
49089019,Rua Manoel Ferreira da Silva,,Soledade,521,25
49089020,Rua Benjamin Constant,,Soledade,521,25
49089025,Avenida General Euclides Figueiredo,- lado ímpar,Soledade,521,25
49089030,Rua Maria Salomé Nunes Vasconcelos,,Soledade,521,25
49089033,Rua Maria Terezinha dos Santos Menezes,,Soledade,521,25
49089036,Rua João Conceição de Menezes,,Soledade,521,25
49089039,Rua Maria do Carmo Santos Cavalcante,,Soledade,521,25
49089040,Rua José Luis Santos,,Soledade,521,25
49089043,Rua Josepha Santos,,Soledade,521,25
49089046,Rua Pedro José do Nascimento,,Soledade,521,25
49089050,Rua G,(Lot Rec Rio Palame),Soledade,521,25
49089063,Rua Maria do Carmo Barros,,Soledade,521,25
49089069,Rua João Isaias,,Soledade,521,25
49089080,Rua Maria Lúcia da Fonseca Matos,,Soledade,521,25
49089083,Rua das Rosas,,Soledade,521,25
49089084,Travessa das Rosas,,Soledade,521,25
49089086,Rua das Orquídeas,,Soledade,521,25
49089089,Rua das Margaridas,,Soledade,521,25
49089092,Rua G,(Lot Sta Madalena),Soledade,521,25
49089098,Rua dos Cravos,,Soledade,521,25
49089100,Rua A,(Inv Sta Catarina),Soledade,521,25
49089103,Rua B,(Inv Sta Catarina),Soledade,521,25
49089109,Rua D,(Inv Sta Catarina),Soledade,521,25
49089112,Rua E,(Inv Sta Catarina),Soledade,521,25
49089150,Rua A,(Lot Pto Gringo),Soledade,521,25
49089153,Rua B,(Lot Pto Gringo),Soledade,521,25
49089156,Rua C,(Lot Pto Gringo),Soledade,521,25
49089159,Rua D,(Lot Pto Gringo),Soledade,521,25
49089162,Rua Principal,(Lot Pto Gringo),Soledade,521,25
49089170,Rua José Oliveira Conceição,,Soledade,521,25
49089173,Rua B,(Lot Sr do Bomfim),Soledade,521,25
49089176,Rua Senhor do Bomfim,,Soledade,521,25
49089179,Rua Cláudia Oliveira Silva,,Soledade,521,25
49089182,Rua Hamilton César Leite,,Soledade,521,25
49089185,Rua J,(Lot Sr do Bomfim),Soledade,521,25
49089188,Rua Jackson Barreto,,Soledade,521,25
49089191,Rua Jamisson Silva,,Soledade,521,25
49089194,Rua L1,(Lot Sr do Bomfim),Soledade,521,25
49089197,Rua Maria Cristina Melo,,Soledade,521,25
49089200,Rua Antônio Marcos,,Soledade,521,25
49089203,Avenida Silva,(Lot Rec Rio Palame),Soledade,521,25
49089240,Rua A,(Jd Bahia),Soledade,521,25
49089246,Rua C,(Jd Bahia),Soledade,521,25
49089249,Rua D,(Jd Bahia),Soledade,521,25
49089252,Rua E,(Jd Bahia),Soledade,521,25
49089255,Rua F,(Jd Bahia),Soledade,521,25
49089258,Rua G,(Jd Bahia),Soledade,521,25
49089261,Rua H,(Jd Bahia),Soledade,521,25
49089264,Rua Anatália Carvalho Santos,,Soledade,521,25
49089267,Rua Maria Rozileide Teles Santos,,Soledade,521,25
49089270,Rua J,(Jd Bahia),Soledade,521,25
49089276,Rua N,(Jd Bahia),Soledade,521,25
49089279,Rua O,(Jd Bahia),Soledade,521,25
49089282,Rua P,(Jd Bahia),Soledade,521,25
49089285,Rua Q,(Jd Bahia),Soledade,521,25
49089288,Rua G,(Jd Bahia II),Soledade,521,25
49089291,Rua H,(Jd Bahia II),Soledade,521,25
49089294,Rua I,(Jd Bahia II),Soledade,521,25
49089297,Rua J,(Jd Bahia II),Soledade,521,25
49089303,Rua N,(Jd Bahia II),Soledade,521,25
49089306,Rua O,(Jd Bahia II),Soledade,521,25
49089309,Rua P,(Jd Bahia II),Soledade,521,25
49089312,Rua Q,(Jd Bahia II),Soledade,521,25
49089315,Rua B1,(Jd Bahia II),Soledade,521,25
49089320,Rua Um,(Res Vle do Sol),Soledade,521,25
49089323,Rua Dois,(Res Vle do Sol),Soledade,521,25
49089326,Rua Três,(Res Vle do Sol),Soledade,521,25
49089329,Rua Quatro,(Res Vle do Sol),Soledade,521,25
49089332,Rua Cinco,(Res Vle do Sol),Soledade,521,25
49089335,Rua Seis,(Res Vle do Sol),Soledade,521,25
49089338,Rua Sete,(Res Vle do Sol),Soledade,521,25
49089341,Rua Oito,(Res Vle do Sol),Soledade,521,25
49089350,Rua A,(Lot Mte Belo),Soledade,521,25
49089353,Rua B,(Lot Mte Belo),Soledade,521,25
49089356,Rua C,(Lot Mte Belo),Soledade,521,25
49089359,Rua D,(Lot Mte Belo),Soledade,521,25
49089362,Rua E,(Lot Mte Belo),Soledade,521,25
49089365,Rua F,(Lot Mte Belo),Soledade,521,25
49089368,Rua H,(Lot Mte Belo),Soledade,521,25
49089371,Travessa A,(Lot Mte Belo),Soledade,521,25
49089374,Travessa B,(Lot Mte Belo),Soledade,521,25
49089380,Rua A,(Lot Rosa do Sol),Soledade,521,25
49089383,Rua B,(Lot Rosa do Sol),Soledade,521,25
49089386,Rua F,(Lot Rosa do Sol),Soledade,521,25
49089389,Rua C,(Lot Rosa do Sol),Soledade,521,25
49089392,Rua G,(Lot Rosa do Sol),Soledade,521,25
49089398,Rua E,(Lot Rosa do Sol),Soledade,521,25
49089401,Rua H,(Lot Rosa do Sol),Soledade,521,25
49089403,Rua I,(Lot Rosa do Sol),Soledade,521,25
49089406,Rua J,(Lot Rosa do Sol),Soledade,521,25
49089409,Rua L,(Lot Rosa do Sol),Soledade,521,25
49089412,Avenida A,(Lot Rosa do Sol),Soledade,521,25
49089415,Avenida B,(Lot Rosa do Sol),Soledade,521,25
49089426,Rua C,(Lot Isabel Martins),Soledade,521,25
49089429,Rua D,(Lot Isabel Martins),Soledade,521,25
49089432,Rua E,(Lot Isabel Martins),Soledade,521,25
49089435,Rua F,(Lot Isabel Martins),Soledade,521,25
49089438,Rua G,(Lot Isabel Martins),Soledade,521,25
49089441,Rua H,(Lot Isabel Martins),Soledade,521,25
49089444,Rua I,(Lot Isabel Martins),Soledade,521,25
49089447,Rua J,(Lot Isabel Martins),Soledade,521,25
49089450,Rua P,(Lot Isabel Martins),Soledade,521,25
49089453,Rua M,(Lot Isabel Martins),Soledade,521,25
49089456,Rua N,(Lot Isabel Martins),Soledade,521,25
49089459,Rua O,(Lot Isabel Martins),Soledade,521,25
49090000,Avenida Poço do Mero,,Bugio,521,25
49090020,Rua Bela Vista,,Jardim Centenário,521,25
49090023,Rua Herbert José de Souza,,Jardim Centenário,521,25
49090026,Rua B,(Lot Olaria),Jardim Centenário,521,25
49090030,Rua Carivaldo Lima,,Bugio,521,25
49090033,Rua G,(Cj Bugio III),Bugio,521,25
49090036,Travessa B,(Lot Estrela do Oriente),Bugio,521,25
49090040,Avenida Centenário,- lado ímpar,Bugio,521,25
49090050,Rua Coronel Ernani Carvalho Menezes,,Bugio,521,25
49090060,Travessa A 1,(CJ Bugio I),Bugio,521,25
49090065,Rua Aristóteles P de Almeida,,Bugio,521,25
49090070,Rua Francisco Cardoso de Oliveira,,Bugio,521,25
49090073,Rua B4,(Cj Bugio III),Bugio,521,25
49090080,Rua Guilhermino José Barbosa,,Bugio,521,25
49090090,Rua Hormezinda dos Santos,,Jardim Centenário,521,25
49090093,Rua Antônio Farias Costa,,Jardim Centenário,521,25
49090096,Rua Hélio José dos Santos,,Jardim Centenário,521,25
49090099,Rua Raimundo Santana de Almeida,,Jardim Centenário,521,25
49090100,Rua Manoel Vieira de Melo,,Jardim Centenário,521,25
49090106,Rua Um,(Lot Nova Liberdade II),Jardim Centenário,521,25
49090109,Rua Dois,(Lot Nova Liberdade II),Jardim Centenário,521,25
49090113,Rua Laudelino dos Santos,,Jardim Centenário,521,25
49090116,Rua Quatro,(Lot Nova Liberdade II),Jardim Centenário,521,25
49090120,Travessa Capitão Machado,,Bugio,521,25
49090123,Rua H,(Lot Estrela do Oriente),Bugio,521,25
49090126,Rua I,(Lot Estrela do Oriente),Bugio,521,25
49090129,Rua J,(Lot Estrela do Oriente),Bugio,521,25
49090132,Rua A4,(Lot Estrela do Oriente),Bugio,521,25
49090135,Rua B,(Lot Estrela do Oriente),Bugio,521,25
49090140,Rua Carmelita Góes,,Bugio,521,25
49090150,Rua Luiz Alberto Moura,,Bugio,521,25
49090160,Rua Aparecida Góes,,Bugio,521,25
49090170,Rua Laudelino José dos Santos,,Bugio,521,25
49090180,Rua Maria Souza Rosa,,Bugio,521,25
49090190,Rua Maroca Fonseca,,Bugio,521,25
49090193,Rua Luiz Pedro Silva,,Bugio,521,25
49090196,Rua Eurídice Mota Santa Rosa,,Bugio,521,25
49090210,Rua Nelson Maynard,,Bugio,521,25
49090220,Rua Neusisse Pereira,,Bugio,521,25
49090223,Rua Lauro Azevedo de Souza,,Bugio,521,25
49090230,Rua A,(Lot Anchietão),Bugio,521,25
49090233,Rua B,(Lot Anchietão),Bugio,521,25
49090236,Rua A5,(Lot Anchietão),Bugio,521,25
49090240,Rua Professor Gileno de Freitas,,Bugio,521,25
49090250,Rua Radialista José da Silva Lima,,Jardim Centenário,521,25
49090253,Rua Seis,(Lot Nova Liberdade II),Jardim Centenário,521,25
49090256,Rua Sete,(Lot Nova Liberdade II),Jardim Centenário,521,25
49090259,Rua Oito,(Lot Nova Liberdade II),Jardim Centenário,521,25
49090260,Rua Ronaldo Calumbi Barreto,,Bugio,521,25
49090263,Rua Nossa Senhora Aparecida,,Bugio,521,25
49090266,Rua Jaime José dos Santos,,Bugio,521,25
49090273,Rua Maria de Lourdes Melo Dória,,Jardim Centenário,521,25
49090276,Avenida Canal II,,Jardim Centenário,521,25
49090279,Avenida Canal I,,Jardim Centenário,521,25
49090280,Rua Valdeci Santos,,Jardim Centenário,521,25
49090283,Rua Gilvam Garangau,,Jardim Centenário,521,25
49090289,Rua Enézio Pinto Filho,,Jardim Centenário,521,25
49090290,Rua Maria de Lourdes Cruz do Nascimento,,Jardim Centenário,521,25
49090293,Travessa Um,(Lot Nova Liberdade II),Jardim Centenário,521,25
49090296,Rua Maria Jailda Aragão Barroso,,Jardim Centenário,521,25
49090300,Praça Vereador Osvaldo Mendonça,,Bugio,521,25
49090310,Praça Zedeclias da Silva Lemos,,Bugio,521,25
49090320,Rua Jornalista Antônio Carlos Mendonça,,Bugio,521,25
49090323,Travessa B1,(Cj Bugio III),Bugio,521,25
49090326,Travessa B2,(Cj Bugio III),Bugio,521,25
49090329,Travessa B3,(Cj Bugio III),Bugio,521,25
49090330,Travessa Major José Fonseca,,Bugio,521,25
49090340,Rua Marinês Aruba Santos,,Bugio,521,25
49090346,Travessa Ana Célia,,Bugio,521,25
49090356,Rua Aurélio Buarque de Holanda Ferreira,,Jardim Centenário,521,25
49090360,Rua Marques Leite Silva,,Bugio,521,25
49090370,Rua Antônio Ventura Santos,,Bugio,521,25
49090380,Rua Carmelita Soares da Silva,,Jardim Centenário,521,25
49090383,Travessa F2,,Jardim Centenário,521,25
49090386,Travessa F3,,Jardim Centenário,521,25
49090389,Travessa Manoel Vieira Melo,,Jardim Centenário,521,25
49090390,Rua Cabo Nivaldo Gomes da Silva,,Bugio,521,25
49090393,Rua A2,(Lot Beira Rio),Bugio,521,25
49090396,Travessa Beira Rio,,Bugio,521,25
49090400,Rua José Barbosa de Carvalho,,Bugio,521,25
49090403,Travessa Zeca Dantas,,Bugio,521,25
49090410,Travessa A1,(Lot Joel Nascimento),Bugio,521,25
49090413,Rua B,(Lot Joel Nascimento),Bugio,521,25
49090416,Rua C,(Lot Joel Nascimento),Bugio,521,25
49090419,Rua D,(Lot Joel Nascimento),Bugio,521,25
49090420,Rua Danteia Bezerra Melo,,Bugio,521,25
49090430,Rua João de Deus Oliveira,,Jardim Centenário,521,25
49090440,Rua Maria Vitalina de Argolo,,Bugio,521,25
49090450,Rua Vereador Pedro Alcântara Carvalho,,Bugio,521,25
49090460,Rua Pedro de Medeiros Chaves,,Bugio,521,25
49090470,Rua Valdemar Francisco das Chagas,,Bugio,521,25
49090473,Rua C4,(Cj Bugio III),Bugio,521,25
49090476,Rua Geny da Silva Dias,- lado ímpar,Bugio,521,25
49090479,Rua K,(Lot Estrela do Oriente),Bugio,521,25
49090480,Rua Comércio 1,,Bugio,521,25
49090490,Rua Santa Clara,,Jardim Centenário,521,25
49090493,Rua A,(Res Amintas Garcez),Jardim Centenário,521,25
49090496,Rua B,(Res Amintas Garcez),Jardim Centenário,521,25
49090499,Rua C,(Res Amintas Garcez),Jardim Centenário,521,25
49090500,Rua Laudelino Raimundo Santos Filho,,Jardim Centenário,521,25
49090503,Rua Paulo Oliveira Rocha,,Jardim Centenário,521,25
49090506,Rua Terezinha Macedo,,Jardim Centenário,521,25
49090510,Rua José Alves Santos,,Bugio,521,25
49090513,Rua I3,,Bugio,521,25
49090520,Rua Faustina Araújo Lima,,Bugio,521,25
49090523,Travessa A,(Invasão do Bugio),Bugio,521,25
49090530,Rua Severino Rodrigues Sobrinho,,Bugio,521,25
49090533,Travessa C,(Cj Bugio III),Bugio,521,25
49090536,Travessa dos Pescadores,,Bugio,521,25
49090540,Rua José Gilvando Carvalho,,Bugio,521,25
49090543,Rua Beira Rio,(Lot Estrela do Oriente),Bugio,521,25
49090546,Travessa Beira Rio,(Lot Estrela do Oriente),Bugio,521,25
49090549,Rua João dos Santos Cunha,,Bugio,521,25
49090550,Rua Juvêncio Hilário de Santana,,Bugio,521,25
49090556,Rua E,(Cj Bugio III),Bugio,521,25
49090560,Rua C2,,Bugio,521,25
49090563,Rua Erivaldo da Silva,,Bugio,521,25
49090566,Rua D,(Cj Bugio III),Bugio,521,25
49090570,Rua C3,,Bugio,521,25
49090580,Rua Comércio 5,,Jardim Centenário,521,25
49090620,Rua Cleovansóstenes dos Santos,,Bugio,521,25
49090630,Rua Jacy Andrade de Jesus,,Bugio,521,25
49090650,Rua E1,,Bugio,521,25
49090660,Rua Maria Vieira Santos,,Bugio,521,25
49090680,Rua Maria Sales Rodrigues,,Bugio,521,25
49090710,Rua F1,,Bugio,521,25
49090720,Rua Denisson Xavier de Andrade,,Bugio,521,25
49090730,Rua Adalto Barbosa da Costa,,Bugio,521,25
49090733,Rua Maria Lúcia Goés,,Bugio,521,25
49090736,Travessa Maria Lúcia Góes,,Bugio,521,25
49090750,Rua Jehovah Ribeiro Couto,,Jardim Centenário,521,25
49090760,Rua Antônio José da Conceição,,Jardim Centenário,521,25
49090763,Rua Sabino Vasconcelos Santos,,Jardim Centenário,521,25
49090780,Rua Plácido Lima Teles,,Bugio,521,25
49090783,Travessa Manoel Messias,,Bugio,521,25
49090786,Travessa Manoel Messias I,,Bugio,521,25
49090789,Travessa Manoel Messias II,,Bugio,521,25
49090792,Travessa Adilson Matos,,Bugio,521,25
49090800,Rua José Olímpio dos Santos,,Jardim Centenário,521,25
49090810,Rua José Armando Costa,,Bugio,521,25
49090821,Rua F,(Lot Ângela Catarina),Jardim Centenário,521,25
49090823,Rua São Maurício,,Jardim Centenário,521,25
49090826,Rua Deoclides Vasconcelos,,Jardim Centenário,521,25
49090829,Rua Parteira Ana Santos,,Jardim Centenário,521,25
49090830,Avenida José de Oliveira Guedes,,Bugio,521,25
49090840,Rua Professora Maria Valdete G. Santos,,Jardim Centenário,521,25
49091020,Rua Vereador José Ferreira de Melo,,Bugio,521,25
49091030,Rua Denisia Cristina Bastos,,Bugio,521,25
49091040,Avenida Matadouro,,Jardim Centenário,521,25
49091043,Rua Manoel de Oliveira França,,Jardim Centenário,521,25
49091046,Rua Pedro Vitor da Cruz,,Jardim Centenário,521,25
49091049,Rua Levi Alves Nogueira,,Jardim Centenário,521,25
49091050,Rua Natália de Melo Andrade,,Bugio,521,25
49091080,Rua Ezequias Pinto dos Santos,,Bugio,521,25
49091090,Rua Manoel André dos Santos,,Bugio,521,25
49091103,Travessa Anchieta,,Bugio,521,25
49091106,Rua B,(Lot Anchieta),Bugio,521,25
49091109,Rua Beira Rio,,Bugio,521,25
49091112,Rua C,(Lot Anchieta),Bugio,521,25
49091120,Rua Maria Santana,,Bugio,521,25
49091200,Travessa Marcos Tourinho,,Bugio,521,25
49092010,Rua João Passos,,Olaria,521,25
49092020,Rua José Rivaldo Souza Góes,,Olaria,521,25
49092030,Rua Francisco Xavier da Paixão,,Olaria,521,25
49092040,Rua Joana Maria dos Prazeres,,Olaria,521,25
49092050,Rua Manoel Carlos de Jesus,,Olaria,521,25
49092060,Rua José Adriano dos Santos,,Olaria,521,25
49092070,Rua Alexandre Bispo de Andrade,,Olaria,521,25
49092080,Rua Maria Francisca Guedes,,Olaria,521,25
49092090,Rua Maria Celestina da Paixão,,Olaria,521,25
49092100,Rua Santa Rita,,Olaria,521,25
49092110,Rua Irmã Dulce,,Olaria,521,25
49092120,Rua Nossa Senhora das Candeias,,Olaria,521,25
49092130,Rua Joana de Angelis,,Olaria,521,25
49092140,Rua Tânia da Mota Paixão,,Olaria,521,25
49092150,Rua Eduardo Honório de Souza,,Olaria,521,25
49092160,Rua Jerusalém,,Olaria,521,25
49092163,Travessa Jerusalém,,Olaria,521,25
49092170,Rua Jorge Joaquim Santana,,Olaria,521,25
49092180,Rua Presidente Jânio Quadros,,Olaria,521,25
49092190,Travessa Santa Gleide,,Olaria,521,25
49092200,Travessa João Passos,,Olaria,521,25
49092210,Travessa Francisco Xavier,,Olaria,521,25
49092213,Rua Santa Terezinha,,Olaria,521,25
49092216,Travessa Santa Terezinha,,Olaria,521,25
49092220,Travessa Manoel Carlos de Jesus,,Olaria,521,25
49092230,Travessa Maria de Jesus,,Olaria,521,25
49092240,Travessa São Paulo,,Olaria,521,25
49092250,Rua São Paulo,,Olaria,521,25
49092260,Travessa Eduardo Honório de Souza,,Olaria,521,25
49092270,Travessa Dezoito de Maio,,Olaria,521,25
49092273,Rua Dezoito de Maio,,Olaria,521,25
49092280,Travessa Alexandre Bispo de Andradre,,Olaria,521,25
49092290,Travessa Jânio Quadros I,,Olaria,521,25
49092300,Travessa Jânio Quadros II,,Olaria,521,25
49092310,Travessa Joana de Angelis,,Olaria,521,25
49092320,Travessa Nossa Senhora das Candeias,,Olaria,521,25
49092330,Travessa Maria Francisca Guedes,,Olaria,521,25
49092345,Travessa Manuel Muniz,,Olaria,521,25
49092350,Rua Avanir Lima Freitas,,Olaria,521,25
49092353,Travessa Santa Maria,,Olaria,521,25
49092360,Rua Maria Inês Santos,,Olaria,521,25
49092362,Travessa Maria Inês Santos,,Olaria,521,25
49092370,Travessa Avanir Lima Freitas,,Olaria,521,25
49092380,Rua Sônia Regina Araújo dos Santos,,Olaria,521,25
49092410,Rua Professora Nair Porto,,Olaria,521,25
49092420,Rua Djalmira Freitas,,Olaria,521,25
49092430,Rua Simone Lima Freire,,Olaria,521,25
49092440,Rua José Procópio,,Olaria,521,25
49092450,Avenida Maria Fonseca de Moraes,,Olaria,521,25
49092470,Rua Pedro Moura,,Olaria,521,25
49092473,Travessa B,(Veneza II),Olaria,521,25
49092490,Rua Contorno,,Olaria,521,25
49092510,Rua Evangelino da Paixão,,Olaria,521,25
49092520,Rua Idalício Soares,,Olaria,521,25
49092530,Rua João Ferreira Lima,,Olaria,521,25
49092545,Avenida Chanceler Osvaldo Aranha,- de 2 ao fim - lado par,Olaria,521,25
49092550,Rua Eulina Lima dos Santos,,Olaria,521,25
49092560,Praça Josefa Nunes,,Olaria,521,25
49092570,Rua Leonardo Teixeira Menezes,,Olaria,521,25
49092573,Rua Cleidiane Teles Cardoso,,Olaria,521,25
49092576,Rua Eliene Francisca de Jesus,,Olaria,521,25
49092579,Rua Railda Maria do Nascimento,,Olaria,521,25
49092582,Rua Hélcio Baptista de Araújo,,Olaria,521,25
49092585,Rua Veronícia da Silva Lessa,,Olaria,521,25
49092588,Rua Sete,(Cj Mª do Carmo I),Olaria,521,25
49092591,Rua Jacira Maria da Conceição Alves,,Olaria,521,25
49092594,Rua Nove,(Cj Mª do Carmo I),Olaria,521,25
49092597,Rua Bruna Onofre dos Santos,,Olaria,521,25
49092600,Rua Dois,(Cj Mª do Carmo II),Olaria,521,25
49092603,Rua Três,(Cj Mª do Carmo II),Olaria,521,25
49092606,Rua Marlene Gomes de Souza,,Olaria,521,25
49092609,Rua Lucimar de Araújo,,Olaria,521,25
49092612,Rua Seis,(Cj Mª do Carmo II),Olaria,521,25
49092615,Rua Valterlan Messias Santos,,Olaria,521,25
49092618,Rua Roneydson Adriano Souza da Silva,,Olaria,521,25
49092624,Rua Dez,(Cj Mª do Carmo II),Olaria,521,25
49092627,Rua Carlos Eduardo Pereira dos Santos,,Olaria,521,25
49092630,Rua Maria da Paz de Brito,,Olaria,521,25
49092633,Rua Treze,(Cj Mª do Carmo II),Olaria,521,25
49092636,Rua Quatorze,(Cj Mª do Carmo II),Olaria,521,25
49092639,Rua Quinze,(Cj Mª do Carmo II),Olaria,521,25
49092642,Rua Dezesseis,(Cj Mª do Carmo II),Olaria,521,25
49092645,Rua Dezessete,(Cj Mª do Carmo II),Olaria,521,25
49092648,Rua Dezoito,(Cj Mª do Carmo II),Olaria,521,25
49092651,Travessa Canal,,Olaria,521,25
49092654,Rua Canal I,(Cj Mª do Carmo II),Olaria,521,25
49092657,Travessa A,(Cj Mª do Carmo I),Olaria,521,25
49092660,Rua A,(Lot Nova Liberdade I),Olaria,521,25
49092663,Rua José da Silva Carvalho,(Lot Nova Liberdade I),Olaria,521,25
49092666,Travessa A1,(Lot Nova Liberdade I),Olaria,521,25
49092669,Travessa B,(Lot Nova Liberdade I),Olaria,521,25
49092672,Rua Joana Calixta dos Santos Fontes,(Lot Nova Liberdade I),Olaria,521,25
49092673,Travessa E,(Lot Nova Liberdade I),Olaria,521,25
49092675,Avenida Canal,(Lot Nova Liberdade I),Olaria,521,25
49092678,Rua Canal II,(Lot Nova Liberdade I),Olaria,521,25
49092690,Rua Um,(Lot Portal Ind de Aju),Olaria,521,25
49092693,Avenida Central,(Lot Portal Ind de Aju),Olaria,521,25
49092696,Rua Três,(Lot Portal Ind de Aju),Olaria,521,25
49092699,Rua A,(Lot alto da Mangueira),Olaria,521,25
49092702,Rua B,(Lot Alto da Mangueira),Olaria,521,25
49092705,Rua C,(Lot Alto da Mangueira),Olaria,521,25
49092708,Travessa A,(Lot Nova Liberdade I),Olaria,521,25
49092711,Travessa C,(Lot Nova Liberdade I),Olaria,521,25
49092714,Travessa D,(Lot Nova Liberdade I),Olaria,521,25
49092717,Avenida Lourival Souza Nery,,Olaria,521,25
49092720,Avenida Canal 5,,Olaria,521,25
49094970,"Avenida Presidente Tancredo Neves, s/n",,Jabotiana,521,25
49095000,Avenida Presidente Tancredo Neves,- de 2697 a 5655 - lado ímpar,Jabotiana,521,25
49095010,Rua Accioly Porto,,Jabotiana,521,25
49095020,Rua Álvaro Rodrigues,,Jabotiana,521,25
49095030,Rua Antônio Alves Aragão,,Jabotiana,521,25
49095040,Rua Antônio do Nascimento Rodrigues,,Jabotiana,521,25
49095050,Rua Antônio Dória da Silva,,Jabotiana,521,25
49095060,Rua Antônio Oliveira Lima,,Jabotiana,521,25
49095070,Avenida Antônio Severiano de Assis,,Jabotiana,521,25
49095080,Rua Doutor Humberto Mourão Guimarães,,Jabotiana,521,25
49095090,Rua Doutor Joaquim Ribeiro Chaves,,Jabotiana,521,25
49095100,Avenida Farmacêutica Cezartina Régis,,Jabotiana,521,25
49095110,Rua Felisbelo Gomes dos Santos,,Jabotiana,521,25
49095130,Rua Flodualdo Rodrigues Dória,,Jabotiana,521,25
49095140,Rua Francisco de Paula Silva,,Jabotiana,521,25
49095150,Rua Gervásio Pereira de Almeida,,Jabotiana,521,25
49095160,Rua João Batista Freire,,Jabotiana,521,25
49095170,Rua João Leal Soares,,Jabotiana,521,25
49095173,Rua João Batista de Melo,,Jabotiana,521,25
49095180,Rua João Ouro,,Jabotiana,521,25
49095185,Praça Antônio Teixeira,,Jabotiana,521,25
49095190,Rua José Pacheco,,Jabotiana,521,25
49095200,Praça Doutora Juciara Menezes Campos,,Jabotiana,521,25
49095210,Rua Patrulheiro Carlos Gonçalves Santos,,Jabotiana,521,25
49095220,Rua Luiz Vieira Ramos,,Jabotiana,521,25
49095230,Rua Major João Teles,,Jabotiana,521,25
49095240,Rua Maria do Carmo Andrade Costa,,Jabotiana,521,25
49095250,Rua Martins Barros,,Jabotiana,521,25
49095260,Rua Professora Maria Esther Lima Tavares,,Jabotiana,521,25
49095270,Rua Nicanor Teles de Andrade,,Jabotiana,521,25
49095280,Rua A,(Anexo IV),Jabotiana,521,25
49095283,Rua B,(Anexo IV),Jabotiana,521,25
49095286,Rua C,(Anexo IV),Jabotiana,521,25
49095290,Rua Patrulheiro Fausto Elói dos Santos,,Jabotiana,521,25
49095300,Rua Patrulheiro José Garcez de Andrade,,Jabotiana,521,25
49095310,Rua Patrulheiro Pedro Leite de Oliveira,,Jabotiana,521,25
49095320,Rua Patrulheiro Rodoviário,,Jabotiana,521,25
49095330,Rua Paulo César Novais,,Jabotiana,521,25
49095340,Rua Professor Franco Freire,,Jabotiana,521,25
49095350,Rua Professor Henrique Souza,,Jabotiana,521,25
49095360,Rua Professor José Antônio da Costa Melo,,Jabotiana,521,25
49095362,Rua Vinte e Seis,(Cj JK),Jabotiana,521,25
49095370,Rua Professor Ruy Eloy,,Jabotiana,521,25
49095380,Rua Sargento Helles Nunes Oliveira,,Jabotiana,521,25
49095400,Rua Antônio Cabral Tavares,,Jabotiana,521,25
49095410,Rua Carteiro Enock Cortes,,Jabotiana,521,25
49095420,Rua Gilberto Teles de Menezes,,Jabotiana,521,25
49095430,Rua João de Souza Leal,,Jabotiana,521,25
49095440,Rua Poeta Roberto Mozart,,Jabotiana,521,25
49095450,Rua José Carlos Barbosa de Faro,,Jabotiana,521,25
49095460,Praça Iselte Fernandes Azevedo,,Jabotiana,521,25
49095480,Rua Luiz Carlos de Aguiar Machado,,Jabotiana,521,25
49095490,Rua Bosco Seabra,,Jabotiana,521,25
49095520,Rua Oswaldo Garavini,,Jabotiana,521,25
49095530,Rua José Pereira de Souza,,Jabotiana,521,25
49095540,Rua Josadack Albuquerque,,Jabotiana,521,25
49095545,Avenida Rio Poxim,,Jabotiana,521,25
49095550,Rua Érico Alves dos Santos,,Jabotiana,521,25
49095560,Rua Temístocles Diniz Gonçalves,,Jabotiana,521,25
49095570,Rua Ubaldo Vitorino,,Jabotiana,521,25
49095580,Rua Ana Cristina Matheus Silva,,Jabotiana,521,25
49095590,Avenida Coronel Sizino da Rocha,,Jabotiana,521,25
49095595,Avenida Real,,Jabotiana,521,25
49095600,Rua Professor Oscar Vasconcelos,,Jabotiana,521,25
49095603,Rua A,(Anexo III),Jabotiana,521,25
49095610,Rua Raul Ribeiro Nunes,,Jabotiana,521,25
49095615,Rua A,(Anexo I),Jabotiana,521,25
49095618,Rua A,(Anexo II),Jabotiana,521,25
49095620,Rua Oziel Dória,,Jabotiana,521,25
49095630,Rua Paulo Rocha Novaes,,Jabotiana,521,25
49095640,Travessa Margarida Maria Silva Dantas,,Jabotiana,521,25
49095650,Avenida Escritor Graciliano Ramos,,Jabotiana,521,25
49095660,Rua Maria Hortência Carvalho Sobral,,Jabotiana,521,25
49095670,Rua George Melo de Oliveira,,Jabotiana,521,25
49095680,Rua Promotor João Maynard Barreto,,Jabotiana,521,25
49095690,Rua Procurador Laurindo Alves Campos,,Jabotiana,521,25
49095700,Rua Promotor Genésio Cavalcante Fróes,,Jabotiana,521,25
49095710,Rua Promotor Alisson Porto,,Jabotiana,521,25
49095720,Rua Melchisedeck da Graça Fernandes,,Jabotiana,521,25
49095730,Rua Décio Garcez,,Jabotiana,521,25
49095740,Praça Agrinaldo Campos Lira,,Jabotiana,521,25
49095750,Avenida Laurindo dos Santos,,Jabotiana,521,25
49095760,Rua Estudante Jailton Mário O. da Silva,,Jabotiana,521,25
49095770,Praça José Ariel Rabelo de Almeida,,Jabotiana,521,25
49095780,Rua Jasiel de Brito Côrtes,,Jabotiana,521,25
49095783,Rua Antônio José dos Santos,,Jabotiana,521,25
49095786,Rua Josefina Ribeiro de Carvalho,,Jabotiana,521,25
49095789,Travessa E,,Jabotiana,521,25
49095790,Avenida Marechal Cândido Mariano da Silva Rondon,(lado ímpar),Jabotiana,521,25
49095793,Rua Fátima Maria Chagas,,Jabotiana,521,25
49095796,Rua João Gêniton da Costa,,Jabotiana,521,25
49095799,Rua Projetada 3,(Conds Esplendor/Specialle),Jabotiana,521,25
49095800,Rua Luiz Antônio Silveira Teixeira,,Jabotiana,521,25
49095820,Travessa Santo Antônio,,Jabotiana,521,25
49095830,Rua B,(Lrg Aparecida),Jabotiana,521,25
49095833,Rua C,(Lrg Aparecida),Jabotiana,521,25
49095836,Rua José Bezerra Nascimento,,Jabotiana,521,25
49095839,Rua E,(Lrg Aparecida),Jabotiana,521,25
49095840,Rua Contorno F,,Jabotiana,521,25
49096010,Rua I,(Lot Cramol),Jabotiana,521,25
49096020,Estrada da Cabrita,,Jabotiana,521,25
49096040,Rua Jovina Santana,,Jabotiana,521,25
49096060,Rua Hilda Arcanjo Santos,,Jabotiana,521,25
49096070,Rua Arthur Carvalho,,Jabotiana,521,25
49096080,Rua Trinta,(Cj JK),Jabotiana,521,25
49096090,Rua José Rosendo Fontes Teles,,Jabotiana,521,25
49096100,Rua Trinta e Sete,(Cj JK),Jabotiana,521,25
49096110,Rua Trinta e Um,(Cj JK),Jabotiana,521,25
49096120,Travessa Trinta e Um de Março,(Cj Sol Nascente),Jabotiana,521,25
49096130,Rua Professora Ivete Piassá Fernandes Reis,,Jabotiana,521,25
49096135,Rua Jairo Piassá Fernandes,,Jabotiana,521,25
49096140,Rua Maria Helena Mandarino,,Jabotiana,521,25
49096150,Rua Vinte e Cinco,(Cj JK),Jabotiana,521,25
49096170,Rua D,(Lrg Aparecida),Jabotiana,521,25
49096173,Rua F,(Lrg Aparecida),Jabotiana,521,25
49096190,Travessa Quatro,(Cj Sta Lúcia),Jabotiana,521,25
49096200,Rua Edmundo da Silveira Coelho,,Jabotiana,521,25
49096210,Rua Vinte e Sete,(Cj JK),Jabotiana,521,25
49096230,Rua B,(Lot Morada Oliveiras),Jabotiana,521,25
49096233,Rua C1,(Lot Morada Oliveiras),Jabotiana,521,25
49096236,Rua D,(Lot Morada Oliveiras),Jabotiana,521,25
49096239,Rua E,(Lot Morada Oliveiras),Jabotiana,521,25
49096241,Rua F,(Lot Morada Oliveiras),Jabotiana,521,25
49096243,Rua G,(Lot Morada Oliveiras),Jabotiana,521,25
49096246,Rua H,(Lot Morada Oliveiras),Jabotiana,521,25
49096255,Avenida H,(Lot Morada Mangueiras),Jabotiana,521,25
49096258,Rua J,(Lot Morada Mangueiras),Jabotiana,521,25
49096261,Rua L,(Lot Morada Mangueiras),Jabotiana,521,25
49096264,Rua M,(Lot Morada Mangueiras),Jabotiana,521,25
49096267,Rua N,(Lot Morada Mangueiras),Jabotiana,521,25
49096270,Rua A,(Jd Coqueiros),Jabotiana,521,25
49096271,Travessa A,(Jd Coqueiros),Jabotiana,521,25
49096276,Rua B,(Jd Coqueiros),Jabotiana,521,25
49096277,Travessa Cristiano de Oliveira Santos,,Jabotiana,521,25
49096279,Rua C,(Jd Coqueiros),Jabotiana,521,25
49096282,Rua D,(Jd Coqueiros),Jabotiana,521,25
49096285,Rua E,(Jd Coqueiros),Jabotiana,521,25
49096288,Rua F,(Jd Coqueiros),Jabotiana,521,25
49097000,Avenida São João Batista,,Ponto Novo,521,25
49097010,Rua Acre,- de 2505/2506 ao fim,Ponto Novo,521,25
49097020,Rua Alfredo Lucas,,Ponto Novo,521,25
49097023,Rua Coronel Andrade,,Ponto Novo,521,25
49097030,Rua Álvaro Nascimento,,Ponto Novo,521,25
49097040,Travessa Álvaro Sampaio,,Ponto Novo,521,25
49097050,Avenida Acrísio Garcez,,Ponto Novo,521,25
49097060,Rua Antônio Militão Bragança,,Ponto Novo,521,25
49097070,Travessa Armando Sales,,Ponto Novo,521,25
49097080,Rua Cândido Batista Itajaí,,Ponto Novo,521,25
49097090,Rua Capitão José Machado,,Ponto Novo,521,25
49097110,Rua Coronel Américo Batalha,,Ponto Novo,521,25
49097120,Rua Coronel Jacinto Ribeiro,,Ponto Novo,521,25
49097130,Rua Coronel João Gonçalves,,Ponto Novo,521,25
49097140,Rua Coronel José Menezes Filho,,Ponto Novo,521,25
49097150,Travessa Coronel Leão Viana,,Ponto Novo,521,25
49097160,Rua Coronel Rivaldo Brito,,Ponto Novo,521,25
49097170,Rua Deóclides Azevedo,,Ponto Novo,521,25
49097180,Rua Desembargador Evangelino José de Faro,,Ponto Novo,521,25
49097183,Rua Senador Leandro Maciel,,Ponto Novo,521,25
49097186,Travessa Tabelião Euclides,,Ponto Novo,521,25
49097190,Rua Desembargador Gervásio Prata,,Ponto Novo,521,25
49097200,Rua Dom Pedro I,,Ponto Novo,521,25
49097205,Travessa Dom Pedro I,,Ponto Novo,521,25
49097210,Rua Dom Pedro II,,Ponto Novo,521,25
49097215,Rua Jurandi Gomes de Santana,,Ponto Novo,521,25
49097220,Rua Escrivão Antônio Henrique,,Ponto Novo,521,25
49097230,Travessa Fernando Madureira,,Ponto Novo,521,25
49097240,Rua Fernando Madureira,,Ponto Novo,521,25
49097250,Travessa Flora Prado Maia,,Ponto Novo,521,25
49097260,Rua Francisco de Araújo Macedo,,Ponto Novo,521,25
49097270,Rua Frei Luiz Canolo de Noronha,- lado par,Ponto Novo,521,25
49097273,Rua José Santos da Cruz,,Ponto Novo,521,25
49097276,Rua Salvador dos Santos Melo,,Ponto Novo,521,25
49097280,Rua General Firmo Freire,,Ponto Novo,521,25
49097290,Travessa Geraldo Brito,,Ponto Novo,521,25
49097300,Rua Governador Manoel Dantas,,Ponto Novo,521,25
49097303,Travessa Manoel Dantas,,Ponto Novo,521,25
49097310,Avenida Hipólito da Costa,,Ponto Novo,521,25
49097320,Rua João Soares Nascimento,,Ponto Novo,521,25
49097330,Rua José Correia Paes,,Ponto Novo,521,25
49097340,Rua José Deodato Soares,,Ponto Novo,521,25
49097343,Rua Olavo da Cunha Lima,,Ponto Novo,521,25
49097350,Travessa José Lemos,,Ponto Novo,521,25
49097360,Rua Juca Prado,,Ponto Novo,521,25
49097370,Rua Luciano Nascimento,,Ponto Novo,521,25
49097380,Rua Luiz Carlos Prestes,,Ponto Novo,521,25
49097390,Travessa Manoel Polito,,Ponto Novo,521,25
49097400,Rua Manoel Santos Silva,,Ponto Novo,521,25
49097410,Travessa Maria Guimarães,,Ponto Novo,521,25
49097420,Travessa Mário Cardoso,,Ponto Novo,521,25
49097430,Rua Mestre Perciliano Andrade,,Ponto Novo,521,25
49097440,Rua Miguel Pereira,,Ponto Novo,521,25
49097450,Rua Milton Maynard,,Ponto Novo,521,25
49097460,Rua Oscar Nascimento,,Ponto Novo,521,25
49097480,Rua Parteira Mãe Quelé,,Ponto Novo,521,25
49097490,Travessa Pastor Manoel Messias,,Ponto Novo,521,25
49097500,Rua Pedro Soares,,Ponto Novo,521,25
49097510,Avenida Presidente Tancredo Neves,- de 3320 a 5280 - lado par,Ponto Novo,521,25
49097530,Travessa Professor Misael Viana,,Ponto Novo,521,25
49097540,Travessa Professora Graziela,,Ponto Novo,521,25
49097550,Rua Radialista Godofredo Chagas Ramos,,Ponto Novo,521,25
49097560,Travessa São João Batista,,Ponto Novo,521,25
49097563,Rua Radialista Carlos Rodolfo Rodrigues Gois,,Ponto Novo,521,25
49097566,Rua Milton Magalhães,,Ponto Novo,521,25
49097570,Rua Simon Bolívar,,Ponto Novo,521,25
49097580,Rua Sinésia Barreto Moura,,Ponto Novo,521,25
49097600,Travessa Zizinha Guimarães,,Ponto Novo,521,25
49097610,Praça Doutor Celso Carvalho,,Ponto Novo,521,25
49097620,Praça Dom Mário Villas-Boas,,Ponto Novo,521,25
49097630,Praça Santiago Dantas,,Ponto Novo,521,25
49097640,Praça Lourival Baptista,,Ponto Novo,521,25
49097650,Rua Moizete Leite Mendonça,,Ponto Novo,521,25
49097653,Travessa C,(Lot 31de Março),Ponto Novo,521,25
49097656,Rua Presidente Nelson Mandela,,Ponto Novo,521,25
49097670,Avenida Augusto Franco,- de 2282 ao fim - lado par,Ponto Novo,521,25
49097680,Rua Alessandro Santos de Santana,,Ponto Novo,521,25
49097690,Rua Manoel Romão da Silva,,Ponto Novo,521,25
49097700,Rua Promotor Valdir de Freitas Dantas,,Ponto Novo,521,25
49097710,Rua Francisco de Assis Delmondes Pereira Freitas,,Ponto Novo,521,25
49100000,,,,8509,25
49100970,Rua João Bebe Agua 20,,Centro,8509,25
49100971,"Avenida Marginal, s/n Conjunto E Gomes",,Rosa Elze,8509,25
49100972,"Avenida Marginal, s/n",,Centro,8509,25
49120000,,,,4474,25
49120970,Rua Emídio Max Neto 60,,Centro,4474,25
49120971,"Rua Principlal, s/n",,Centro,4474,25
49120972,"Avenida Principal, s/n",,Centro,4474,25
49130000,,,,7652,25
49130970,Rua Senador Leite Neto 10,,Centro,7652,25
49140000,,,,959,25
49140970,Avenida Via Oceânica 835,,Centro,959,25
49160970,Praça Getulio Vargas 144,,Centro,6075,25
49160971,"Avenida Coletora A, s/n",,Taiçoca de Fora,6075,25
49160973,Avenida Principal 982,,Piabeta,6075,25
49160974,Avenida Eixo Estrutural A 1018,,Taiçoca de Fora,6075,25
49170000,,,,5098,25
49170971,"Rua Principal, s/n",,Centro,5098,25
49170991,"Rua da Igreja, 55",,,5098,25
49180000,,,,8346,25
49180970,Praça São José 51,,Centro,8346,25
49190000,,,,7072,25
49190970,"Praça dos Esportes, s/n",,Centro,7072,25
49200000,,,,3245,25
49200970,Rua Capitão Salomão 191,,Centro,3245,25
49200971,Avenida Jornalista Augusto Gomes 888,,Cidade Nova,3245,25
49200972,Avenida João Lima da Silveira 3254,,Alagoas,3245,25
49220000,,,,613,25
49220970,Praça Doutora do Maria do Carmo N. Alves 174,,Centro,613,25
49220971,"Rua Principal, s/n",,Centro,613,25
49230000,,,,8146,25
49230970,"Praça Getulio Vargas, s/n",,Centro,8146,25
49250000,,,,4151,25
49250970,Rua Marcos Ferreira da Costa 442,,Centro,4151,25
49260000,,,,9961,25
49260970,Rua Benjamim Constant 178,,Centro,9961,25
49270000,,,,2787,25
49270970,Rua José da Costa Dórea 16,,Centro,2787,25
49280000,,,,9764,25
49280970,"Praça Pedro Silva Costa, s/n",,Centro,9764,25
49290000,,,,4294,25
49290970,Praça João Alves Filho 411,,Centro,4294,25
49290971,"Praça do Mercado, s/n",,Centro,4294,25
49300000,,,,9752,25
49300970,Rua Antônio Mota Amado 444,,Centro,9752,25
49300971,Avenida Luiz Alves de Oliveira Filho 704,,Centro,9752,25
49300972,"Avenida Luiz Alves de Oliveira Filho, s/n",,Centro,9752,25
49310000,,,Samambaia,9752,25
49320000,,,,7624,25
49320970,Rua Leopoldo Braque 6,,Centro,7624,25
49320971,"Rua Principal, s/n",,Centro,7624,25
49320972,"Rua Principal, s/n",,Centro,7624,25
49320973,"Rua Jackson de Figueiredo, s/n",,Centro,7624,25
49325000,,,Palmares,7624,25
49350000,,,,6833,25
49350970,Praça São José 166,,Centro,6833,25
49360000,,,,1400,25
49360970,"Rua Terencio Carvalho, s/n",,Centro,1400,25
49390000,,,,7941,25
49390970,Rua Felinto Alves Teixeira 57,,Centro,7941,25
49400000,,,,4938,25
49400970,Rua Doutor Lupicinio Barros 94,,Centro,4938,25
49400971,"Rua Principal, s/n",,Centro,4938,25
49400972,"Avenida Principal, s/n",,Centro,4938,25
49400973,"Acesso Principal, s/n",,Centro,4938,25
49400974,"Praça Do Mercado, s/n",,Centro,4938,25
49400975,"Estrada Principal, s/n",,Centro,4938,25
49400976,"Rua Principal, s/n",,Centro,4938,25
49400977,"Rua Principal, s/n",,Centro,4938,25
49480000,,,,9388,25
49480970,Avenida Coronel Loyola 19,,Centro,9388,25
49490000,,,,7194,25
49490970,Travessa da Ana da Fonseca 45,,Centro,7194,25
49500970,Avenida Ivo de Carvalho 336,,Centro,4291,25
49500971,Área Rural,,Área Rural de Itabaiana,4291,25
49500990,"Rua Principal, s/n",,,4291,25
49512000,,,,6808,25
49512970,"Rua Capitão José Florencio, s/n",,Centro,6808,25
49514000,,,,3530,25
49514970,Rua Maria de Oliveira Nunes 21,,Centro,3530,25
49514971,"Rua Principal, s/n",,Centro,3530,25
49517000,,,,7015,25
49517970,"Travessa Municipal, s/n",,Centro,7015,25
49520000,,,,1835,25
49520970,Rua João Pessoa 29,,Centro,1835,25
49525000,,,,8517,25
49525970,Travessa José Amado de Andrade 129,,Centro,8517,25
49530000,,,,7692,25
49530970,Avenida Leandro Maciel 93,,Centro,7692,25
49530971,"Rua Principal, s/n",,Centro,7692,25
49535000,,,,8940,25
49535970,"Praça Oliveira Campos, s/n",,Centro,8940,25
49540000,,,,6045,25
49540970,"Praça Pedro Barbosa, s/n",,Centro,6045,25
49540971,"Avenida Tiradentes, s/n",,Centro,6045,25
49550000,,,,2133,25
49550970,Rua Domingos Venâncio Neto 62,,Centro,2133,25
49550971,"Praça da Matriz, s/n",,Centro,2133,25
49550972,"Rua Principal, s/n",,Centro,2133,25
49555000,,,Altos Verdes,2133,25
49560000,,,,5744,25
49560970,Rua Nossa Senhora das Dores 7,,Centro,5744,25
49565000,,,,5255,25
49565970,Rua João Aves Filho 1,,Centro,5255,25
49570000,,,,5324,25
49570970,"Rua José Sá Barreto, s/n",,Centro,5324,25
49580000,,,,632,25
49580970,"Largo Manoel do Prado Franco, s/n",,Centro,632,25
49600000,,,,6058,25
49600970,Rua Benjamin Constant 33,,Centro,6058,25
49630000,,,,9404,25
49630970,Praça Mário Pinoti 344,,Centro,9404,25
49640000,,,,8285,25
49640970,Rua 1º de Fevereiro 26,,Centro,8285,25
49650000,,,,2977,25
49650970,"Rua Rosário, s/n",,Centro,2977,25
49660000,,,,2850,25
49660970,Travessa Manoel Pecilho 47,,Centro,2850,25
49670000,,,,3359,25
49670970,Avenida Petronilio Menezes de Cotia 5,,Tancredo Neves,3359,25
49680000,,,,6053,25
49680970,Rua Pedro Alves Feitosa 141,,Centro,6053,25
49690000,,,,5779,25
49690970,Praça Deputado Passos Porto 260,,Centro,5779,25
49700000,,,,2009,25
49700970,Praça Manoel Cardoso Souza 25,,Centro,2009,25
49700971,"Rua Principal, s/n",,Centro,2009,25
49700972,"Rua Principal, s/n",,Centro,2009,25
49700973,"Rua Principal, s/n",,Centro,2009,25
49700974,"Rua Principal, s/n",,Centro,2009,25
49702000,,,Miranda,2009,25
49704000,,,Pedras,2009,25
49710000,,,Barracas,2009,25
49740000,,,,2158,25
49740970,Rua Luiz Maciel Barreto 34,,Centro,2158,25
49740971,"Rua Principal, s/n",,Centro,2158,25
49750000,,,,3614,25
49750970,Praça Coronel Ernesto Muniz Barreto 15,,Centro,3614,25
49760000,,,,7892,25
49760970,Rua 12 de Março 356,,Centro,7892,25
49770000,,,,5517,25
49780000,,,,5947,25
49780970,Praça da Bandeira 13,,Centro,5947,25
49790000,,,,508,25
49790970,Rua Eduardo Chaves 195,,Centro,508,25
49800000,,,,7293,25
49800970,Rua Salvador Nogueira 77,,Centro,7293,25
49800971,"Rua Salvador Nogueira, s/n",,Centro,7293,25
49800972,"Rua Salvador Nogueira, s/n",,Centro,7293,25
49800973,"Rua Salvador Nogueira, s/n",,Centro,7293,25
49800974,"Rua Salvador Nogueira, s/n",,Centro,7293,25
49810000,,,,7191,25
49810970,"Rua Lourival Batista, s/n",,Centro,7191,25
49820000,,,,1952,25
49820970,"Avenida Ananias Fernandes Santos, s/n",,Centro,1952,25
49820971,"Avenida Ananias Fernandes Santos, s/n",,Centro,1952,25
49820972,"Avenida Ananias Fernandes Santos, s/n",,Centro,1952,25
49830000,,,,3583,25
49830971,Rua da Frente 13,,Centro,3583,25
49830972,"Rua Principal, s/n",,Centro,3583,25
49835000,,,Lagoa Funda,3583,25
49840000,,,São Mateus da Palestina,3583,25
49860970,Avenida Getulio Vargas 38,,Centro,3703,25
49870000,,,,4301,25
49870970,Rua Providência 229,,Centro,4301,25
49880000,,,,1949,25
49880970,Rua Quintino Bocaiuva 392,,Centro,1949,25
49890000,,,,6066,25
49890970,Praça Luiz Gonzaga 47,,Centro,6066,25
49900000,,,,7446,25
49900970,Rua Getulio Vargas 80,,Centro,7446,25
49900971,"Rua Principal, s/n",,Centro,7446,25
49910000,,,,9667,25
49910970,Rua José Pereira da Silva 165,,Centro,9667,25
49920000,,,,374,25
49920970,"Praça da Independência, s/n",,Centro,374,25
49930000,,,,2303,25
49930970,Praça Jonas Trindade 215,,Centro,2303,25
49940000,,,,5322,25
49940970,Rua do Comércio 143,,Centro,5322,25
49940971,"Rua Principal, s/n",,Centro,5322,25
49945000,,,,8551,25
49945970,"Travessa Nova Brasília, s/n",,Centro,8551,25
49950000,,,,4688,25
49950970,Praça Eronildes de Carvalho 32,,Centro,4688,25
49960000,,,,4682,25
49960970,Rua Getulio Vargas 114,,Centro,4682,25
49960971,"Rua Principal, s/n",,Centro,4682,25
49970000,,,,6432,25
49970970,Praça 31 de Março 235,,Centro,6432,25
49980000,,,,6015,25
49980970,Praça Luiz Pitombo 48,,Centro,6015,25
49985000,,,,8225,25
49985970,Rua Belarmino Gomes 429,,Centro,8225,25
49985971,"Rua Belarmino Gomes, s/n",,Centro,8225,25
49985972,"Rua Belarmino Gomes, s/n",,Centro,8225,25
49990000,,,,4091,25
49990970,Avenida Barão Rio Branco 63,,Centro,4091,25
49990971,Rua Boa Vista 207,,Centro,4091,25
49995000,,,,1481,25
49995970,"Praça Getulio Vargas, s/n",,Centro,1481,25
49000296,Rua Maria Auxiliadora de Lima Oliveira,,Aruana,521,25
49000390,Rua Vereador Agnaldo da Rocha Menezes,,Aruana,521,25
49001066,Rua H,(Lot El Dourado),Aruana,521,25
49003187,Acesso Onze,(Bloco 2),17 de Março,521,25
49003190,Acesso Vinte e Nove,(Bloco 2),17 de Março,521,25
49004598,Travessa São Pedro,,Zona de Expansão (Robalo),521,25
49007193,Rua Muniz,,Zona de Expansão (Areia Branca),521,25
49007394,Rua Professor Antônio Tavares de Jesus,(Lot Prq Sta Rita),Zona de Expansão (Areia Branca),521,25
49007397,Rua B,(Lot Sta Rita),Zona de Expansão (Areia Branca),521,25
49007400,Rua C,(Lot Sta Rita),Zona de Expansão (Areia Branca),521,25
49007403,Rua D,(Lot Sta Rita),Zona de Expansão (Areia Branca),521,25
49007406,Rua E,(Lot Sta Rita),Zona de Expansão (Areia Branca),521,25
49009222,Avenida Maria Anamira Amado Batista Neta,,Zona de Expansão (Mosqueiro),521,25
49010230,Rua Apulcro Mota,,Centro,521,25
49010290,Rua Santo Amaro,,Centro,521,25
49010330,Rua Arauá,- até 501/502,Centro,521,25
49010510,Praça da Bandeira,- até 135 - lado ímpar,Centro,521,25
49010540,Travessa Doutor Hélio Ribeiro,,Centro,521,25
49020030,Rua Vereador João Calazans,,Treze de Julho,521,25
49025335,Praça Luciano Barreto Júnior,,Jardins,521,25
49025730,Rua José Olivio do Nascimento,,Jardins,521,25
49026225,Rua Monsenhor Olívio Teixeira,,Jardins,521,25
49026240,Avenida Antônio Carlos Leite Franco,,Jardins,521,25
49027030,Rua Aristotelino Cruz,,Grageru,521,25
49027170,Rua José Machado Tojal,,Grageru,521,25
49027325,Rua Vera Cristina Barbosa Bezerra,,Jardins,521,25
49027418,Rua Maurílio Rodrigues de Figueiredo Neto,,Grageru,521,25
49027422,Rua Maria Luiza Pereira Santos,,Grageru,521,25
49030380,Rua Hélio Fontes de Araújo Góes,,Farolândia,521,25
49030516,Rua Zilda Andrade Rosas,,Farolândia,521,25
49030660,Rua Professora Ivany da Glória Freire,,Farolândia,521,25
49030663,Rua Gabriela França dos Reis Jesus,,Farolândia,521,25
49030780,Rua Deputado Durval Militão de Araújo,,Farolândia,521,25
49032313,Travessa D,(Jd Mar Azul),Farolândia,521,25
49032320,Rua Paris,,Farolândia,521,25
49032486,Rua E,(Lot Sr do Bonfim),Farolândia,521,25
49035240,Rua Doutor Bezerra de Menezes,,Coroa do Meio,521,25
49035513,Rua Quatro,(Cj Marcelo Deda),Coroa do Meio,521,25
49035800,Rua Francisco Soares Nascimento,,Coroa do Meio,521,25
49036173,Travessa Projetada 01,,Atalaia,521,25
49037106,Rua B,(Lg S Conrado),Aeroporto,521,25
49037420,Avenida Lions Club,,Atalaia,521,25
49037430,Rua Luiz Chagas,,Atalaia,521,25
49037653,Travessa Rosina Matos,,Aeroporto,521,25
49037760,Travessa do Farol,,Aeroporto,521,25
49040040,Rua Alexandre Gusmão,,Inácio Barbosa,521,25
49040360,Rua Mário de Andrade,,Inácio Barbosa,521,25
49040450,Rua das Papoulas,,Inácio Barbosa,521,25
49040840,Rua Olímpio de Souza Campos Júnior,,Inácio Barbosa,521,25
49041016,Travessa Pantanal,,Inácio Barbosa,521,25
49042066,Travessa JN 1,,São Conrado,521,25
49042120,Rua Doutor Renato Mazzi Lucas,,São Conrado,521,25
49042370,Rua Valdice Braz de Jesus,,São Conrado,521,25
49042590,Rua Francisco Rollemberg Ramos,,São Conrado,521,25
49043329,Travessa R,,São Conrado,521,25
49043519,Rua A4,(Res Sta Maria),Santa Maria,521,25
49043658,Avenida Vinte e Cinco,(Lot Jd Recreio),Santa Maria,521,25
49043681,Rua D,(Lot Jd Recreio),Santa Maria,521,25
49043690,Rua Maria Rita de Cácia,(Lot Jd Recreio),Santa Maria,521,25
49044268,Rua B3,(Cj A C Valadares),Santa Maria,521,25
49044269,Travessa Contorno,(Cj A C Valadares),Santa Maria,521,25
49044350,Avenida A200,(Lot P do Sul),Santa Maria,521,25
49044532,Rua A,(Rec Cajueiros),Santa Maria,521,25
49045413,Rua Vereador João Alves da Silva,,Luzia,521,25
49045426,Rua Luís Ricardo Soares Freire,,Luzia,521,25
49047440,Rua Dona Abgail Ferreira Araújo Ramos,,Ponto Novo,521,25
49047459,Rua Domingos Rodrigues,,Ponto Novo,521,25
49048210,Rua José Mendonça,,Luzia,521,25
49048230,Rua Manoel Maurício Cardoso,,Luzia,521,25
49050090,Avenida Augusto Franco,- de 1949 a 2683 - lado ímpar,Pereira Lobo,521,25
49050220,Rua Dom Bosco,- de 932/933 ao fim,Suíssa,521,25
49050240,Avenida Doutor Edelzio Vieira de Melo,- de 238 a 1356 - lado par,Suíssa,521,25
49052100,Rua Edgar Barroso,,Pereira Lobo,521,25
49055470,Rua Natanael Santos Seabra,,Cirurgia,521,25
49055600,Rua de Riachão,- até 928/929,Getúlio Vargas,521,25
49055840,Travessa Propriá,,Getúlio Vargas,521,25
49060250,Rua Expedicionário Pedro Hilário,,Santo Antônio,521,25
49061020,Avenida Engenheiro Gentil Tavares,,Santo Antônio,521,25
49061049,Rua D,(Lot S Sebastião),Santo Antônio,521,25
49061109,Rua B,(Lot Sto Antônio),Santo Antônio,521,25
49061118,Rua Onze,(Jd Petrópolis),Santo Antônio,521,25
49061121,Rua Nove,(Jd Petrópolis),Santo Antônio,521,25
49061124,Rua A,(Jd Petrópolis),Santo Antônio,521,25
49063149,Travessa Nossa Senhora da Conceição,,Japãozinho,521,25
49065110,Rua Aracajuzinho,,Industrial,521,25
49065290,Rua Dom Quirino,,Industrial,521,25
49065350,Rua Epaminondas Sant'Ana,,Industrial,521,25
49065396,Rua São Marcos,,Industrial,521,25
49065520,Travessa Macedo,,Industrial,521,25
49065600,Rua Curitiba 02,,Industrial,521,25
49065660,Rua Sabino Ribeiro,,Industrial,521,25
49067043,Rua P,,Porto D'Antas,521,25
49067214,Rua M,(Lot At da Jaqueira),Porto D'Antas,521,25
49069149,Rua Trinta,,Porto D'Antas,521,25
49069219,Rua A,(Cj Cleonaldo S Araújo),Porto D'Antas,521,25
49069222,Rua D,(Cj Cleonaldo S Araújo),Porto D'Antas,521,25
49069225,Rua E,(Cj Cleonaldo S Araújo),Porto D'Antas,521,25
49069228,Rua F,(Cj Cleonaldo S Araújo),Porto D'Antas,521,25
49069231,Rua G,(Cj Cleonaldo S Araújo),Porto D'Antas,521,25
49069234,Rua B,(Cj Cleonaldo S Araújo),Porto D'Antas,521,25
49069237,Rua M,(Cj Cleonaldo S Araújo),Porto D'Antas,521,25
49069240,Rua L,(Cj Cleonaldo S Araújo),Porto D'Antas,521,25
49069243,Rua K,(Cj Cleonaldo S Araújo),Porto D'Antas,521,25
49069246,Rua J,(Cj Cleonaldo S Araújo),Porto D'Antas,521,25
49069249,Rua I,(Cj Cleonaldo S Araújo),Porto D'Antas,521,25
49069252,Rua H,(Cj Cleonaldo S Araújo),Porto D'Antas,521,25
49069255,Rua C,(Cj Cleonaldo S Araújo),Porto D'Antas,521,25
49070325,Rua Sete de Setembro,,Cidade Nova,521,25
49070790,Rua D2,(Lot Maracaju II),Cidade Nova,521,25
49070826,Rua B,(Lot At Bela Vista),Cidade Nova,521,25
49072380,Rua João Benevides Marques,,Dezoito do Forte,521,25
49072400,Avenida Bela Vista,,Dezoito do Forte,521,25
49072639,Rua A,(Lot JK),Dezoito do Forte,521,25
49072770,Rua Xavier Brito,,Dezoito do Forte,521,25
49080100,Vila Brasil,,América,521,25
49080300,Rua Haiti,- lado ímpar,América,521,25
49080488,Travessa B,(Lot José Olino),América,521,25
49080623,Rua B,(Cj Mª do Carmo),América,521,25
49080644,Rua I,(Cj Mª do Carmo),América,521,25
49082540,Rua Soldado José Luiz,,Novo Paraíso,521,25
49082630,Rua Professora Maria Santana de Jesus,,Novo Paraíso,521,25
49085560,Rua Gilberto Carnaúba,,José Conrado de Araújo,521,25
49087110,Rua Dezesseis de Novembro,,Santos Dumont,521,25
49087132,Rua Quatro,(Cj Cmte Miranda),Santos Dumont,521,25
49087140,Rua Dom Pedro II,,Santos Dumont,521,25
49087250,Rua Herildo Brito,,Santos Dumont,521,25
49087380,Rua Luiz Gonzaga,,Santos Dumont,521,25
49087556,Rua G,(Cj do Ipes),Santos Dumont,521,25
49088053,Rua Hildete Santos Freitas,,Lamarão,521,25
49088060,Rua Raquel de Queiroz,,Lamarão,521,25
49088255,Rua C,(Pousada Verde),Lamarão,521,25
49088263,Rua José Pereira Costa,,Lamarão,521,25
49088393,Rua G,(Lot Sit Mte Alto),Lamarão,521,25
49089095,Rua do Toque,,Soledade,521,25
49089106,Rua C,(Inv Sta Catarina),Soledade,521,25
49089115,Travessa E,(Inv Sta Catarina),Soledade,521,25
49089120,Rua M,(Lot Guarujá),Soledade,521,25
49089123,Rua F3,(Lot Soledade),Soledade,521,25
49089126,Rua Manoel Prudencio,,Soledade,521,25
49089206,Rua I,(Lot Rec Rio Palame),Soledade,521,25
49089211,Rua H,(Lot Rec Rio Palame),Soledade,521,25
49089214,Rua J,(Lot Rec Rio Palame),Soledade,521,25
49089217,Rua B,(Lot Rec Rio Palame),Soledade,521,25
49089243,Rua B,(Jd Bahia),Soledade,521,25
49089273,Rua José Carlos do Nascimento,,Soledade,521,25
49089395,Rua D,(Lot Rosa do Sol),Soledade,521,25
49090119,Rua Cinco,(Lot Nova Liberdade II),Jardim Centenário,521,25
49090200,Praça Minervino Correia Silva,,Bugio,521,25
49090407,Rua E,(Lot Joel Nascimento),Bugio,521,25
49090670,Rua E3,,Bugio,521,25
49090770,Rua Carlos Henrique de Oliveira Porto,,Bugio,521,25
49091100,Rua Anchieta,,Bugio,521,25
49092340,Rua Manuel Muniz,,Olaria,521,25
49092400,Rua Maria da Glória Andrade,,Olaria,521,25
49092621,Rua Nove,(Cj Mª do Carmo II),Olaria,521,25
49095188,Rua Tenente Wilson Pereira dos Santos,,Jabotiana,521,25
49095470,Rua Hildete Falcão Baptista,,Jabotiana,521,25
49096252,Rua I,(Lot Morada Oliveiras),Jabotiana,521,25
49096273,Rua Agapito Silva,,Jabotiana,521,25
49096295,Estrada do Aloc,,Jabotiana,521,25
49096300,Rua Principal,(Aloc),Jabotiana,521,25
49097590,Travessa Teófilo Barreto,,Ponto Novo,521,25
49097660,Travessa Alberto Azevedo,,Ponto Novo,521,25
49160000,,,,6075,25
49170970,Praça Marcolino Ezequiel 159,,Centro,5098,25
49860000,,,,3703,25
49004027,Rua B1,(Lot Jd Paraiso),Zona de Expansão (Robalo),521,25
49004030,Rua B2,(Lot Jd Paraiso),Zona de Expansão (Robalo),521,25
49004057,Travessa Um,(Rec Chacáras),Zona de Expansão (Robalo),521,25
49004060,Rua José Faustino,,Zona de Expansão (Robalo),521,25
49004279,Travessa do Hilário,,Zona de Expansão (Robalo),521,25
49005047,Rua Oito,(Lot Morada do Mar),Zona de Expansão (Robalo),521,25
49007119,Rua Vinte e Sete,,Zona de Expansão (Areia Branca),521,25
49007125,Rua Vinte e Nove A,,Zona de Expansão (Areia Branca),521,25
49007128,Rua Vinte e Nove B,,Zona de Expansão (Areia Branca),521,25
49007158,Travessa Vinte e Nove C,,Zona de Expansão (Areia Branca),521,25
49007161,Travessa Vinte e Nove D,,Zona de Expansão (Areia Branca),521,25
49007164,Travessa Vinte e Nove E,,Zona de Expansão (Areia Branca),521,25
49007316,Travessa Isaura,,Zona de Expansão (Areia Branca),521,25
49007322,Rua Cantinho da Vovó,,Zona de Expansão (Areia Branca),521,25
49007325,Rua Vinte e Oito,,Zona de Expansão (Areia Branca),521,25
49008268,Rua G,(Lot RGA),Zona de Expansão (Mosqueiro),521,25
49008271,Rua E,(Lot RGA),Zona de Expansão (Mosqueiro),521,25
49008274,Rua D,(Lot RGA),Zona de Expansão (Mosqueiro),521,25
49008772,Travessa Manoel Evangelista da Cruz,,Zona de Expansão (Mosqueiro),521,25
49010035,Largo Jackson de Figueiredo,,Centro,521,25
49020090,Rua Doutor Celso Oliva,,Treze de Julho,521,25
49020635,Rua Guilhermino Rezende,- lado ímpar,Treze de Julho,521,25
49030358,Avenida Marginal II,(Cond BemViver),Farolândia,521,25
49030513,Rua José Francisco Prejuízo,,Farolândia,521,25
49037770,Alameda dos Abaís,,Aeroporto,521,25
49038093,Rua B,(Jd Costa do Sol),Atalaia,521,25
49040690,Avenida Presidente João Goulart,,Inácio Barbosa,521,25
49043850,Rua João Gerônimo Crispim,,Santa Maria,521,25
49045703,Rua Maria Carmelita Santos de Andrade,,Luzia,521,25
49052333,Praça Desembargador Luiz Magalhães,,Pereira Lobo,521,25
49060610,Rua Manoel Preto,- lado par,Santo Antônio,521,25
49060613,Rua Manoel Preto,- lado ímpar,Santo Antônio,521,25
49061115,Rua Dez,(Jd Petrópolis),Santo Antônio,521,25
49061127,Rua Arnaldo de Mendonça Morais,,Santo Antônio,521,25
49067250,Rua I,(Lot Rec da Jaqueira),Porto D'Antas,521,25
49080170,Travessa Cruz Vermelha,,América,521,25
49081015,Avenida Doutor Carlos Rodrigues da Cruz,,Capucho,521,25
49088440,Rua da Independência,,Lamarão,521,25
49088443,Rua da Glória,,Lamarão,521,25
49088446,Rua dos Patriotas,,Lamarão,521,25
49088449,Rua da Justiça,,Lamarão,521,25
49088452,Rua do Progresso,,Lamarão,521,25
49088455,Rua Onze,(Cj Res Vitória Resistência),Lamarão,521,25
49088458,Rua da Liberdade,,Lamarão,521,25
49088461,Rua Wilson Garcia Ramos,,Lamarão,521,25
49088467,Rua da Solidariedade,,Lamarão,521,25
49088470,Rua dos Heróis,,Lamarão,521,25
49088473,Rua Três,(Cj Res Vitória Resistência),Lamarão,521,25
49088476,Rua Rosa Feliciana da Cruz,,Lamarão,521,25
49088479,Rua Cinco,(Cj Res Vitória Resistência),Lamarão,521,25
49088482,Rua Sindicalista José Souza de Jesus,,Lamarão,521,25
49088485,Rua da Cidadania,,Lamarão,521,25
49088488,Rua da Democracia,,Lamarão,521,25
49089209,Rua L,(Lot Rec Rio Palame),Soledade,521,25
49089423,Rua B,(Lot Isabel Martins),Soledade,521,25
49092125,Avenida Santa Gleide,,Olaria,521,25
49095803,Rua Cinco,(Cond Vivendas/Encantos do Bosque),Jabotiana,521,25
49095806,Rua Professor Damião Teles de Menezes,(Cond Life/Arbos),Jabotiana,521,25
49095809,Rua Projetada 2,(Conds Provillége/Prestige Residence,Jabotiana,521,25
49095812,Rua do Horto,(Cond Vila Verde),Jabotiana,521,25
49095815,Rua Nourival da Silva,,Jabotiana,521,25
49096291,Rua Antônio Fernando dos Reis Ribeiro,,Jabotiana,521,25
49096310,Rua Maria Terezinha de Carvalho,,Jabotiana,521,25
49160972,Rodovia BR-101 Km 90,,Palestina,6075,25
49400990,"Rua Principal, s/n",,,4938,25
49500972,Rua Francisco Santos 274,,Centro,4291,25
49770970,Rua Barão do Rio Branco 8,,Centro,5517,25
49830970,Praça Rio Branco 215,,Centro,3583,25
49000728,Rua Projetada,,Aruana,521,25
49000750,Rua Projetada I,,Aruana,521,25
49000756,Rua Governador João de Seixas Dória,,Aruana,521,25
49004228,Rua das Palmeiras,,Zona de Expansão (Robalo),521,25
49004231,Rua dos Cajueiros,,Zona de Expansão (Robalo),521,25
49004234,Rua das Plumérias,,Zona de Expansão (Robalo),521,25
49004237,Rua das Aroeiras,,Zona de Expansão (Robalo),521,25
49004240,Rua Alameda dos Ipês,,Zona de Expansão (Robalo),521,25
49004243,Rua das Pitangas,,Zona de Expansão (Robalo),521,25
49004246,Rua das Castanheiras,,Zona de Expansão (Robalo),521,25
49004249,Rua Alecrim,,Zona de Expansão (Robalo),521,25
49004252,Rua Mandacaru,,Zona de Expansão (Robalo),521,25
49004255,Rua das Amoreiras,,Zona de Expansão (Robalo),521,25
49004257,Rua dos Coqueiros,,Zona de Expansão (Robalo),521,25
49004291,Rua D,(Três Porquinhos),Zona de Expansão (Robalo),521,25
49004294,Travessa Sacramento,(Três Porquinhos),Zona de Expansão (Robalo),521,25
49004430,Avenida Arley Rafael Moreira de Freitas,,Zona de Expansão (Robalo),521,25
49004469,Rua Santo Expedito,,Zona de Expansão (Robalo),521,25
49004481,Rua Eulina das Dores,,Zona de Expansão (Robalo),521,25
49004553,Rua São Francisco de Assis,(Pov São José),Zona de Expansão (Robalo),521,25
49004604,Travessa da Igreja,,Zona de Expansão (Robalo),521,25
49004659,Travessa São Vicente V,,Zona de Expansão (Robalo),521,25
49005056,Avenida Mardem Oliveira Rocha,,Zona de Expansão (Robalo),521,25
49005326,Travessa Jose Cesario,,Zona de Expansão (Robalo),521,25
49005560,Rua A,(Lot Bonanza),Zona de Expansão (Robalo),521,25
49007075,Rua Manoel Ferreira Canuto,,Zona de Expansão (Areia Branca),521,25
49007078,Rua Cinco de Outubro,,Zona de Expansão (Areia Branca),521,25
49007268,Rua Josefina Leite,,Zona de Expansão (Areia Branca),521,25
49008211,Rua Manoel Florêncio,,Zona de Expansão (Mosqueiro),521,25
49008247,Rua Esperança,,Zona de Expansão (Mosqueiro),521,25
49008489,Rua F,(Lot Prq Sto Antônio),Zona de Expansão (Mosqueiro),521,25
49008531,Rua A2,(Rec Andorinhas Matapoã),Zona de Expansão (Mosqueiro),521,25
49008719,Rua José Oliveira,,Zona de Expansão (Mosqueiro),521,25
49008737,Avenida Reverendo Jonan Joaquim da Cruz,,Zona de Expansão (Mosqueiro),521,25
49008805,Rua E,(Lot Jd Sta Clara),Zona de Expansão (Mosqueiro),521,25
49008808,Rua D,(Lot Jd Sta Clara),Zona de Expansão (Mosqueiro),521,25
49008811,Rua C,(Lot Jd Sta Clara),Zona de Expansão (Mosqueiro),521,25
49008814,Rua B,(Lot Jd Sta Clara),Zona de Expansão (Mosqueiro),521,25
49008817,Rua F,(Lot Jd Sta Clara),Zona de Expansão (Mosqueiro),521,25
49008820,Rua H,(Lot Jd Sta Clara),Zona de Expansão (Mosqueiro),521,25
49008823,Rua G,(Lot Jd Sta Clara),Zona de Expansão (Mosqueiro),521,25
49010193,Largo Esperanto,,Centro,521,25
49010253,Largo dos Previdenciários,,Centro,521,25
49020595,Rua Zaqueu Brandão,,Salgado Filho,521,25
49025093,Rua Terêncio Sampaio,- até 149/150,Jardins,521,25
49025338,Rua Engenheiro Carlos Roberto de Rezende,,Jardins,521,25
49025740,Avenida Doutor José Machado de Souza,,Jardins,521,25
49026103,Alameda F,,Jardins,521,25
49026106,Alameda Espanha,,Jardins,521,25
49026193,Rua Vereador Raul Félix da Silva,,Jardins,521,25
49026196,Rua Anna Dulce Vieira de Carvalho,,Jardins,521,25
49026212,Rua Venuzia de Carvalho Rodrigues,,Jardins,521,25
49026218,Rua Dermeval Carvalho Costa,,Jardins,521,25
49030017,Rua Tenente-Coronel Cícero Vieira Silva,,Farolândia,521,25
49030417,Travessa Antônio Campos de Araújo,,Farolândia,521,25
49030673,Praça Edite Menezes Lopes,,Farolândia,521,25
49031431,Rua Existente I,(Lot Aningas),Farolândia,521,25
49032283,Rua Evandro Arrais Alves,,Farolândia,521,25
49032416,Travessa Zacarias de Brito,,Farolândia,521,25
49032468,Travessa Prefeito Heráclito Rollemberg,,Farolândia,521,25
49035025,Rua Valquírio de Carvalho,- lado ímpar,Atalaia,521,25
49035125,Rua Valquírio de Carvalho,- lado par,Coroa do Meio,521,25
49035128,Rua Maria Rezende Machado,,Coroa do Meio,521,25
49035131,Rua Constantino Gomes,,Coroa do Meio,521,25
49035612,Travessa L 2,,Coroa do Meio,521,25
49035618,Rua Um,(Des A Goes),Coroa do Meio,521,25
49036234,Rua Doutor José Augusto Santos Barreto,,Coroa do Meio,521,25
49036237,Rua Marginal,,Coroa do Meio,521,25
49037206,Travessa N,(Inv Varzea),Atalaia,521,25
49038455,Rua Corretor Manoel Gregório Santos,,Aeroporto,521,25
49038461,Rua A,(Lot Prainha),Aeroporto,521,25
49038464,Rua B,(Lot Prainha),Aeroporto,521,25
49038467,Rua C,(Lot Prainha),Aeroporto,521,25
49038470,Rua D,(Lot Prainha),Aeroporto,521,25
49038473,Rua E,(Lot Prainha),Aeroporto,521,25
49038578,Rua Manoel Gratuliano dos Santos,,Aeroporto,521,25
49040693,Rua Projetada,(Cond Garden Park),Inácio Barbosa,521,25
49040696,Avenida Etelvino Alves de Lima,,Inácio Barbosa,521,25
49041087,Rua Dermeval Carvalho Costa,,Inácio Barbosa,521,25
49042123,Travessa Treze,(Cj Orlando Dantas),São Conrado,521,25
49042849,Avenida Etelvino Alves de Lima,,São Conrado,521,25
49043386,Travessa Z,,São Conrado,521,25
49043389,Travessa João Amancio,,São Conrado,521,25
49043392,Rua AL,,São Conrado,521,25
49043458,Travessa D,(Lot Marivan),Santa Maria,521,25
49043627,Rua Liberdade,(Lot Novo Horizonte),Santa Maria,521,25
49043646,Rua Maria Batista Gomes,,Santa Maria,521,25
49043649,Rua Maria Cacilda da Cruz Siqueira,,Santa Maria,521,25
49043652,Rua Antônio Severo de Oliveira,,Santa Maria,521,25
49043856,Rua B,(Lot Vida Nova),Santa Maria,521,25
49043859,Rua C,(Lot Vida Nova),Santa Maria,521,25
49043861,Rua A,(Lot Vida Nova),Santa Maria,521,25
49043864,Rua D,(Lot Vida Nova),Santa Maria,521,25
49043866,Travessa B,(Lot Vida Nova),Santa Maria,521,25
49043869,Rua E,(Lot Vida Nova),Santa Maria,521,25
49043872,Rua F,(Lot Vida Nova),Santa Maria,521,25
49043874,Travessa C,(Lot Vida Nova),Santa Maria,521,25
49043876,Travessa D,(Lot Vida Nova),Santa Maria,521,25
49043879,Rua G,(Lot Vida Nova),Santa Maria,521,25
49043882,Rua H,(Lot Vida Nova),Santa Maria,521,25
49043885,Travessa E,(Lot Vida Nova),Santa Maria,521,25
49043888,Rua I,(Lot Vida Nova),Santa Maria,521,25
49043891,Rua J,(Lot Vida Nova),Santa Maria,521,25
49043894,Travessa A,(Lot Vida Nova),Santa Maria,521,25
49044432,Rua Quarenta e Nove,(Lot Paraizo do Sul),Santa Maria,521,25
49045077,Rua Matildes Ramos Novais,,Luzia,521,25
49045086,Rua José Francisco de Oliveira,,Luzia,521,25
49045103,Praça Rubens Paiva,,Luzia,521,25
49045256,Rua Dona Abigail Ferreira Araújo Ramos,,Luzia,521,25
49045706,Rua Palmira Ramos Teles,,Luzia,521,25
49047443,Rua Isaías Amâncio de Jesus,,Ponto Novo,521,25
49048095,Avenida Virgílio Figueiredo Tavares,,Luzia,521,25
49050355,Rua Rafael de Aguiar,- de 319 a 999 - lado ímpar,Suíssa,521,25
49050603,Rua Poço Verde,- até 130 - lado par,Suíssa,521,25
49052063,Rua Poço Verde,- de 132 ao fim - lado par,Pereira Lobo,521,25
49055233,Avenida Pedro Calazans,- de 828 ao fim - lado par,Cirurgia,521,25
49055285,Avenida São Paulo,,Getúlio Vargas,521,25
49055447,Rua dos Estudantes,- lado ímpar,Cirurgia,521,25
49055605,Travessa Comunidade da Maloca,,Getúlio Vargas,521,25
49060275,Avenida Artur Fortes,- lado par,Palestina,521,25
49060563,Travessa Santa Izabel,,Santo Antônio,521,25
49060770,Rua José Teles Santos,,Palestina,521,25
49061038,Travessa F,(Lot São Sebastião),Santo Antônio,521,25
49065046,Rua Gabriel Anchieta,(Matinha),Industrial,521,25
49067023,Beco do Engenho Novo,,Porto D'Antas,521,25
49067185,Rua E,(Lot At da Jaqueira),Porto D'Antas,521,25
49067253,Rua G,(Lot Copacabana),Porto D'Antas,521,25
49067300,Rua Contorno 02,(Cj Hab Eduardo Dutra),Porto D'Antas,521,25
49067303,Rua Um,(Cj Hab Eduardo Dutra),Porto D'Antas,521,25
49067306,Rua Dois,(Cj Hab Eduardo Dutra),Porto D'Antas,521,25
49067309,Rua Três,(Cj Hab Eduardo Dutra),Porto D'Antas,521,25
49067311,Rua Quatro,(Cj Hab Eduardo Dutra),Porto D'Antas,521,25
49067314,Rua Cinco,(Cj Hab Eduardo Dutra),Porto D'Antas,521,25
49067317,Rua Seis,(Cj Hab Eduardo Dutra),Porto D'Antas,521,25
49067320,Rua Sete,(Cj Hab Eduardo Dutra),Porto D'Antas,521,25
49067323,Rua Oito,(Cj Hab Eduardo Dutra),Porto D'Antas,521,25
49067326,Rua Nove,(Cj Hab Eduardo Dutra),Porto D'Antas,521,25
49067329,Rua Contorno 01,(Cj Hab Eduardo Dutra),Porto D'Antas,521,25
49067332,Rua Dezesseis,(Cj Hab Eduardo Dutra),Porto D'Antas,521,25
49067335,Rua Dezessete,(Cj Hab Eduardo Dutra),Porto D'Antas,521,25
49067338,Rua Quatroze,(Cj Hab Eduardo Dutra),Porto D'Antas,521,25
49067341,Rua Doze,(Cj Hab Eduardo Dutra),Porto D'Antas,521,25
49067344,Rua Dez,(Cj Hab Eduardo Dutra),Porto D'Antas,521,25
49067347,Rua Central,(Cj Hab Eduardo Dutra),Porto D'Antas,521,25
49067350,Rua Onze,(Cj Hab Eduardo Dutra),Porto D'Antas,521,25
49067353,Rua Treze,(Cj Hab Eduardo Dutra),Porto D'Antas,521,25
49067356,Rua Quinze,(Cj Hab Eduardo Dutra),Porto D'Antas,521,25
49067359,Rua Dezoito,(Cj Hab Eduardo Dutra),Porto D'Antas,521,25
49067362,Rua Dezenove,(Cj Hab Eduardo Dutra),Porto D'Antas,521,25
49067365,Rua Contorno 03,(Cj Hab Eduardo Dutra),Porto D'Antas,521,25
49070026,Rua C,(At da TV),Cidade Nova,521,25
49070125,Rua Moacir Sobral,,Cidade Nova,521,25
49070268,Travessa São Francisco,,Cidade Nova,521,25
49070450,Rua Maria de Lourdes Souza Santos,(Lot Vsc Maracajú),Cidade Nova,521,25
49070453,Rua Inácio Joaquim Barbosa,(Lot Vsc Maracajú),Cidade Nova,521,25
49070456,Rua São Francisco de Assis,(Lot Vsc Maracajú),Cidade Nova,521,25
49070459,Rua Nossa Senhora da Conceição,(Lot Vsc Maracajú),Cidade Nova,521,25
49070462,Rua Santa Luzia,,Cidade Nova,521,25
49070465,Rua F,(Lot Vsc de Maracajú),Cidade Nova,521,25
49070468,Rua Padroeiro São Benedito,(Lot Vsc Maracajú),Cidade Nova,521,25
49070471,Rua São José,(Lot Vsc Maracajú),Cidade Nova,521,25
49070474,Travessa Benjamin Constant,- lado par,Cidade Nova,521,25
