49070503,Avenida Frei Augusto de Santana,- lado ímpar,Cidade Nova,521,25
49070536,Rua Urandi Santos Figueiredo,,Cidade Nova,521,25
49070539,Rua C,(Lot Patrícia) - lado ímpar,Cidade Nova,521,25
49071001,Travessa Benjamin Constant,- lado ímpar,Dom Luciano,521,25
49071004,Rua Aldemar Andrade Boto,,Dom Luciano,521,25
49071007,Rua Sargento Marcelino,,Dom Luciano,521,25
49071010,Rua Doutor José Almeida,,Dom Luciano,521,25
49071013,Rua José de Melo,,Dom Luciano,521,25
49071016,Rua Capitão Manoel Gomes,- de 1299/1300 ao fim,Dom Luciano,521,25
49071019,Rua Alagoinhas,,Dom Luciano,521,25
49071022,Rua São Francisco de Assis,- de 1270/1271 ao fim,Dom Luciano,521,25
49071025,Rua Efren Fernando Fontes,,Dom Luciano,521,25
49071028,Rua A,(Lot Pau Ferro II),Dom Luciano,521,25
49071031,Rua B,(Lot Pau Ferro II),Dom Luciano,521,25
49071034,Rua C,(Lot Pau Ferro II),Dom Luciano,521,25
49071037,Travessa A,(Lot Pau Ferro II),Dom Luciano,521,25
49071041,Rua D,(Lot Pau Ferro II),Dom Luciano,521,25
49071055,Avenida Visconde de Maracaju,- lado par,Dom Luciano,521,25
49071058,Travessa D,(Lot Pau Ferro),Dom Luciano,521,25
49071060,Rua E,(Lot Pau Ferro II),Dom Luciano,521,25
49071063,Rua C,(Lot Pau Ferro I),Dom Luciano,521,25
49071066,Rua F,(Lot Pau Ferro II),Dom Luciano,521,25
49071069,Rua G,(Lot Pau Ferro II),Dom Luciano,521,25
49071072,Rua H,(Lot Pau Ferro II),Dom Luciano,521,25
49071075,Rua Jaci Oliveira dos Reis,,Dom Luciano,521,25
49071078,Travessa A,(Lot Pau Ferro),Dom Luciano,521,25
49071081,Travessa AB,(Lot Pau Ferro),Dom Luciano,521,25
49071084,Rua B,(Lot Pau Ferro),Dom Luciano,521,25
49071087,Rua D1,(Lot Pau Ferro),Dom Luciano,521,25
49071090,Rua E,(Lot Pau Ferro),Dom Luciano,521,25
49071093,Rua F,(Lot Pau Ferro),Dom Luciano,521,25
49071096,Rua G,(Lot Pau Ferro),Dom Luciano,521,25
49071099,Rua São Pedro,,Dom Luciano,521,25
49071102,Travessa Projetada B,,Dom Luciano,521,25
49071105,Rua Projetada A,(Lot Dendê),Dom Luciano,521,25
49071108,Rua H,(Lot Dendê),Dom Luciano,521,25
49071111,Rua A,(Lot Dendê),Dom Luciano,521,25
49071114,Travessa A,(Lot Dendê),Dom Luciano,521,25
49071117,Rua B,(Lot Dendê),Dom Luciano,521,25
49071120,Rua A,(Lot Mte Carlo),Dom Luciano,521,25
49071123,Rua B,(Lot Mte Carlo),Dom Luciano,521,25
49071126,Rua A,(Cond Hélio Silva),Dom Luciano,521,25
49071129,Rua B,(Cond Hélio Silva),Dom Luciano,521,25
49071172,Rua Urandi Santos Figueiredo,,Dom Luciano,521,25
49071175,Avenida Frei Augusto de Santana,- lado ímpar,Dom Luciano,521,25
49071178,Avenida Frei Augusto de Santana,- lado par,Dom Luciano,521,25
49071210,Rua C,(Lot Patrícia) - lado par,Dom Luciano,521,25
49071221,Rua I,(Lot Indara),Dom Luciano,521,25
49071232,Rua A,(Lot Indara),Dom Luciano,521,25
49071235,Rua B,(Lot Indara),Dom Luciano,521,25
49071238,Rua C,(Lot Indara),Dom Luciano,521,25
49071241,Rua E,(Lot Indara),Dom Luciano,521,25
49071244,Rua F,(Lot Indara),Dom Luciano,521,25
49071247,Rua G,(Lot Indara),Dom Luciano,521,25
49071250,Rua Z,(Lot Tia Caçula),Dom Luciano,521,25
49071270,Rua A,(Lot Tia Caçula),Dom Luciano,521,25
49071273,Rua B,(Lot Tia Caçula),Dom Luciano,521,25
49071276,Rua C,(Lot Tia Caçula),Dom Luciano,521,25
49071279,Rua D,(Lot Tia Caçula),Dom Luciano,521,25
49071282,Rua E,(Lot Tia Caçula),Dom Luciano,521,25
49071285,Rua F,(Lot Tia Caçula),Dom Luciano,521,25
49071288,Avenida General Euclides Figueiredo,- lado par,Dom Luciano,521,25
49071291,Rua São Francisco,(Lot Moema Meire),Dom Luciano,521,25
49071320,Rua Comunitária Acioli Santos,,Dom Luciano,521,25
49071323,Rua A,(Lot Moema Meire),Dom Luciano,521,25
49071326,Rua B,(Lot Moema Meire),Dom Luciano,521,25
49071329,Rua C,(Lot Moema Meire),Dom Luciano,521,25
49071332,Rua D,(Lot Moema Meire),Dom Luciano,521,25
49071335,Rua E,(Lot Moema Meire),Dom Luciano,521,25
49071338,Rua V,(Lot Moema Meire),Dom Luciano,521,25
49071341,Rua F,(Lot Moema Meire),Dom Luciano,521,25
49071344,Rua G,(Lot Moema Meire),Dom Luciano,521,25
49071347,Rua H,(Lot Moema Meire),Dom Luciano,521,25
49071350,Rua J,(Lot Moema Meire),Dom Luciano,521,25
49071353,Rua K,(Lot Moema Meire),Dom Luciano,521,25
49071356,Rua L,(Lot Moema Meire),Dom Luciano,521,25
49071359,Rua M,(Lot Moema Meire),Dom Luciano,521,25
49071362,Rua N,(Lot Moema Meire),Dom Luciano,521,25
49071365,Rua O,(Lot Moema Meire),Dom Luciano,521,25
49071368,Rua T,(Lot Moema Meire),Dom Luciano,521,25
49071371,Rua P,(Lot Moema Meire),Dom Luciano,521,25
49071374,Rua S,(Lot Moema Meire),Dom Luciano,521,25
49071377,Rua Q,(Lot Moema Meire),Dom Luciano,521,25
49071380,Rua R,(Lot Moema Meire),Dom Luciano,521,25
49071383,Rua Z,(Lot Moema Meire),Dom Luciano,521,25
49071386,Rua X,(Lot Moema Meire),Dom Luciano,521,25
49072426,Rua Vinte e Um de Abril,(Lot Manoel Pereira),Dezoito do Forte,521,25
49072567,Travessa Primeiro de Maio,,Dezoito do Forte,521,25
49080145,Travessa Maximino Antonio de Oliveira,,América,521,25
49080278,Rua Guilherme José Martins,- lado ímpar,América,521,25
49080305,Rua Haiti,- até 498 - lado par,América,521,25
49080313,Rua D,,América,521,25
49080315,Travessa Vital Brasil,,América,521,25
49080318,Rua José Conrado de Araújo,,América,521,25
49080904,Rua Acre 2504,,América,521,25
49081900,Avenida Presidente Tancredo Neves 151,,Capucho,521,25
49081901,"Avenida Presidente Tancredo Neves, s/n",,Capucho,521,25
49081902,Avenida Doutor Carlos Rodrigues da Cruz 1500,,Capucho,521,25
49081903,Avenida Doutor Carlos Rodrigues da Cruz 1548,,Capucho,521,25
49082142,Travessa Cuba,,Novo Paraíso,521,25
49082225,Rua Haiti,- de 500 ao fim - lado par,Novo Paraíso,521,25
49085003,Rua Projetada Ala dos Marechais,,José Conrado de Araújo,521,25
49085971,Rua Alagoas 1316,,José Conrado de Araújo,521,25
49087413,Avenida São Paulo,- de 1152 ao fim - lado par,Santos Dumont,521,25
49087416,Rua Paraíba,- até 124 - lado par,Santos Dumont,521,25
49088013,Travessa Paulo Figueiredo Barreto,,Lamarão,521,25
49088464,Travessa Um,(Cj Res Vitória da Resistência),Lamarão,521,25
49088491,Rua da Igualdade,,Lamarão,521,25
49088494,Travessa Dois,(Cj Res Vitória da Resistência),Lamarão,521,25
49088497,Travessa Três,(Cj Res Vitória da Resistência),Lamarão,521,25
49089023,Rua Projetada,(Entre Benjamim/Euclides),Soledade,521,25
49089053,Rua Manoel Messias Bispo dos Santos,,Soledade,521,25
49089090,Travessa C,(Lot Rosa do Sol),Soledade,521,25
49089165,Rua Principal,(Lot Sr do Bomfim),Soledade,521,25
49089168,Rua C,(Lot Sr do Bomfim),Soledade,521,25
49089344,Rua I,(Lot Mte Belo),Soledade,521,25
49089347,Rua J,(Lot Mte Belo),Soledade,521,25
49089377,Rua G,(Lot Mte Belo),Soledade,521,25
49089396,Travessa D,(Lot Rosa do Sol),Soledade,521,25
49089418,Travessa E,(Lot Rosa do Sol),Soledade,521,25
49089421,Rua K,(Lot Rosa do Sol),Soledade,521,25
49090043,Rua Geny da Silva Dias,- de 780 ao fim - lado par,Bugio,521,25
49090286,Rua Faustina Araújo Lima,,Jardim Centenário,521,25
49090414,Travessa D1,(Lot Joel Nascimento),Bugio,521,25
49090417,Travessa D,(Lot Joel Nascimento),Bugio,521,25
49090433,Avenida Centenário,- lado par,Jardim Centenário,521,25
49090436,Rua Geny da Silva Dias,- até 778 - lado par,Jardim Centenário,521,25
49095183,Rua Dois,(Cond Zionne),Jabotiana,521,25
49095305,Rua Quatro,(Cj JK),Jabotiana,521,25
49095683,Rua Dois,(Cj JK),Jabotiana,521,25
49095818,Praça Antonio Newton Menezes Porto,,Jabotiana,521,25
49095823,Estrada da Jabotiana,,Jabotiana,521,25
49096023,Rua Pedro Brito dos Santos,,Jabotiana,521,25
49097346,Rua Projetada,(Lot 31 de Março),Ponto Novo,521,25
49100991,"Rua E, S/N - Loteamento Lauro Rocha",,,8509,25
49100992,"Avenida Luiz Bomfim Freire, Nº 1601 Povoado Alto da Colina",,,8509,25
49100993,"Rua Principal, Nº 10650 Povopado Pedreiras",,,8509,25
49400978,Rua Doutor Lupicinio Barros 94,,Centro,4938,25
49480990,Rua Principal,,,9388,25
49500001,Avenida Ivo de Carvalho,- lado par,Centro,4291,25
49500004,Rua Quintino de Lacerda,- até 696/697,Centro,4291,25
49500007,Rua Álvaro Fonseca de Oliveira,- até 686/687,Centro,4291,25
49500010,Rua Manoel Domingos Pereira,- lado par,Centro,4291,25
49500013,Rua Francisca Menezes Porto,,Centro,4291,25
49500016,Rua Doutor Augusto Cesar Leite,- até 148/149,Centro,4291,25
49500019,Rua Candido Barbosa de Jesus,- até 196/197,Centro,4291,25
49500022,Avenida Nivalda Lima Figueiredo,- até 471/472,Centro,4291,25
49500025,Rua Juca Monteiro,- até 672 - lado par,Centro,4291,25
49500028,Rua Vinte e Oito de Agosto,,Centro,4291,25
49500031,Rua Antonio Higino dos Santos,- lado par,Centro,4291,25
49500034,Avenida Doutor Luiz Magalhães,- até 650 - lado par,Centro,4291,25
49500037,Avenida Doutor Luiz Magalhães,- até 661 - lado ímpar,Centro,4291,25
49500040,Rua Manoel Antonio de Oliveira,- lado par,Centro,4291,25
49500043,Rua Itaporanga,- até 120/121,Centro,4291,25
49500046,Rua Quintino Bocaiuva,,Centro,4291,25
49500049,Rua General José Calazans,,Centro,4291,25
49500052,Avenida Doutor Airton Mendonça Teles,,Centro,4291,25
49500055,Vila Santo Antonio,,Centro,4291,25
49500058,Rua Jackson de Figueiredo,,Centro,4291,25
49500061,Rua José Alves de Lima,,Centro,4291,25
49500064,Avenida Ivo de Carvalho,- lado ímpar,Centro,4291,25
49500067,Rua Francisco Santos,,Centro,4291,25
49500069,Rua Grumete Alcides Cavalcante,,Centro,4291,25
49500070,Praça João Pessoa,,Centro,4291,25
49500073,Rua Padre Vicente de Jesus,,Centro,4291,25
49500076,Rua Sete de Setembro,,Centro,4291,25
49500079,Rua Manoel Garangau,,Centro,4291,25
49500082,Rua Coronel José Cavalcante,,Centro,4291,25
49500085,Rua Benjamim Constant,,Centro,4291,25
49500088,Rua Professor Hilário de Melo Rezende,- até 459/460,Centro,4291,25
49500091,Rua José Ferreira Araujo,- lado par,Centro,4291,25
49500094,Rua Santa Cruz,- até 165/166,Centro,4291,25
49500097,Praça Etelvino Mendonça,,Centro,4291,25
49500100,Avenida Manoel Francisco Teles,- de 948 ao fim - lado par,Centro,4291,25
49500103,Avenida João Teixeira,- até 493 - lado ímpar,Centro,4291,25
49500106,Avenida João Teixeira,- até 492 - lado par,Centro,4291,25
49500109,Rua Campo do Brito,,Centro,4291,25
49500112,Rua Cupertino Dórea,,Centro,4291,25
49500115,Travessa Francisco Porto,,Centro,4291,25
49500118,Rua São Paulo,,Centro,4291,25
49500121,Rua Deputado Antonio Oliveira Mendonça,,Centro,4291,25
49500124,Largo José do Prado Franco,,Centro,4291,25
49500127,Rua Batista Itajaí,,Centro,4291,25
49500130,Vila Rosário,,Centro,4291,25
49500133,Rua Comendador Francisco José da Cunha,,Centro,4291,25
49500136,Rua Antonio Joaquim da Silva,,Centro,4291,25
49500139,Avenida Otoniel Dórea,- lado par,Centro,4291,25
49500142,Avenida Otoniel Dórea,- lado ímpar,Centro,4291,25
49500145,Avenida Engenheiro Carlos Reis,- lado par,Centro,4291,25
49500148,Rua Professor Lima Junior,- até 708/709,Centro,4291,25
49500151,Rua Antonio Dultra,- de 660/661 ao fim,Centro,4291,25
49500154,Rua Boanerges de Almeida Pinheiro,- de 951/952 ao fim,Centro,4291,25
49500157,Rua Odilon Azevedo,,Centro,4291,25
49500160,Rua Maria Glória de Santana,,Centro,4291,25
49500163,Rua Josefa Gomes de Santana,,Centro,4291,25
49500166,Rua Pedro Alves dos Santos,,Centro,4291,25
49500169,Rua Percílio Andrade,- até 1076 - lado par,Centro,4291,25
49500172,Rua Euclides Paes Mendonça,- até 649/650,Centro,4291,25
49500175,Largo Joaquim da Fonseca,,Centro,4291,25
49500178,Travessa Artur Barbosa,,Centro,4291,25
49500190,Rua Capitão Manoel Joaquim Mendes,- até 655/656,Centro,4291,25
49500193,Rua Esperidião Noronha,- até 999/1000,Centro,4291,25
49500196,Largo Santo Antonio,,Centro,4291,25
49500199,Travessa José da Cunha Melo,,Centro,4291,25
49500202,Travessa Manoel Vieira,,Centro,4291,25
49500205,Rua Barão do Rio Branco,,Centro,4291,25
49500208,Travessa Capitão Francisco Ferreira,,Centro,4291,25
49500211,Calçadão Prefeito Luciano Bispo de Lima,,Centro,4291,25
49500214,Rua Augusto Maynard,,Centro,4291,25
49500217,Rua Treze de Maio,,Centro,4291,25
49500220,Travessa Manoel Andrade,,Centro,4291,25
49500223,Praça Fausto Cardoso,,Centro,4291,25
49500226,Travessa Paulino Menezes,,Centro,4291,25
49500229,Rua General Siqueira,,Centro,4291,25
49500232,Rua Antonio Dultra,- até 658/659,Centro,4291,25
49500235,Rua Capitão José Ferreira Neto,- até 331/332,Centro,4291,25
49500238,Rua Boanerges de Almeida Pinheiro,- até 949/950,Centro,4291,25
49500241,Rua Manoel Lapa,- até 252/253,Centro,4291,25
49500244,Rua Percílio Andrade,- de 1078 a 1792 - lado par,Centro,4291,25
49500247,Rua Tobias Barreto,- até 552/553,Centro,4291,25
49500250,Travessa José Cornélio,,Centro,4291,25
49500253,Rua Marechal Floriano Peixoto,,Centro,4291,25
49500256,Rua General Valadão,,Centro,4291,25
49500259,Rua Marechal Deodoro da Fonseca,- até 672/673,Centro,4291,25
49500262,Travessa Laurinda Maria Mendonça,,Centro,4291,25
49500265,Rua Monsenhor Constantino,- até 1016/1017,Centro,4291,25
49500268,Rua Coronel Sebrão,- até 476/477,Centro,4291,25
49500271,Travessa José Hermoge,,Centro,4291,25
49500274,Rua José Mesquita da Silveira,- até 819 - lado ímpar,Centro,4291,25
49500277,Rua José Mesquita da Silveira,- até 460 - lado par,Centro,4291,25
49500280,Rua Padre Felismino,,Centro,4291,25
49500283,Travessa Manoel Leite Sampaio,,Centro,4291,25
49500286,Rua Miguel Teixeira,- de 371 ao fim - lado ímpar,Centro,4291,25
49500289,Rua José Sizino de Almeida,- até 969/970,Centro,4291,25
49500292,Travessa Antonio Tenório de Almeida,,Centro,4291,25
49500295,Rua Gumercindo de Oliveira,- lado ímpar,Centro,4291,25
49500298,Praça General João Pereira,,Centro,4291,25
49500320,Rua Gumercindo de Oliveira,- lado par,São Cristóvão,4291,25
49500323,Rua Percílio Andrade,- de 1794 ao fim - lado par,São Cristóvão,4291,25
49500326,Rua Francisco Bragança,- lado ímpar,São Cristóvão,4291,25
49500329,Rua Francisco Bragança,- lado par,São Cristóvão,4291,25
49500332,Travessa Humberto Dias do Sacramento,,São Cristóvão,4291,25
49500335,Rua Elízio Araújo,,São Cristóvão,4291,25
49500338,Travessa Maria Cristina Rezende,,São Cristóvão,4291,25
49500341,Rua Antonio Diniz Santana,,São Cristóvão,4291,25
49500344,Rua Coronel José Ribeiro,,São Cristóvão,4291,25
49500347,Rua Josefa Vieira dos Santos,- até 857/858,São Cristóvão,4291,25
49500350,Travessa José Milton da Cunha,,São Cristóvão,4291,25
49500353,Avenida Doutor Leandro Maynard Maciel,,São Cristóvão,4291,25
49500356,Rua Coronel Sebrão,- de 478/479 ao fim,São Cristóvão,4291,25
49500359,Rua Miguel Teixeira,- de 372 ao fim - lado par,São Cristóvão,4291,25
49500362,Praça José Machado,,São Cristóvão,4291,25
49500397,Rua Antônio Santana Ferreira,,São Cristóvão,4291,25
49500400,Rua José Mesquita da Silveira,- de 821 a 1209 - lado ímpar,São Cristóvão,4291,25
49500403,Rua Saudalina Santana Ferreira,,São Cristóvão,4291,25
49500406,Rua Manoel Alves Ferreira,,São Cristóvão,4291,25
49500409,Rua Manoel Martins Ferreira,,São Cristóvão,4291,25
49500412,Travessa Claudionor Araújo Carvalho,,São Cristóvão,4291,25
49500415,Rua José Mesquita da Silveira,- de 1211/1212 ao fim,São Cristóvão,4291,25
49500418,Rua Joana Perpetua Cunha,,São Cristóvão,4291,25
49500421,Rua José Antonio dos Santos,,São Cristóvão,4291,25
49500424,Rua Francisco Teles Andrade,,São Cristóvão,4291,25
49500427,Travessa Francisco Santos,,São Cristóvão,4291,25
49500430,Rua Ercília Costa de Oliveira,,São Cristóvão,4291,25
49500433,Rua Beliziário Antônio de Andrade,,São Cristóvão,4291,25
49500436,Travessa Josefa dos Santos Andrade,,São Cristóvão,4291,25
49500439,Rua Maria Helena de Oliveira Peixoto,,São Cristóvão,4291,25
49500442,Avenida Doutor José Milton Machado,,São Cristóvão,4291,25
49500445,Travessa Antonio Marcos Nascimento,,São Cristóvão,4291,25
49500448,Travessa José Libanio de Jesus,,São Cristóvão,4291,25
49500451,Rua Tarcísio Alves dos Santos,,São Cristóvão,4291,25
49500454,Rua Antonio Félix Barros,,São Cristóvão,4291,25
49500457,Rua Josefa Adalula Noronha,,São Cristóvão,4291,25
49500460,Travessa Euclides Fiel dos Santos,,São Cristóvão,4291,25
49500463,Praça Juviniano dos Santos,,São Cristóvão,4291,25
49500466,Rua Maria Oliveira dos Santos,,São Cristóvão,4291,25
49500469,Rua Projetada B,(Lot Riviera),São Cristóvão,4291,25
49500472,Rua Normando Tavares de Jesus,- lado ímpar,São Cristóvão,4291,25
49500475,Rua Firmino José de Oliveira,,São Cristóvão,4291,25
49500478,Avenida Maurício Andrade,,São Cristóvão,4291,25
49500481,Rua João Belizário de Andrade,,São Cristóvão,4291,25
49500534,Praça João Marcelo de Oliveira,,São Cristóvão,4291,25
49500537,Praça Frei Fidelis,,São Cristóvão,4291,25
49500540,Rua Germano Pereira Santos,,São Cristóvão,4291,25
49500543,Avenida Padre Airton Gonçalves Lima,,São Cristóvão,4291,25
49500546,Rua São Cristóvão,,São Cristóvão,4291,25
49500549,Rua Inácio José Machado,,São Cristóvão,4291,25
49500552,Rua José Wilson dos Reis,,São Cristóvão,4291,25
49500555,Rua João dos Santos,,São Cristóvão,4291,25
49500558,Rua Peto da Farmácia,,São Cristóvão,4291,25
49500561,Rua João Retratista,,São Cristóvão,4291,25
49500564,Rua José Francisco de Oliveira,,São Cristóvão,4291,25
49500567,Rua Álvaro Andrade,,São Cristóvão,4291,25
49500570,Rua Vicente Ferreira de Souza,,São Cristóvão,4291,25
49500573,Rua Carlos Drumond de Andrade,,São Cristóvão,4291,25
49500576,Rua José Otacílio Santos,,São Cristóvão,4291,25
49500579,Rua João Alves de Souza,,São Cristóvão,4291,25
49500582,Travessa Risoneide do Sacramento,,São Cristóvão,4291,25
49500585,Rua Monsenhor Mário de Oliveira Reis,,São Cristóvão,4291,25
49500588,Rua I,(Cj Habitacional),São Cristóvão,4291,25
49500591,Rua A,(Cj Habitacional),São Cristóvão,4291,25
49500594,Rua B,(Cj Habitacional),São Cristóvão,4291,25
49500597,Rua C,(Cj Habitacional),São Cristóvão,4291,25
49500600,Rua A,(Cj M C Alves),São Cristóvão,4291,25
49500603,Rua B,(Cj M C Alves),São Cristóvão,4291,25
49500606,Rua C,(Cj M C Alves),São Cristóvão,4291,25
49500609,Rua Vereador Vilobaldo José de Oliveira,,São Cristóvão,4291,25
49500612,Travessa Vereador Vilobaldo José de Oliveira,,São Cristóvão,4291,25
49500615,Rua Manoel Serafim de Santana,,São Cristóvão,4291,25
49500618,Travessa Manoel Serafim de Santana,,São Cristóvão,4291,25
49500621,Rua Adalberto Silva,,São Cristóvão,4291,25
49500624,Travessa Adalberto Silva,,São Cristóvão,4291,25
49500627,Rua D,(Cj M P Mendonça),São Cristóvão,4291,25
49500630,Rua José Braz Santos Oliveira,,São Cristóvão,4291,25
49500633,Travessa José Braz Santos Oliveira,,São Cristóvão,4291,25
49500636,Rua Ananias Antonio Machado,,São Cristóvão,4291,25
49500639,Travessa Ananias Antônio Machado,,São Cristóvão,4291,25
49500642,Rua P,(Cj M P Mendonça),São Cristóvão,4291,25
49500645,Rua G,(Cj F T Mendonça),São Cristóvão,4291,25
49500648,Rua S,(Cj F T Mendonça),São Cristóvão,4291,25
49500651,Rua F,(Cj F T Mendonça),São Cristóvão,4291,25
49500654,Rua H,(Cj F T Mendonça),São Cristóvão,4291,25
49500657,Rua R,(Cj F T Mendonça),São Cristóvão,4291,25
49500660,Rua E,(Cj F T Mendonça),São Cristóvão,4291,25
49500663,Rua B,(Cj F T Mendonça),São Cristóvão,4291,25
49500666,Travessa D,(Cj F T Mendonça),São Cristóvão,4291,25
49500669,Rua N,(Cj F T Mendonça),São Cristóvão,4291,25
49500672,Rua Roseilde Silvânia GomesMonteiro Silva,,São Cristóvão,4291,25
49500675,Rua Maria Maurícia Machado,,São Cristóvão,4291,25
49500678,Rua Pedro Teles de Mendonça,,São Cristóvão,4291,25
49500681,Rua Hipólito José de Oliveira,,São Cristóvão,4291,25
49500684,Rua A,(Cj F T Mendonça),São Cristóvão,4291,25
49500687,Travessa A,(Cj F T Mendonça),São Cristóvão,4291,25
49500690,Rua M,(Cj F T Mendonça),São Cristóvão,4291,25
49500693,Rua U,(Cj M C Bispo),São Cristóvão,4291,25
49500696,Rua G,(Cj M C Bispo),São Cristóvão,4291,25
49500699,Rua F,(Cj M C Bispo),São Cristóvão,4291,25
49500702,Rua E,(Cj M C Bispo),São Cristóvão,4291,25
49500705,Rua L,(Cj M C Bispo),São Cristóvão,4291,25
49500708,Rua D,(Cj M C Bispo),São Cristóvão,4291,25
49500711,Rua B,(Cj M C Bispo),São Cristóvão,4291,25
49500714,Rua C,(Cj M C Bispo),São Cristóvão,4291,25
49500717,Rua H,(Cj M C Bispo),São Cristóvão,4291,25
49500870,Rua Eudalio Gouveia,,São Cristóvão,4291,25
49500873,Rua Brasiliano Antonio de Góis,,São Cristóvão,4291,25
49500876,Rua Josefa Arinda de Oliveira,,São Cristóvão,4291,25
49500879,Rua Manoel Fernandes Lima,,São Cristóvão,4291,25
49500882,Rua José Hora de Oliveira,,São Cristóvão,4291,25
49500885,Rua Alaíde Maria Machado,,São Cristóvão,4291,25
49501100,Rua José da Fonseca de Brito,,São Cristóvão,4291,25
49501103,Travessa Anicéia Alves dos Santos,,São Cristóvão,4291,25
49501106,Rua Josefa Maria dos Santos,,São Cristóvão,4291,25
49501109,Rua Aprígio Fereira Passos,,São Cristóvão,4291,25
49501112,Rua das Palmeiras,,São Cristóvão,4291,25
49501115,Praça Santa Clara de Assis,,São Cristóvão,4291,25
49501118,Travessa Antonio Sales do Nascimento,,São Cristóvão,4291,25
49501121,Travessa Maria Betania Carvalho,,São Cristóvão,4291,25
49501124,Rua Percílio Andrade,- de 2093 ao fim - lado ímpar,São Cristóvão,4291,25
49501127,Rua José Wilton Santos,,São Cristóvão,4291,25
49501130,Rua João Batista Corcínio,,São Cristóvão,4291,25
49501133,Rua Um,(M Formosa),São Cristóvão,4291,25
49501136,Rua Dois,(M Formosa),São Cristóvão,4291,25
49501139,Rua José Abraão,,São Cristóvão,4291,25
49501142,Rua Dayse da Silva Menezes,,São Cristóvão,4291,25
49501145,Rua Diego da Silva Menezes,,São Cristóvão,4291,25
49501148,Travessa Francisco Bragança,,São Cristóvão,4291,25
49501151,Rua Vereador Pedro Teles Mendonça,,São Cristóvão,4291,25
49501154,Rua José Francisco dos Santos,,São Cristóvão,4291,25
49501360,Rua Percílio Andrade,- de 1835 a 2091 - lado ímpar,Bananeiras,4291,25
49501365,Rua Aluízio Lima dos Santos,,Bananeiras,4291,25
49501370,Travessa Santos Cardoso,,Bananeiras,4291,25
49501375,Rua Aluízio de Almeida e Silva,,Bananeiras,4291,25
49501380,Travessa Vicente Santiago,,Bananeiras,4291,25
49501385,Travessa Antonio Cardoso Andrade,,Bananeiras,4291,25
49501390,Rua Jaconias Ferreira de Lima,,Bananeiras,4291,25
49501395,Rua Cristóvão de Barros,- lado par,Bananeiras,4291,25
49501398,Rua Aloisio Santana,,Bananeiras,4291,25
49501401,Rua Maria José Santana,,Bananeiras,4291,25
49501550,Rua José Adalberto de Menezes,,Bananeiras,4291,25
49501555,Rua José Gleidiomar de Santana,,Bananeiras,4291,25
49501560,Rua Doutor Leandro Maynard Maciel,,Bananeiras,4291,25
49501565,Travessa Raimunda Andrade,,Bananeiras,4291,25
49501570,Rua José Alves de Oliveira,,Bananeiras,4291,25
49501575,Travessa Francisco Alves de Oliveira,,Bananeiras,4291,25
49501580,Travessa Francisco Bragança,,Bananeiras,4291,25
49501585,Travessa José Alves de Oliveira,,Bananeiras,4291,25
49501590,Rua Francisco Bragança,- lado ímpar,Bananeiras,4291,25
49501595,Rua Joana da Anunciação Borges,,Bananeiras,4291,25
49501600,Rua Francisco Alves de Oliveira,,Bananeiras,4291,25
49501605,Rua José Antonio de Jesus,,Bananeiras,4291,25
49501610,Travessa José Antônio de Jesus,,Bananeiras,4291,25
49501615,Rua Cristóvão de Barros,,Bananeiras,4291,25
49501620,Rua José Nunes de Mendonça,,Bananeiras,4291,25
49501623,Travessa Madre Luiza Mabelle,,Bananeiras,4291,25
49501625,Travessa Francisco Oliveira,,Bananeiras,4291,25
49501630,Rua Manoel Melquiades Silva,,Bananeiras,4291,25
49501635,Rua José Francisco dos Santos,,Bananeiras,4291,25
49501830,Rua Cícero José de Marcela,,Marcela,4291,25
49501833,Rua Marizete Santos Costa,,Marcela,4291,25
49501836,Rua Vice-Prefeito Josias da Silva Nunes,- lado ímpar,Marcela,4291,25
49501839,Rua Quintino da Silva Nunes,,Marcela,4291,25
49501842,Rua José Eraldo dos Santos,,Marcela,4291,25
49501851,Rua Francisca Xavier Nunes,,Marcela,4291,25
49501854,Rua José Vicente de Almeida,,Marcela,4291,25
49501857,Rua José de Souza Dantas,,Marcela,4291,25
49501860,Rua José Lima,,Marcela,4291,25
49501866,Rua Manoel da Costa Lima,- lado ímpar,Marcela,4291,25
49501869,Rua Felinto Tavares de Jesus,- lado par,Marcela,4291,25
49502001,Rua Gentil Fonseca Lobo,,Marcela,4291,25
49502004,Avenida Jhon Leno Cunha Mota,,Marcela,4291,25
49502007,Rua Firmina Maria Pereira,,Marcela,4291,25
49502013,Rua Agnaldo Oliveira de Jesus,,Marcela,4291,25
49502016,Rua Maria Mendonça de Jesus,,Marcela,4291,25
49502019,Rua Ademir Marinheiro da Silva,,Marcela,4291,25
49502031,Rua Maria Alaíde de Jesus Cunha,,Marcela,4291,25
49502034,Rua Manoel Francisco Cunha,,Marcela,4291,25
49502037,Rua Renilson Francisco Cunha,,Marcela,4291,25
49502040,Calçadão Antônio Pereira de Carvalho,- lado par,Marcela,4291,25
49502043,Rua Maria de Lourdes Cunha,,Marcela,4291,25
49502046,Rua Antônio Joaquim de Santana,,Marcela,4291,25
49502049,Rua Maria Eunice de Jesus,,Marcela,4291,25
49502052,Rua José Pereira de Jesus,,Marcela,4291,25
49502055,Avenida José de Oliveira,,Marcela,4291,25
49502058,Rua José Bispo de Mecenas,,Marcela,4291,25
49502061,Rua Edinaldo Tavares Góis,,Marcela,4291,25
49502064,Rua Maria Julieta Oliveira,,Marcela,4291,25
49502067,Calçadão Marinete Tavares Feliciano,- lado par,Marcela,4291,25
49502070,Rua Marcos Antônio Menezes da Silva,,Marcela,4291,25
49502073,Travessa Manoel Pereira Filho,,Marcela,4291,25
49502079,Rua José Furgênsio da Costa,,Marcela,4291,25
49502085,Avenida Antônio Ferreira Leite,,Marcela,4291,25
49502088,Avenida Zé de Dona,,Marcela,4291,25
49502091,Rua Antônio Alves Sobrinho,,Marcela,4291,25
49502094,Rua Emilio Mota,,Marcela,4291,25
49502097,Rua Cecília Menezes Oliveira,,Marcela,4291,25
49502100,Rua Antônio Tavares de Menezes,,Marcela,4291,25
49502103,Rua Alcídes Mendonça Mota,,Marcela,4291,25
49502106,Rua Daniel Lima da Cunha,,Marcela,4291,25
49502109,Rua José Geraldo Carvalho,,Marcela,4291,25
49502112,Rua José Almeida Santos,,Marcela,4291,25
49502115,Rua Santino Cavalcante,,Marcela,4291,25
49502121,Rua Lourival Nicolau,,Marcela,4291,25
49502124,Rua Manoel Pinto Monteiro,,Marcela,4291,25
49502127,Rua José Pereira de Carvalho,,Marcela,4291,25
49502130,Rua Silvia Magalhães Garcia Moreno,,Marcela,4291,25
49502133,Rua Capitão Altair Schmoeller,,Marcela,4291,25
49502136,Rua Flavio Menezes Santos,,Marcela,4291,25
49502142,Rua Aureliano Dionízio Carvalho,,Marcela,4291,25
49502145,Rua José Bispo dos Santos,,Marcela,4291,25
49502149,Avenida Antônio Bispo Souza,,Marcela,4291,25
49502160,Rua Oviedo Pereira Lima,,Marcela,4291,25
49502163,Rua Luiz Francisco de Lima,,Marcela,4291,25
49502167,Rua Edinaldo José Alexandre,,Marcela,4291,25
49502170,Rua José Teles de Mendonça,,Marcela,4291,25
49502176,Rua Otília do Espirito Santo Rezende,,Marcela,4291,25
49502179,Rua João Francisco dos Reis,,Marcela,4291,25
49502182,Rua Luiz Galdino da Costa,,Marcela,4291,25
49502185,Rua Maria Rosa de Andrade,,Marcela,4291,25
49502188,Rua Francisco Teles de Andrade,,Marcela,4291,25
49502191,Rua José Menezes Neto,,Marcela,4291,25
49502194,Rua Luiz Carlos Menezes,,Marcela,4291,25
49502197,Rua Michell Evangelista Pinto,,Marcela,4291,25
49502200,Rua Pedro Antenor de Vasconcelos,,Marcela,4291,25
49502203,Avenida Manoel Francisco Cunha,,Marcela,4291,25
49502206,Rua Wesley Sidney Almeida de Oliveira,,Marcela,4291,25
49502236,Rua José Menezes da Cunha,,Marcela,4291,25
49502243,Rua Brasiliana Francisca de Araújo,,Marcela,4291,25
49502246,Rua Acindino Amaro de Araújo,,Marcela,4291,25
49502249,Rua José Américo Santana,,Marcela,4291,25
49502252,Rua Pedro Tavares de Jesus,,Marcela,4291,25
49502255,Rua Silvestre Souza de Jesus,,Marcela,4291,25
49502258,Rua João Batista Santana,,Marcela,4291,25
49502260,Rua Francisco Cavalcanti de Nascimento,,Marcela,4291,25
49502261,Rua Flávio Pereira dos Anjos,,Marcela,4291,25
49502264,Rua Mirian Oliveira Melo,,Marcela,4291,25
49502267,Rua João Costa Lima Neto,,Marcela,4291,25
49503000,Rua Manoel Antonio de Oliveira,- lado ímpar,Serrano,4291,25
49503003,Avenida Doutor Luiz Magalhães,- de 652 a 1250 - lado par,Serrano,4291,25
49503006,Travessa Francisco Catarino da Fonseca,,Serrano,4291,25
49503009,Travessa Promotor Antonio Agustinho,,Serrano,4291,25
49503012,Rua Monsenhor Eraldo Barbosa,,Serrano,4291,25
49503015,Avenida Treze de Junho,,Serrano,4291,25
49503018,Rua Itaporanga,- de 122/123 ao fim,Serrano,4291,25
49503021,Travessa Morada Nobre,,Serrano,4291,25
49503024,Rua Quintino Bocaiúva,,Serrano,4291,25
49503027,Rua José Evangelista dos Santos,,Serrano,4291,25
49503030,Travessa Monsenhor Eraldo Barbosa,,Serrano,4291,25
49503060,Rua Pedro Alves de Menezes,,Serrano,4291,25
49503063,Travessa Francisco Antonio dos Santos,,Serrano,4291,25
49503066,Rua Professor Hilário de Melo Rezende,- de 461/462 ao fim,Serrano,4291,25
49503069,Rua José Ferreira Araujo,- lado ímpar,Serrano,4291,25
49503072,Travessa Doutor Renato Mazze Lucas,,Serrano,4291,25
49503075,Rua Santa Cruz,- de 167/168 ao fim,Serrano,4291,25
49503078,Avenida Manoel Francisco Teles,- de 350 a 946 - lado par,Serrano,4291,25
49503081,Avenida Manoel Francisco Teles,- de 387 a 887 - lado ímpar,Serrano,4291,25
49503084,Rua Anízio Amancio de Oliveira,- de 330/331 ao fim,Serrano,4291,25
49503087,Rua Antonio Santana,- lado ímpar,Serrano,4291,25
49503090,Rua José Ferreira Costa,,Serrano,4291,25
49503093,Rua Antonio Germano Oliveira,,Serrano,4291,25
49503096,Travessa Bombina Nunes Silva,,Serrano,4291,25
49503099,Rua Abdias Venancio Neto,,Serrano,4291,25
49503102,Rua Cecília Vieira dos Santos,,Serrano,4291,25
49503105,Rua Pedro Diniz Gonçalves,,Serrano,4291,25
49503108,Avenida Doutor Pedro Garcia Moreno,,Serrano,4291,25
49503111,Rua Maria Terezinha de Souza,,Serrano,4291,25
49503114,Rua Serapião Antonio de Góis,- lado ímpar,Serrano,4291,25
49503117,Rua Jailton Andrade Machado,,Serrano,4291,25
49503120,Rua Maria Angelita Santana,,Serrano,4291,25
49503123,Rua Abílio de Oliveira,,Serrano,4291,25
49503126,Rua Vereador José Xavier Correia,,Serrano,4291,25
49503129,Rua Onélia Oliveira Santos,,Serrano,4291,25
49503132,Travessa Francisco Santana,,Serrano,4291,25
49503135,Rua Manoel Messias dos Santos,,Serrano,4291,25
49503138,Rua Genivaldo Rosa dos Santos,,Serrano,4291,25
49503141,Rua Prefeito Vicente Machado de Menezes,,Serrano,4291,25
49503144,Travessa José Ferreira de Melo,,Serrano,4291,25
49503147,Travessa Abílio de Oliveira,,Serrano,4291,25
49503150,Travessa José Domingos Santana,,Serrano,4291,25
49503153,Rua Quirino Pereira da Silva,,Serrano,4291,25
49503156,Rua Maria Natália dos Santos,,Serrano,4291,25
49503159,Rua José Filadelfo Araújo,,Serrano,4291,25
49503162,Avenida Alípio Tavares de Menezes,- lado ímpar,Serrano,4291,25
49503165,Rua Sebastião José de Góis,,Serrano,4291,25
49503168,Rua Vitor Manoel de Jesus Vasconcelos,,Serrano,4291,25
49503171,Travessa José Ferreira de Santana,,Serrano,4291,25
49503174,Rua José Auto de Oliveira,,Serrano,4291,25
49503177,Avenida Manoel Francisco Teles,- até 385 - lado ímpar,Serrano,4291,25
49503180,Avenida Manoel Francisco Teles,- até 348 - lado par,Serrano,4291,25
49503183,Praça Francisco Santiago,,Serrano,4291,25
49503186,Rua Berilo Batista Leite,,Serrano,4291,25
49503220,Rua Paulo Pereira Silva,,Serrano,4291,25
49503223,Rua Maria Angélica da Conceição,,Serrano,4291,25
49503226,Rua Felismino Pereira Andrade,,Serrano,4291,25
49503229,Rua José Ferreira Lima,,Serrano,4291,25
49503232,Rua João Francisco da Cunha,,Serrano,4291,25
49503235,Rua Josué Passos,,Serrano,4291,25
49503238,Rua Nivaldo da Cunha,,Serrano,4291,25
49503241,Rua José Carlos,,Serrano,4291,25
49503244,Rua Seis,,Serrano,4291,25
49503247,Rua Marcelino Ribeiro Bispo,,Serrano,4291,25
49503250,Rua Maria dos Anjos Bispo,,Serrano,4291,25
49503253,Rua José da Paixão,,Serrano,4291,25
49503256,Avenida Doutor Luiz Magalhães,- de 1252 ao fim - lado par,Serrano,4291,25
49503259,Travessa José Orlando de Jesus,,Serrano,4291,25
49503262,Praça Jubal de Carvalho,,Serrano,4291,25
49503300,Avenida Doutor Luiz Magalhães,- de 663 a 961 - lado ímpar,Anízio Amancio de Oliveira,4291,25
49503303,Rua Maria Mendonça Teles,,Anízio Amancio de Oliveira,4291,25
49503306,Rua Professor José Egnaldo Vieira Santos,,Anízio Amancio de Oliveira,4291,25
49503309,Rua Maria Oliveira Mendonça,(Lot Chiara),Anízio Amancio de Oliveira,4291,25
49503312,Rua Vinte e Oito de Agosto,,Anízio Amancio de Oliveira,4291,25
49503315,Avenida Rinaldo Mota Santos,- até 1155 - lado ímpar,Anízio Amancio de Oliveira,4291,25
49503318,Rua Juca Monteiro,- de 674 a 898 - lado par,Anízio Amancio de Oliveira,4291,25
49503321,Rua Maria Francisca Monteiro,,Anízio Amancio de Oliveira,4291,25
49503324,Rua Noel Tavares de Jesus,,Anízio Amancio de Oliveira,4291,25
49503327,Rua Carlos Andrade Carvalho,,Anízio Amancio de Oliveira,4291,25
49503330,Rua Maria Salete da Silva Filho,,Anízio Amancio de Oliveira,4291,25
49503333,Rua José Cardoso dos Santos,,Anízio Amancio de Oliveira,4291,25
49503336,Travessa Zeilde dos Santos,,Anízio Amancio de Oliveira,4291,25
49503384,Rua José Alves de Menezes,,Anízio Amancio de Oliveira,4291,25
49503387,Rua Josefa Carvalho,,Anízio Amancio de Oliveira,4291,25
49503390,Rua Juca Monteiro,- até 899 - lado ímpar,Anízio Amancio de Oliveira,4291,25
49503393,Rua Antonio Higino dos Santos,- lado par,Anízio Amancio de Oliveira,4291,25
49503396,Avenida Nivalda Lima Figueiredo,- de 473/474 ao fim,Anízio Amancio de Oliveira,4291,25
49503399,Rua Candido Barbosa de Jesus,- de 198/199 ao fim,Anízio Amancio de Oliveira,4291,25
49503402,Rua Antonio Higino dos Santos,- lado ímpar,Anízio Amancio de Oliveira,4291,25
49503405,Rua José Oliveira Machado,,Anízio Amancio de Oliveira,4291,25
49503408,Rua Doutor Augusto Cesar Leite,- de 150/151 ao fim,Anízio Amancio de Oliveira,4291,25
49503411,Travessa Ivan Andrade,,Anízio Amancio de Oliveira,4291,25
49503414,Rua Álvaro Fonseca de Oliveira,- de 688/689 ao fim,Anízio Amancio de Oliveira,4291,25
49503417,Rua Manoel Domingos Pereira,- lado ímpar,Anízio Amancio de Oliveira,4291,25
49503420,Rua Pedro Barbosa de Jesus,,Anízio Amancio de Oliveira,4291,25
49503423,Rua Padre Felismino,,Anízio Amancio de Oliveira,4291,25
49503426,Rua Quintino de Lacerda,- de 698/699 ao fim,Anízio Amancio de Oliveira,4291,25
49503429,Rua José Mesquita da Silveira,- de 462 a 1210 - lado par,Anízio Amancio de Oliveira,4291,25
49503432,Rua Miguel Teixeira,- até 369/370,Anízio Amancio de Oliveira,4291,25
49503435,Rua do José Braz dos Santos,,Anízio Amancio de Oliveira,4291,25
49503438,Rua Egidio dos Santos,,Anízio Amancio de Oliveira,4291,25
49503441,Rua José Ferreira Nascimento,,Anízio Amancio de Oliveira,4291,25
49503444,Rua Alan Kardec,,Anízio Amancio de Oliveira,4291,25
49503447,Rua Argentina,,Anízio Amancio de Oliveira,4291,25
49503453,Rua Maria Rosa Lapa Souza,,Anízio Amancio de Oliveira,4291,25
49503465,Rua Mário Dantas de Oliveira,,Anízio Amancio de Oliveira,4291,25
49503468,Avenida Doutor Gileno Almeida Costa,,Anízio Amancio de Oliveira,4291,25
49503471,Rua Manoel Antônio de Farias,,Anízio Amancio de Oliveira,4291,25
49503474,Rua Manoel Alves de Andrade,,Anízio Amancio de Oliveira,4291,25
49503480,Rua Josefa Vieira dos Santos,- de 859/860 ao fim,Anízio Amancio de Oliveira,4291,25
49503483,Rua Antônio Caetano da Cunha,,Anízio Amancio de Oliveira,4291,25
49503486,Rua Portugal,,Anízio Amancio de Oliveira,4291,25
49503489,Rua Paraguai,,Anízio Amancio de Oliveira,4291,25
49503492,Rua Projetada,,Anízio Amancio de Oliveira,4291,25
49503495,Rua José Dórea dos Santos,,Anízio Amancio de Oliveira,4291,25
49503498,Rua Antônio Carlos de Almeida Alves,,Anízio Amancio de Oliveira,4291,25
49503501,Rua Luiz Gonzaga de Carvalho,,Anízio Amancio de Oliveira,4291,25
49503504,Rua José Carlos da Conceição,,Anízio Amancio de Oliveira,4291,25
49503507,Rua José Paixão de Oliveira,,Anízio Amancio de Oliveira,4291,25
49503510,Rua Pedro Fagundes de Lima,,Anízio Amancio de Oliveira,4291,25
49503513,Rua José Assis de Góis,,Anízio Amancio de Oliveira,4291,25
49503516,Avenida Maurício Andrade,,Anízio Amancio de Oliveira,4291,25
49503519,Rua Normando Tavares de Jesus,- lado par,Anízio Amancio de Oliveira,4291,25
49503522,Rua Carlos Cordeiro,,Anízio Amancio de Oliveira,4291,25
49503525,Rua Maria Rosa de Oliveira,,Anízio Amancio de Oliveira,4291,25
49503528,Rua José Costa Carvalho,,Anízio Amancio de Oliveira,4291,25
49503531,Rua Raimunda Santana,,Anízio Amancio de Oliveira,4291,25
49503537,Rua Construtor Antônio Costa Lima,,Anízio Amancio de Oliveira,4291,25
49503540,Rua Pedreiro Petrolino de Oliveira,,Anízio Amancio de Oliveira,4291,25
49503543,Rua Pedreiro Eliezer Mendonça Mota,,Anízio Amancio de Oliveira,4291,25
49503546,Rua Construtor Antônio Pereira de Andrade,,Anízio Amancio de Oliveira,4291,25
49503550,Rua Uruguai,,Anízio Amancio de Oliveira,4291,25
49503553,Rua Chile,,Anízio Amancio de Oliveira,4291,25
49503556,Rua José Carlos Bispo,,Anízio Amancio de Oliveira,4291,25
49503559,Rua Everaldo Oliveira,,Anízio Amancio de Oliveira,4291,25
49503562,Rua Edson Oliveira,,Anízio Amancio de Oliveira,4291,25
49503565,Rua Wilson Almeida Santana,,Anízio Amancio de Oliveira,4291,25
49503568,Rua Maestro João de Matos,,Anízio Amancio de Oliveira,4291,25
49503571,Rua José Máximo,,Anízio Amancio de Oliveira,4291,25
49503574,Rua Olavio Eduardo Barbosa,,Anízio Amancio de Oliveira,4291,25
49503577,Rua Francisco Menezes Santos,,Anízio Amancio de Oliveira,4291,25
49503580,Rua José Wilson Santos,,Anízio Amancio de Oliveira,4291,25
49503583,Travessa Judate Góis de Oliveira,,Anízio Amancio de Oliveira,4291,25
49503586,Rua Aurelina do Espírito Santo Oliveira,,Anízio Amancio de Oliveira,4291,25
49503589,Rua Eliana Rosa Lima,,Anízio Amancio de Oliveira,4291,25
49503592,Avenida João Correia dos Santos,,Anízio Amancio de Oliveira,4291,25
49503595,Rua Júlia de Oliveira dos Santos,,Anízio Amancio de Oliveira,4291,25
49503598,Rua Maria Oliveira Mendonça,,Anízio Amancio de Oliveira,4291,25
49503601,Rua Maria Josefina Menezes,,Anízio Amancio de Oliveira,4291,25
49503604,Rua Cláudia Jeane Andrade Carneiro,,Anízio Amancio de Oliveira,4291,25
49503607,Avenida Rinaldo Mota Santos,- de 1157 ao fim - lado ímpar,Anízio Amancio de Oliveira,4291,25
49503610,Rua Agenário Pereira de Carvalho,,Anízio Amancio de Oliveira,4291,25
49503613,Rua Pedreiro Paulo Batista de Menezes,,Anízio Amancio de Oliveira,4291,25
49503616,Rua José Francisco de Góis,,Anízio Amancio de Oliveira,4291,25
49503619,Rua Marceneiro Antônio Almeida de Menezes,,Anízio Amancio de Oliveira,4291,25
49503620,Rua Osvaldo Queiroz Correia,,Anízio Amancio de Oliveira,4291,25
49503623,Rua Antônio Francisco da Cunha,,Anízio Amancio de Oliveira,4291,25
49503626,Rua Construtor Antônio Lauro Moura,,Anízio Amancio de Oliveira,4291,25
49503629,Rua Antônio da Mota Costa,,Anízio Amancio de Oliveira,4291,25
49503632,Rua Terezinha Valadares Barreto,,Anízio Amancio de Oliveira,4291,25
49503635,Rua Josepha Melo Novaes,,Anízio Amancio de Oliveira,4291,25
49503638,Rua Pedreiro José Dias de Menezes,,Anízio Amancio de Oliveira,4291,25
49503641,Rua Lindolfa Oliveira Góis,,Anízio Amancio de Oliveira,4291,25
49503644,Rua José Ademar de Carvalho Sobrinho,,Anízio Amancio de Oliveira,4291,25
49503647,Rua Tarcisio Menezes Santos,,Anízio Amancio de Oliveira,4291,25
49503650,Rua Construtor José Oliveira,,Anízio Amancio de Oliveira,4291,25
49503653,Rua José Gentil de Oliveira,,Anízio Amancio de Oliveira,4291,25
49503656,Rua Paulo Barreto Novaes,,Anízio Amancio de Oliveira,4291,25
49503659,Avenida Antônio Valter dos Santos,,Anízio Amancio de Oliveira,4291,25
49503662,Avenida João Paulo II,,Anízio Amancio de Oliveira,4291,25
49503665,Avenida Manoel de Oliveira Santos,,Anízio Amancio de Oliveira,4291,25
49503668,Rua Brasiliano Antônio de Góis,,Anízio Amancio de Oliveira,4291,25
49503671,Rua Jorge Americano Rêgo,,Anízio Amancio de Oliveira,4291,25
49503674,Rua João Teixeira Lobo,,Anízio Amancio de Oliveira,4291,25
49503677,Rua Teodorico Nunes Carvalho,,Anízio Amancio de Oliveira,4291,25
49503680,Rua Adhemar de Carvalho,,Anízio Amancio de Oliveira,4291,25
49503683,Rua José Olyntho de Oliveira,,Anízio Amancio de Oliveira,4291,25
49503686,Avenida José Aélio de Oliveira,- lado ímpar,Anízio Amancio de Oliveira,4291,25
49503689,Avenida Padre Francisco da Silva Lobo,,Anízio Amancio de Oliveira,4291,25
49503692,Rua Antônio Melo,,Anízio Amancio de Oliveira,4291,25
49503695,Rua Maria da Conceição,,Anízio Amancio de Oliveira,4291,25
49503699,Rua Manoel das Neves Barreto,,Anízio Amancio de Oliveira,4291,25
49503702,Rua Samuel Pereira de almeida,,Anízio Amancio de Oliveira,4291,25
49503705,Rua Aurora Rosa de Góis,,Anízio Amancio de Oliveira,4291,25
49503708,Rua Escritor Sebrão Sobrinho,,Anízio Amancio de Oliveira,4291,25
49503711,Rua Luiz Americano Rego,,Anízio Amancio de Oliveira,4291,25
49503714,Rua Antônio Joaquim da Silva,,Anízio Amancio de Oliveira,4291,25
49503717,Avenida Francisco Alves de Carvalho Junior,,Anízio Amancio de Oliveira,4291,25
49503720,Avenida Maria José Santos,- lado ímpar,Anízio Amancio de Oliveira,4291,25
49503723,Rua Felícia da Graça Costa,,Anízio Amancio de Oliveira,4291,25
49503726,Rua Francisco Paes da Costa,,Anízio Amancio de Oliveira,4291,25
49503900,Avenida Maria José Santos 85,,Anízio Amancio de Oliveira,4291,25
49503901,Avenida Francisco Alves de Carvalho Junior 46,,Anízio Amancio de Oliveira,4291,25
49504000,Avenida Rinaldo Mota Santos,- até 1200 - lado par,Marianga,4291,25
49504003,Rua Padre Felismino,,Marianga,4291,25
49504006,Rua José Rufino de Santana,,Marianga,4291,25
49504009,Rua Josefa Vieira dos Santos,,Marianga,4291,25
49504012,Rua B,(Lot Morumbi II),Marianga,4291,25
49504015,Rua Iana Monteiro de Carvalho,,Marianga,4291,25
49504018,Rua Frei Sireno Machado,,Marianga,4291,25
49504021,Rua F,(Lot Morumbi II),Marianga,4291,25
49504024,Rua D,(Lot Morumbi II),Marianga,4291,25
49504057,Travessa Maria dos Santos,,Marianga,4291,25
49504060,Rua Juca Monteiro,- de 900/901 a 1249/1250,Marianga,4291,25
49504063,Rua Vinte e Oito de Agosto,,Marianga,4291,25
49504066,Avenida Doutor Luiz Magalhães,- de 963 a 1673 - lado ímpar,Marianga,4291,25
49504069,Rua Celina Andrade de Menezes,,Marianga,4291,25
49504072,Rua José Costa Lima,,Marianga,4291,25
49504075,Rua Renato Bispo de Lima,,Marianga,4291,25
49504078,Rua Construtor Antonio Ferreira Santana,,Marianga,4291,25
49504081,Rua Miguel Carvalho Peixoto,,Marianga,4291,25
49504084,Travessa Willian Fonseca de Jesus,,Marianga,4291,25
49504087,Rua Maria Tavares da Costa,,Marianga,4291,25
49504090,Travessa Paulino Dias da Trindade,,Marianga,4291,25
49504093,Rua Sebastião de Oliveira,,Marianga,4291,25
49504096,Rua Tenisson Melo de Oliveira,,Marianga,4291,25
49504099,Rua Juca Monteiro,- de 1251/1252 a 1783/1784,Marianga,4291,25
49504102,Avenida Doutor Luiz Magalhães,- de 1675 ao fim - lado ímpar,Marianga,4291,25
49504105,Rua Padre Sebastião Pedrosa Góis,,Marianga,4291,25
49504108,Rua Melquiades José Mendonça,,Marianga,4291,25
49504111,Rua Maria Lima,- lado par,Marianga,4291,25
49504114,Rua José Francisco de Morais,,Marianga,4291,25
49504117,Rua Alemar Batista de Andrade,- até 298/299,Marianga,4291,25
49504120,Rua Antonio dos Reis,- lado par,Marianga,4291,25
49504160,Avenida Saturnina de Oliveira,,Marianga,4291,25
49504163,Rua Maria de Souza Carvalho,,Marianga,4291,25
49504168,Rua José Gustavo de Menezes,,Marianga,4291,25
49504171,Rua João Florêncio de Souza,,Marianga,4291,25
49504174,Rua Tereza Maria de Menezes,,Marianga,4291,25
49504220,Avenida João Correia dos Santos,,Marianga,4291,25
49504223,Rua José da Paixão de Oliveira,,Marianga,4291,25
49504226,Rua Padre José Luiz dos Santos,,Marianga,4291,25
49504229,Rua Roberto dos Santos Carvalho,,Marianga,4291,25
49504232,Avenida Rinaldo Mota Santos,- de 1202 ao fim - lado par,Marianga,4291,25
49504235,Avenida Rosalvo Alexandre de Lima,,Marianga,4291,25
49504238,Rua Catarina Oliveira Souza,,Marianga,4291,25
49504241,Avenida Maria José Santos,(lado par),Marianga,4291,25
49504244,Travessa Genilson Tavares de Jesus,,Marianga,4291,25
49504247,Rua Antônio Francisco de Jesus,,Marianga,4291,25
49504250,Rua Maria do Carmo Tavares,,Marianga,4291,25
49504253,Rua José Tavares de Jesus,,Marianga,4291,25
49504256,Travessa Weverton André Cruz de Jesus,,Marianga,4291,25
49504310,Avenida Construtor Manoel Cosme dos Santos,,Marianga,4291,25
49504313,Travessa Anselmo Andrade,,Marianga,4291,25
49504316,Travessa Keoma Oliveira dos Santos,,Marianga,4291,25
49504319,Rua Ângelo Augusto Garcia Moreno,,Marianga,4291,25
49504322,Travessa Eronildes José dos Santos,,Marianga,4291,25
49504325,Rua Antônio Menezes Santos,,Marianga,4291,25
49504328,Rua João Leite de Andrade,,Marianga,4291,25
49504331,Travessa Lucas dos Santos Barbosa,,Marianga,4291,25
49504334,Rua Bartolomeu de Carvalho Peixoto,,Marianga,4291,25
49504337,Rua Eleandro do Nascimento Silva,,Marianga,4291,25
49504340,Rua Osvaldo Queiroz Correia,,Marianga,4291,25
49504343,Rua Antônio Francisco da Cunha,,Marianga,4291,25
49504346,Rua Manoel da Cunha Melo,,Marianga,4291,25
49504349,Rua Anatólio Garcia Moreno Sobrinho,,Marianga,4291,25
49504352,Rua Maria Dulce de Melo,,Marianga,4291,25
49504355,Avenida João Pereira de Andrade,,Marianga,4291,25
49504358,Rua José Moisés Santana,,Marianga,4291,25
49504361,Rua José Antônio Rodrigues Santos,,Marianga,4291,25
49504364,Rua Doutor Luciano Alves dos Santos,,Marianga,4291,25
49504367,Rua Artur Lourenço dos Reis,,Marianga,4291,25
49504370,Rua Isaltina Oliveira da Silva,,Marianga,4291,25
49504373,Rua Maria de Lourdes Aquino Santos,,Marianga,4291,25
49504376,Rua José Luiz dos Santos,,Marianga,4291,25
49504379,Rua Antônio Francisco dos Santos,,Marianga,4291,25
49504382,Rua Maria Nunes Peixoto,,Marianga,4291,25
49504385,Rua José Mota da Costa,,Marianga,4291,25
49504388,Rua Fortunato Machado de Oliveira,,Marianga,4291,25
49504391,Rua Tenente Ambrósio Ferreira Lima,,Marianga,4291,25
49504402,Avenida José Aélio de Oliveira,- lado par,Marianga,4291,25
49504405,Rua Olimpio Neri dos Santos,,Marianga,4291,25
49504408,Travessa Carmen Silva Alves,,Marianga,4291,25
49504450,Rua A,,Marianga,4291,25
49504453,Rua B,,Marianga,4291,25
49504456,Rua C,,Marianga,4291,25
49504459,Rua D,,Marianga,4291,25
49504462,Rua E,,Marianga,4291,25
49504900,Avenida José Aélio de Oliveira 118,,Marianga,4291,25
49504901,Rua Alemar Batista de Andrade 201,,Marianga,4291,25
49505000,Avenida Alípio Tavares de Menezes,- lado ímpar,Miguel Teles de Mendonça,4291,25
49505005,Rua Maria Lima,- lado ímpar,Miguel Teles de Mendonça,4291,25
49505010,Rua Juca Monteiro,- de 1785/1786 ao fim,Miguel Teles de Mendonça,4291,25
49505015,Rua José Francisco de Morais,,Miguel Teles de Mendonça,4291,25
49505018,Travessa Joval Francisco de Jesus Souza,,Miguel Teles de Mendonça,4291,25
49505070,Rua Antonio dos Reis,- lado ímpar,Miguel Teles de Mendonça,4291,25
49505075,Rua Crislaine dos Santos,,Miguel Teles de Mendonça,4291,25
49505080,Rua Vereador João Cândido da Silva,,Miguel Teles de Mendonça,4291,25
49505085,Rua Josival Nunes dos Santos,,Miguel Teles de Mendonça,4291,25
49505090,Rua Cariolando Lima,,Miguel Teles de Mendonça,4291,25
49505095,Travessa Maria do Céu de Jesus,,Miguel Teles de Mendonça,4291,25
49505100,Rua Alemar Batista de Andrade,- de 300/301 ao fim,Miguel Teles de Mendonça,4291,25
49505103,Rua Josefa Maximina dos Santos,,Miguel Teles de Mendonça,4291,25
49505108,Rua Heleno Luiz da Silva,,Miguel Teles de Mendonça,4291,25
49505111,Rua Luiz Galdino da Costa,,Miguel Teles de Mendonça,4291,25
49505123,Rua Jaime Francisco dos Santos,,Miguel Teles de Mendonça,4291,25
49505126,Rua Júlio Soares da Silva,,Miguel Teles de Mendonça,4291,25
49505310,Rua São João,,Miguel Teles de Mendonça,4291,25
49505315,Rua São Pedro,,Miguel Teles de Mendonça,4291,25
49505320,Travessa São Luiz,,Miguel Teles de Mendonça,4291,25
49505325,Rua São José,,Miguel Teles de Mendonça,4291,25
49505330,Avenida José Amâncio Bispo,,Miguel Teles de Mendonça,4291,25
49505335,Travessa Terêncio Bispo,,Miguel Teles de Mendonça,4291,25
49505340,Rua José Henrique da Silveira,,Miguel Teles de Mendonça,4291,25
49505345,Rua Sérgio Batista dos Santos,,Miguel Teles de Mendonça,4291,25
49505350,Rua São Jorge,,Miguel Teles de Mendonça,4291,25
49505355,Travessa Santo Antônio,,Miguel Teles de Mendonça,4291,25
49505360,Travessa Sérgio Batista dos Santos,,Miguel Teles de Mendonça,4291,25
49505365,Rua Professora Clara Meirelles Teles,,Miguel Teles de Mendonça,4291,25
49505370,Rua João Lima,,Miguel Teles de Mendonça,4291,25
49505375,Rua Professora Edilvania da Conceição,,Miguel Teles de Mendonça,4291,25
49505380,Rua Marinete Barbosa,,Miguel Teles de Mendonça,4291,25
49505900,Avenida José Amâncio Bispo 5419,,Miguel Teles de Mendonça,4291,25
49506000,Avenida Engenheiro Carlos Reis,- lado ímpar,Rotary Club de Itabaiana,4291,25
49506003,Rua Simão Dias Francês,,Rotary Club de Itabaiana,4291,25
49506006,Largo Simão Dias Francês,,Rotary Club de Itabaiana,4291,25
49506009,Travessa Antônio José dos Santos,,Rotary Club de Itabaiana,4291,25
49506012,Rua Sebastião José de Góis,,Rotary Club de Itabaiana,4291,25
49506015,Avenida Silvio Teixeira,- lado par,Rotary Club de Itabaiana,4291,25
49506018,Avenida Walter Franco,- até 548/549,Rotary Club de Itabaiana,4291,25
49506021,Avenida Manoel Antônio dos Santos,- lado ímpar,Rotary Club de Itabaiana,4291,25
49506024,Rua José Luciano Siqueira,,Rotary Club de Itabaiana,4291,25
49506027,Rua Antônio José da Costa,,Rotary Club de Itabaiana,4291,25
49506030,Travessa Florival Oliveira,,Rotary Club de Itabaiana,4291,25
49506033,Avenida Prefeito Jason Correia,,Rotary Club de Itabaiana,4291,25
49506036,Avenida Vereador Olimpio Grande,- lado par,Rotary Club de Itabaiana,4291,25
49506039,Rua José Paulo de Santana,,Rotary Club de Itabaiana,4291,25
49506042,Rua Genário José dos Santos,,Rotary Club de Itabaiana,4291,25
49506045,Rua José Vieira Lima,- de 977/978 ao fim,Rotary Club de Itabaiana,4291,25
49506048,Travessa José Santana,,Rotary Club de Itabaiana,4291,25
49506051,Travessa Josefa Joelita Fontes,,Rotary Club de Itabaiana,4291,25
49506054,Avenida Pedro Teles Barbosa,- lado ímpar,Rotary Club de Itabaiana,4291,25
49506057,Rua José Santana,,Rotary Club de Itabaiana,4291,25
49506060,Travessa José Edson LIma,,Rotary Club de Itabaiana,4291,25
49506090,Avenida Manoel Antônio dos Santos,- lado par,Rotary Club de Itabaiana,4291,25
49506093,Avenida João Teixeira,- de 494/495 ao fim,Rotary Club de Itabaiana,4291,25
49506096,Travessa Matapoã,,Rotary Club de Itabaiana,4291,25
49506099,Rua Gilmar Santos Costa,,Rotary Club de Itabaiana,4291,25
49506102,Travessa Antônio da Costa Carvalho,,Rotary Club de Itabaiana,4291,25
49506105,Avenida Silvio Teixeira,- lado ímpar,Rotary Club de Itabaiana,4291,25
49506108,Avenida Manoel Francisco Teles,- de 889 ao fim - lado ímpar,Rotary Club de Itabaiana,4291,25
49506111,Travessa Marcondes de Albuquerque Negromonte,,Rotary Club de Itabaiana,4291,25
49506150,Praça Escritor Sebrão Sobrinho,,Rotary Club de Itabaiana,4291,25
49506153,Avenida Doutor Pedro Garcia Moreno,,Rotary Club de Itabaiana,4291,25
49506156,Rua Manoel Teles de Mendonça,,Rotary Club de Itabaiana,4291,25
49506159,Travessa José Vanderley da Cruz,,Rotary Club de Itabaiana,4291,25
49506162,Rua José Francisco de Oliveira,,Rotary Club de Itabaiana,4291,25
49506165,Rua Faustino José Machado,,Rotary Club de Itabaiana,4291,25
49506168,Rua José Francisco de Menezes,,Rotary Club de Itabaiana,4291,25
49506171,Travessa José Valdir Mendonça,,Rotary Club de Itabaiana,4291,25
49506174,Rua José Valdir Mendonça,,Rotary Club de Itabaiana,4291,25
49506177,Rua José Vieira Lima,- até 975/976,Rotary Club de Itabaiana,4291,25
49506180,Travessa Amâncio José Santos,,Rotary Club de Itabaiana,4291,25
49506183,Travessa Antônio Francisco de Oliveira Filho,,Rotary Club de Itabaiana,4291,25
49506186,Rua São Luiz,,Rotary Club de Itabaiana,4291,25
49506189,Rua Vera Cândida da Costa de Santana,,Rotary Club de Itabaiana,4291,25
49506192,Rua Benedito Santana,,Rotary Club de Itabaiana,4291,25
49506195,Rua Abdon Pinto Monteiro,,Rotary Club de Itabaiana,4291,25
49506198,Travessa Marcelino José dos Santos,,Rotary Club de Itabaiana,4291,25
49506201,Rua Heleno da Cunha Melo,,Rotary Club de Itabaiana,4291,25
49506204,Travessa São Luiz,,Rotary Club de Itabaiana,4291,25
49506207,Travessa Antônio Tamanqueiro,,Rotary Club de Itabaiana,4291,25
49506210,Travessa Antônio Pereira Júnior II,,Rotary Club de Itabaiana,4291,25
49506213,Travessa Antônio Pereira Júnior I,,Rotary Club de Itabaiana,4291,25
49506216,Rua Isaac Antônio de Jesus,,Rotary Club de Itabaiana,4291,25
49506219,Avenida Walter Franco,- de 550/551 ao fim,Rotary Club de Itabaiana,4291,25
49506222,Rua Carlos Alberto Silveira Lima,,Rotary Club de Itabaiana,4291,25
49506225,Travessa Antônio Lima,,Rotary Club de Itabaiana,4291,25
49506228,Travessa Florival Mesquita da Silva,,Rotary Club de Itabaiana,4291,25
49506231,Rua José Osvaldo Tavares,,Rotary Club de Itabaiana,4291,25
49506234,Travessa Juarez Noronha,,Rotary Club de Itabaiana,4291,25
49506237,Travessa Josué Menezes,,Rotary Club de Itabaiana,4291,25
49506240,Rua Anízio Amancio de Oliveira,- até 328/329,Rotary Club de Itabaiana,4291,25
49506243,Rua Antonio Santana,- lado par,Rotary Club de Itabaiana,4291,25
49506246,Travessa Francisco Noronha,,Rotary Club de Itabaiana,4291,25
49506249,Travessa João Paes da Costa,,Rotary Club de Itabaiana,4291,25
49506252,Rua João de Melo Rezende,,Rotary Club de Itabaiana,4291,25
49506255,Rua Júlio Rezende,,Rotary Club de Itabaiana,4291,25
49506258,Travessa Vesta Maria de Góis,,Rotary Club de Itabaiana,4291,25
49506261,Rua Vesta Maria de Góis,,Rotary Club de Itabaiana,4291,25
49506264,Rua Filomena Pereira de Andrade,,Rotary Club de Itabaiana,4291,25
49506267,Rua Pedro Pereira de Andrade,,Rotary Club de Itabaiana,4291,25
49506273,Rua Paulo Vieira da Silva,,Rotary Club de Itabaiana,4291,25
49506276,Rua Antônio Leite Sampaio,,Rotary Club de Itabaiana,4291,25
49506279,Rua Antônio Teixeira Lobo,,Rotary Club de Itabaiana,4291,25
49506282,Rua Agdo Oliveira Santos,,Rotary Club de Itabaiana,4291,25
49506285,Praça José Francisco de Mendonça,,Rotary Club de Itabaiana,4291,25
49506288,Rua João Andrade,,Rotary Club de Itabaiana,4291,25
49506291,Rua Josefa Cipriano de Carvalho,,Rotary Club de Itabaiana,4291,25
49506294,Rua Lourenço Alves dos Santos,,Rotary Club de Itabaiana,4291,25
49506297,Rua Miguel Alves dos Santos,,Rotary Club de Itabaiana,4291,25
49506300,Rua Amazilde Menezes Sampaio,,Rotary Club de Itabaiana,4291,25
49506303,Rua Serapião Antonio de Góis,- lado par,Rotary Club de Itabaiana,4291,25
49506306,Rua Maria Júlia do Espírito Santo,,Rotary Club de Itabaiana,4291,25
49506340,Avenida Fulgencio José Machado,- lado par,Doutor José Milton Machado,4291,25
49506343,Rua Martilizano dos Santos,,Doutor José Milton Machado,4291,25
49506346,Rua Eduardo Albuquerque,,Doutor José Milton Machado,4291,25
49506349,Rua Iracema Andrade,,Doutor José Milton Machado,4291,25
49506352,Travessa Maria D L Almeida,,Doutor José Milton Machado,4291,25
49506355,Rua Davi Nascimento Cunha,,Doutor José Milton Machado,4291,25
49506358,Rua Lourival Frique do Prado,,Doutor José Milton Machado,4291,25
49506361,Travessa Josefa da Anunciação Santos,,Doutor José Milton Machado,4291,25
49506364,Rua Alaíde de Rezende Prado,,Doutor José Milton Machado,4291,25
49506430,Rodovia João Paulo II,- lado par,Doutor José Milton Machado,4291,25
49506433,Avenida Doutor Wellington Mendes,,Doutor José Milton Machado,4291,25
49506436,Avenida Asa Branca,,Doutor José Milton Machado,4291,25
49506439,Rua ABC do Sertão,,Doutor José Milton Machado,4291,25
49506442,Rua Pagode Russo,,Doutor José Milton Machado,4291,25
49506445,Rua Baião de Dois,,Doutor José Milton Machado,4291,25
49506510,Rua Karolina com K,,Doutor José Milton Machado,4291,25
49506513,Rua Juazeiro,,Doutor José Milton Machado,4291,25
49506516,Rua Vaca Estrela Meu Boi Fubá,,Doutor José Milton Machado,4291,25
49506519,Rua A Triste Partida,,Doutor José Milton Machado,4291,25
49506522,Rua Acauã,,Doutor José Milton Machado,4291,25
49506525,Rua Cintura Fina,,Doutor José Milton Machado,4291,25
49506528,Rua Riacho do Navio,,Doutor José Milton Machado,4291,25
49506531,Rua Luar do Sertão,,Doutor José Milton Machado,4291,25
49506600,Rua Assum Preto,,Doutor José Milton Machado,4291,25
49506603,Rua Quero Chá,,Doutor José Milton Machado,4291,25
49506606,Rua Toca Pai,,Doutor José Milton Machado,4291,25
49506609,Rua A Volta da Asa Branca,,Doutor José Milton Machado,4291,25
49506612,Rua Xote das Meninas,,Doutor José Milton Machado,4291,25
49506615,Rua Raimundo Jacó,,Doutor José Milton Machado,4291,25
49506618,Rua Fogo Pagô,,Doutor José Milton Machado,4291,25
49506621,Rua Pau de Arara,,Doutor José Milton Machado,4291,25
49506624,Rua Prece Pai Exu Novo,,Doutor José Milton Machado,4291,25
49506627,Rua Respeita Januário,,Doutor José Milton Machado,4291,25
49506630,Rua José Candido Bispo,,Doutor José Milton Machado,4291,25
49506633,Rua No meu Pé de Serra,,Doutor José Milton Machado,4291,25
49506636,Rua Poeta José Crispim de Souza,,Doutor José Milton Machado,4291,25
49506639,Rua Hudson Matheus Almeida de Oliveira,,Doutor José Milton Machado,4291,25
49506642,Avenida João Rodrigues da Silva,,Doutor José Milton Machado,4291,25
49506645,Rua Plano Piloto,,Doutor José Milton Machado,4291,25
49506710,Rua Deuzinha Tavares dos Santos,,Doutor José Milton Machado,4291,25
49506713,Rua João Francisco de Oliveira,,Doutor José Milton Machado,4291,25
49506716,Rua Arnaldo Silveira,,Doutor José Milton Machado,4291,25
49506719,Rua Vereador Domingos Barreto,,Doutor José Milton Machado,4291,25
49506722,Rua Josefa Alves dos Santos,,Doutor José Milton Machado,4291,25
49506725,Rua Maria Santos de Oliveira,,Doutor José Milton Machado,4291,25
49506728,Rua Ana Silva Leal,,Doutor José Milton Machado,4291,25
49506731,Rua Josefa Cordélia de Góis,,Doutor José Milton Machado,4291,25
49506734,Travessa Tarcisio Menezes Santos,,Doutor José Milton Machado,4291,25
49506737,Rua Genário de Oliveira,,Doutor José Milton Machado,4291,25
49506740,Rua Fernando Barbosa de Jesus,,Doutor José Milton Machado,4291,25
49506743,Rua José Braz de Oliveira,,Doutor José Milton Machado,4291,25
49506834,Rua Mislene Santos Oliveira,,Doutor José Milton Machado,4291,25
49506837,Rua Sérgio Souza Ferreira,,Doutor José Milton Machado,4291,25
49506840,Rua Valdelina Teixeira de Oliveira,,Doutor José Milton Machado,4291,25
49506843,Rua Eliotério Alves dos Santos,,Doutor José Milton Machado,4291,25
49506846,Rua Givaldo Teixeira de Oliveira,,Doutor José Milton Machado,4291,25
49506849,Rua Manoel dos Santos,,Doutor José Milton Machado,4291,25
49506852,Travessa Manoel dos Santos,,Doutor José Milton Machado,4291,25
49506855,Rua José Laércio dos Santos,,Doutor José Milton Machado,4291,25
49506858,Rua Airton dos Santos,,Doutor José Milton Machado,4291,25
49506861,Rua Manoel Pereira da Costa,,Doutor José Milton Machado,4291,25
49506864,Rua João Batista Dias,,Doutor José Milton Machado,4291,25
49506867,Rua João Batista Filho,,Doutor José Milton Machado,4291,25
49506870,Travessa João Oliveira Santos,,Doutor José Milton Machado,4291,25
49506873,Rua João Oliveira Santos,,Doutor José Milton Machado,4291,25
49506876,Rua L Oliveira,,Doutor José Milton Machado,4291,25
49507070,Travessa Manoel de Almeida Teles,,Doutor José Milton Machado,4291,25
49507073,Rua João Pereira da Silva,,Doutor José Milton Machado,4291,25
49507076,Travessa Josefa Cordélia de Góis,,Doutor José Milton Machado,4291,25
49507079,Travessa Mizael José da Lapa,,Doutor José Milton Machado,4291,25
49507082,Rua Gentil Santana,,Doutor José Milton Machado,4291,25
49507085,Travessa Manoel Almeida Teles,,Doutor José Milton Machado,4291,25
49507088,Rua José Fernando Peixoto,- lado ímpar,Doutor José Milton Machado,4291,25
49507091,Avenida Pedro Teles Barbosa,- de 2434 a 2900 - lado par,Doutor José Milton Machado,4291,25
49507094,Avenida Pedro Teles Barbosa,- de 2902 ao fim - lado par,Doutor José Milton Machado,4291,25
49507097,Rua Antônio Alves dos Santos,,Doutor José Milton Machado,4291,25
49507100,Rua Raimundo Andrade,,Doutor José Milton Machado,4291,25
49507440,Avenida Fulgencio José Machado,- lado ímpar,Oviedo Teixeira,4291,25
49507445,Travessa José Delfino da Silveira,,Oviedo Teixeira,4291,25
49507450,Rua José Nicolau da Silveira,,Oviedo Teixeira,4291,25
49507455,Travessa Joaquim Alves dos Santos,,Oviedo Teixeira,4291,25
49507460,Avenida Luiz Gonzaga,,Oviedo Teixeira,4291,25
49507465,Rua Eptácio José da Silva,,Oviedo Teixeira,4291,25
49507470,Rua Marivalda Santos Santana,,Oviedo Teixeira,4291,25
49507475,Rua Sandra Moura,,Oviedo Teixeira,4291,25
49507480,Rua Gleide Selma Alexandra de Brito,,Oviedo Teixeira,4291,25
49507485,Rua João Tavares de Jesus,,Oviedo Teixeira,4291,25
49507490,Rua Aurelino José de Santana,,Oviedo Teixeira,4291,25
49507495,Rua Genivaldo Araújo,,Oviedo Teixeira,4291,25
49507500,Rua Leda Moura,,Oviedo Teixeira,4291,25
49507505,Rua João Batista de Jesus Oliveira,,Oviedo Teixeira,4291,25
49507510,Rodovia João Paulo II,- lado ímpar,Oviedo Teixeira,4291,25
49507515,Rua Josué de Jesus Oliveira,,Oviedo Teixeira,4291,25
49507520,Rua Josina Epfania de Oliveira,,Oviedo Teixeira,4291,25
49507525,Rua Severino Geraldo dos Santos,,Oviedo Teixeira,4291,25
49507530,Rua José Belo Araújo,,Oviedo Teixeira,4291,25
49507640,Avenida Alípio Tavares de Menezes,- lado par,Oviedo Teixeira,4291,25
49507645,Rua Maria Luiza Nascimento,,Oviedo Teixeira,4291,25
49507650,Rua Manoel Francisco Cardoso,,Oviedo Teixeira,4291,25
49507655,Rua João Silveira,,Oviedo Teixeira,4291,25
49507660,Rua Tenente Honório Mendonça,,Oviedo Teixeira,4291,25
49507665,Rua José Vieira Menezes,,Oviedo Teixeira,4291,25
49507670,Travessa Silvana Alves de Oliveira,,Oviedo Teixeira,4291,25
49507675,Rua José Nilton Santos,,Oviedo Teixeira,4291,25
49507680,Rua Euclides Bispo dos Santos,,Oviedo Teixeira,4291,25
49507770,Rua Josefa Santana Monteiro,,Oviedo Teixeira,4291,25
49507775,Travessa Josefa Santana Monteiro,,Oviedo Teixeira,4291,25
49507780,Rua Julia Marssola Faria,,Oviedo Teixeira,4291,25
49507785,Rua Maria Claudice Corcino,,Oviedo Teixeira,4291,25
49507790,Rua Aduilson de Jesus,,Oviedo Teixeira,4291,25
49507795,Rua Francisco Antonio de Lima,,Oviedo Teixeira,4291,25
49507800,Rua Francisco Teles,,Oviedo Teixeira,4291,25
49507805,Rua Jerônimo Faria,,Oviedo Teixeira,4291,25
49507810,Rua Enivaldo Araújo,,Oviedo Teixeira,4291,25
49507815,Rua Doutora Wedna Mendes Rodrigues,,Oviedo Teixeira,4291,25
49507820,Rua José Augusto dos Santos,,Oviedo Teixeira,4291,25
49507825,Rua José Lisboa dos Anjos,,Oviedo Teixeira,4291,25
49507830,Rua José Antonio de Santana,,Oviedo Teixeira,4291,25
49507835,Rua H,(Lot P Serra),Oviedo Teixeira,4291,25
49507840,Rua José Hênio Araújo,,Oviedo Teixeira,4291,25
49507845,Rua Abner Alves de Almeida,,Oviedo Teixeira,4291,25
49507850,Rua Julia Mendonça Almeida,,Oviedo Teixeira,4291,25
49507855,Rua A,(Lot P Serra),Oviedo Teixeira,4291,25
49508090,Avenida Josefa Nicielma Santana,,Oviedo Teixeira,4291,25
49508095,Rua Gilson Menezes Santos,,Oviedo Teixeira,4291,25
49508100,Rua José Menezes Santos,,Oviedo Teixeira,4291,25
49508105,Rua Maria da Graça Costa,,Oviedo Teixeira,4291,25
49508110,Rua Renato Alves Menezes,,Oviedo Teixeira,4291,25
49508115,Rua Armando Paes da Costa,,Oviedo Teixeira,4291,25
49508120,Avenida Hermenegildo José de Oliveira,,Oviedo Teixeira,4291,25
49508125,Rua Carlito José Nascimento,,Oviedo Teixeira,4291,25
49508130,Rua José Dernival dos Santos,,Oviedo Teixeira,4291,25
49508135,Rua Givaldo Menezes Santos,,Oviedo Teixeira,4291,25
49508138,Rua José Pereira da Silva,,Oviedo Teixeira,4291,25
49508142,Rua Everton Araújo,,Oviedo Teixeira,4291,25
49508145,Rua Antônio José de Almeida Filho,,Oviedo Teixeira,4291,25
49508154,Rua José Barbosa de Mendonça,,Oviedo Teixeira,4291,25
49508157,Rua Joselito Santana,,Oviedo Teixeira,4291,25
49508160,Rua Edison Nascimento Santos,,Oviedo Teixeira,4291,25
49508163,Rua Antônio Passos Menezes,,Oviedo Teixeira,4291,25
49508166,Rua Stela Virginia Andrade Costa,,Oviedo Teixeira,4291,25
49508169,Rua Ronaldo Ferreira Santos,,Oviedo Teixeira,4291,25
49508172,Rua José Américo de Jesus,,Oviedo Teixeira,4291,25
49508175,Rua Bernarda Tavares Cunha,,Oviedo Teixeira,4291,25
49508178,Rua Antônio Santana,,Oviedo Teixeira,4291,25
49508181,Rua Josefa Bispo de Santana,,Oviedo Teixeira,4291,25
49508184,Rua Heribaldo Pereira de Andrade,,Oviedo Teixeira,4291,25
49508270,Rua Três,(Dt Industrial),Oviedo Teixeira,4291,25
49508273,Rua Gileno Nunes de Carvalho,,Oviedo Teixeira,4291,25
49508275,Rua Cinco,(D Industrial),Oviedo Teixeira,4291,25
49508280,Rua Quatro,(D Industrial),Oviedo Teixeira,4291,25
49508285,Rua Seis,(D Industrial),Oviedo Teixeira,4291,25
49508290,Rua Iata Anderson Alves de Oliveira,,Oviedo Teixeira,4291,25
49508295,Rua Um,(D Industrial),Oviedo Teixeira,4291,25
49508300,Rua Dois,(D Industrial),Oviedo Teixeira,4291,25
49509000,Rua Percílio Andrade,- de 1083 a 1833 - lado ímpar,Mamede Paes Mendonça,4291,25
49509003,Rua Wagner Mota,,Mamede Paes Mendonça,4291,25
49509006,Rua Cristóvão de Barros,- lado ímpar,Mamede Paes Mendonça,4291,25
49509009,Rua José Venceslau,,Mamede Paes Mendonça,4291,25
49509012,Rua Joel Venceslau de Souza,,Mamede Paes Mendonça,4291,25
49509015,Rua Manoel Batista Maciel,,Mamede Paes Mendonça,4291,25
49509018,Rua São Domingos,- de 2364/2365 ao fim,Mamede Paes Mendonça,4291,25
49509021,Travessa José Sizino de Almeida,,Mamede Paes Mendonça,4291,25
49509024,Travessa José Sizino de Almeida III,,Mamede Paes Mendonça,4291,25
49509027,Travessa José Sizino de Almeida IV,,Mamede Paes Mendonça,4291,25
49509030,Rua José Sizino de Almeida,- de 971/972 ao fim,Mamede Paes Mendonça,4291,25
49509033,Travessa José Sizino de Almeida II,,Mamede Paes Mendonça,4291,25
49509037,Vila Zé de Melinha,,Mamede Paes Mendonça,4291,25
49509040,Rua Maria Izaltina Santos,,Mamede Paes Mendonça,4291,25
49509070,Rua Renilton Ferreira Martins,,Mamede Paes Mendonça,4291,25
49509073,Rua Monsenhor Constantino,- de 1018/1019 ao fim,Mamede Paes Mendonça,4291,25
49509076,Rua Gabriel Hilário Sobrinho,,Mamede Paes Mendonça,4291,25
49509079,Rua Maria Valdete A Santos,,Mamede Paes Mendonça,4291,25
49509082,Rua José Paulo Vieira,,Mamede Paes Mendonça,4291,25
49509085,Travessa José Pereira,,Mamede Paes Mendonça,4291,25
49509088,Rua Francisco Oliveira,- de 3550/3551 ao fim,Mamede Paes Mendonça,4291,25
49509091,Rua Aluízio Almeida Silva,,Mamede Paes Mendonça,4291,25
49509094,Travessa João Alves de Andrade,,Mamede Paes Mendonça,4291,25
49509097,Rua Marechal Deodoro da Fonseca,- de 674/675 ao fim,Mamede Paes Mendonça,4291,25
49509100,Travessa Marechal Deodoro da Fonseca,,Mamede Paes Mendonça,4291,25
49509106,Travessa Aciole Mendonça Mota,,Mamede Paes Mendonça,4291,25
49509109,Rua Marcos Antônio de Jesus Sobral,,Mamede Paes Mendonça,4291,25
49509134,Travessa Edivaldo José de Oliveira,,Mamede Paes Mendonça,4291,25
49509137,Travessa Maurino José da Silva,,Mamede Paes Mendonça,4291,25
49509140,Rua Tobias Barreto,- de 554/555 ao fim,Mamede Paes Mendonça,4291,25
49509143,Rua Manoel Lapa,- de 254/255 ao fim,Mamede Paes Mendonça,4291,25
49509146,Rua José Vicente de Oliveira,,Mamede Paes Mendonça,4291,25
49509149,Travessa Xisto Alves dos Santos,,Mamede Paes Mendonça,4291,25
49509152,Rua Ana Souza de Jesus,,Mamede Paes Mendonça,4291,25
49509155,Rua Capitão José Ferreira Neto,- de 333/334 ao fim,Mamede Paes Mendonça,4291,25
49509158,Rua Esperidião Noronha,- de 1001/1002 ao fim,Mamede Paes Mendonça,4291,25
49509161,Travessa Antonio Tavares da Costa,,Mamede Paes Mendonça,4291,25
49509164,Rua Capitão Manoel Joaquim Mendes,- de 657/658 ao fim,Mamede Paes Mendonça,4291,25
49509167,Rua Francisco Oliveira,- até 3548/3549,Mamede Paes Mendonça,4291,25
49509170,Travessa Professora Rita Vieira Santos,,Mamede Paes Mendonça,4291,25
49509173,Rua Euclides Paes Mendonça,- de 651/652 a 1414/1415,Mamede Paes Mendonça,4291,25
49509176,Travessa Francisco Teles de Mendonça,,Mamede Paes Mendonça,4291,25
49509179,Rua Professor Lima Junior,- de 710 a 1368 - lado par,Mamede Paes Mendonça,4291,25
49509182,Travessa Papa João Paulo VI,,Mamede Paes Mendonça,4291,25
49509185,Rua Francolino Alves dos Santos,,Mamede Paes Mendonça,4291,25
49509188,Rua Percílio Andrade,- até 1081 - lado ímpar,Mamede Paes Mendonça,4291,25
49509191,Avenida Capitão Antonio Cornélio da Fonseca,- lado par,Mamede Paes Mendonça,4291,25
49509194,Travessa Marina Meireles Teles,,Mamede Paes Mendonça,4291,25
49509197,Rua São Domingos,- de 1123/1124 a 2362/2363,Mamede Paes Mendonça,4291,25
49509200,Travessa São Domingos,,Mamede Paes Mendonça,4291,25
49509203,Travessa São Domingos II,,Mamede Paes Mendonça,4291,25
49509206,Rua Aristela Santos Lima Oliveira,,Mamede Paes Mendonça,4291,25
49509209,Avenida Emília Vigencia dos Santos,,Mamede Paes Mendonça,4291,25
49509212,Rua José Araújo Ferreira Junior,- de 1067/1068 ao fim,Mamede Paes Mendonça,4291,25
49509215,Rua Judite Dantas de Andrade,,Mamede Paes Mendonça,4291,25
49509218,Rua Josias da Silva Nunes,,Mamede Paes Mendonça,4291,25
49509225,Rua Manoel da Costa Lima,- lado par,Mamede Paes Mendonça,4291,25
49509260,Rua João Nunes de Rezende,- lado par,Mamede Paes Mendonça,4291,25
49509263,Rua Maria Luiza Mendonça,,Mamede Paes Mendonça,4291,25
49509266,Rua Professor Lima Junior,- de 711 a 1369 - lado ímpar,Mamede Paes Mendonça,4291,25
49509269,Rua João Nunes de Rezende,- lado ímpar,Mamede Paes Mendonça,4291,25
49509272,Rua Felinto Tavares de Jesus,- lado ímpar,Mamede Paes Mendonça,4291,25
49509284,Avenida Virgilio Lourenço dos Reis,,Mamede Paes Mendonça,4291,25
49509590,Rua Euclides Paes Mendonça,- de 1416/1417 ao fim,Porto,4291,25
49509600,Rua Djenal Rocha,,Porto,4291,25
49509605,Rua José Bispo de Góis,,Porto,4291,25
49509610,Rua Professor Lima Junior,- de 1370/1371 ao fim,Porto,4291,25
49509616,Rua João Nunes de Rezende,- lado par,Porto,4291,25
49509620,Avenida Antônio Oliveira,,Porto,4291,25
49509623,Rua Gentil Fonseca Lobo,,Porto,4291,25
49509626,Rua Amanda Santos Rezende,,Porto,4291,25
49509629,Rua Vivaldo Tavares de Almeida,,Porto,4291,25
49509632,Rua Cristiano Teles de Andrade,,Porto,4291,25
49509635,Rua Pedro Alex Santos de Jesus,,Porto,4291,25
49509638,Rua Senador José Passos Porto,,Porto,4291,25
49509641,Rua Vereador José Severiano de Jesus,,Porto,4291,25
49509644,Rua José Augusto Araújo,,Porto,4291,25
49509647,Rua Miguel Barreto Fereira,,Porto,4291,25
49509650,Rua Izael Vieira de Jesus,,Porto,4291,25
49509653,Calçadão Antônio Pereira de Carvalho,- lado ímpar,Porto,4291,25
49509656,Travessa Lucas Alves Machado,,Porto,4291,25
49509658,Calçadão Marinete Tavares Feliciano,- lado ímpar,Porto,4291,25
49509680,Rua Maria José Maciel,,Porto,4291,25
49509685,Rua Telma de Oliveira Santana,,Porto,4291,25
49509740,Rua Paulo dos Santos,,Porto,4291,25
49509745,Rua Ezídia Alves de Carvalho,,Porto,4291,25
49509750,Rua José Rodomarques Alves Santos,,Porto,4291,25
49509755,Rua Edith Maria da Costa,,Porto,4291,25
49509760,Rua Manoel Avelino de Souza,,Porto,4291,25
49509765,Rua Rodolfo Andrade,,Porto,4291,25
49509770,Rua João Nunes de Rezende,- lado ímpar,Porto,4291,25
49509775,Rua Brasiliano Antonio Batista Santos,,Porto,4291,25
49509780,Rua Tercilia Passos de Oliveira,,Porto,4291,25
49509785,Rua Antônio Oliveira,,Porto,4291,25
49509790,Rua Clotildes Silveira,,Porto,4291,25
49509795,Rua José Araújo Ferreira Junior,- até 1065/1066,Porto,4291,25
49509800,Rua Maria Linda de Andrade,,Porto,4291,25
49509805,Rua São João,,Porto,4291,25
49509810,Avenida Capitão Antonio Cornélio da Fonseca,- lado ímpar,Porto,4291,25
49509815,Rua Felisbelo Machado Menezes,,Porto,4291,25
49509870,Avenida Capitulino Alves dos Santos,,Porto,4291,25
49509875,Rua Mariovan Santos Brito,,Porto,4291,25
49509880,Rua Jailton de Melo Rezende,,Porto,4291,25
49509885,Rua Juvencio Francisco de Lima,,Porto,4291,25
49509890,Rua Antonio Alves do Amorim,,Porto,4291,25
49509895,Rua Constantino Alves do Amorim,,Porto,4291,25
49510000,Rua São Domingos,- até 1121/1122,Porto,4291,25
49510005,Rua José Leilson dos Santos,,Porto,4291,25
49510095,Rua Edivaldo Alves de Andrade,,Porto,4291,25
49510101,Rua Paulo Tomé da Silva,,Porto,4291,25
49510110,Travessa José Luiz de Oliveira,,Porto,4291,25
49510115,Rua José Antonio Moura,,Porto,4291,25
49510120,Travessa Antonio Alves dos Santos,,Porto,4291,25
49510125,Travessa Santa Luzia,,Porto,4291,25
49510130,Travessa Nossa Senhora Conceição,,Porto,4291,25
49510135,Rua Jean Carlos Santos Lima,,Porto,4291,25
49510140,Rua Conceição Ana,,Porto,4291,25
49510145,Avenida Zefinha de Capitulino,,Porto,4291,25
49510150,Rua Maria Thetis Nunes,,Porto,4291,25
49510155,Rua Laurentino Alves dos Santos,,Porto,4291,25
49510160,Rua Maria Laura de Carvalho,,Porto,4291,25
49510165,Rua Vereador Manoel Clemente da Rocha,,Porto,4291,25
49510170,Rua Josias Costa,,Porto,4291,25
49510175,Travessa Felisbelo Machado de Menezes,,Porto,4291,25
49510180,Rua Pedro Nunes de Carvalho,,Porto,4291,25
49510185,Rua Josefa Santos Santana,,Porto,4291,25
49510190,Avenida Eduardo Paixão Rocha,- lado ímpar,Porto,4291,25
49510195,Rua José Francisco de Andrade,,Porto,4291,25
49510200,Avenida Vereador Olimpio Grande,- lado ímpar,Porto,4291,25
49510350,Avenida Pedro Teles Barbosa,- lado par,Riacho Doce,4291,25
49510355,Rua José Fernando Peixoto,- lado par,Riacho Doce,4291,25
49510360,Travessa Tanque Vermelho,,Riacho Doce,4291,25
49510470,Avenida Maria Carreira,,Riacho Doce,4291,25
49510473,Travessa Maria de Silva Nunes,,Riacho Doce,4291,25
49510475,Rua Tanque Vermelho II,,Riacho Doce,4291,25
49510530,Rua José Airton Fraga Rocha,,Riacho Doce,4291,25
49510535,Rua Antônio Menezes,,Riacho Doce,4291,25
49510540,Avenida Maria das Graças Amorim,,Riacho Doce,4291,25
49510545,Rua Maria Felix da Silva,,Riacho Doce,4291,25
49510550,Rua Josivaldo dos Santos,,Riacho Doce,4291,25
49510555,Rua Minervina dos Santos,,Riacho Doce,4291,25
49510560,Travessa Quatro,,Riacho Doce,4291,25
49510565,Rua José Bispo de Souza,,Riacho Doce,4291,25
49510570,Rua Antonio Bispo,,Riacho Doce,4291,25
49510575,Rua José Meireles Teles,,Riacho Doce,4291,25
49510580,Rua José Meireles Teles I,,Riacho Doce,4291,25
49510585,Rua José Meireles Teles II,,Riacho Doce,4291,25
49510590,Rua José Meireles Teles III,,Riacho Doce,4291,25
49510595,Rua José Meireles Teles IV,,Riacho Doce,4291,25
49511000,Avenida Pedro Teles Barbosa,- lado par,Queimadas,4291,25
49511110,Rua José Pereira Rosa,,Queimadas,4291,25
49511115,Rua Domingos Alves dos Santos,,Queimadas,4291,25
49511118,Rua Antônio José de Andrade,,Queimadas,4291,25
49511120,Rua Nicolau Tolentino de Lima,,Queimadas,4291,25
49511125,Rua Padre José Luiz dos Santos,,Queimadas,4291,25
49511130,Avenida Arivaldo Alves Correia,,Queimadas,4291,25
49511135,Travessa Maurina Josina dos Santos,,Queimadas,4291,25
49511140,Rua Augusto Pereira Costa,,Queimadas,4291,25
49511143,Rua Maria dos Santos Rosa,,Queimadas,4291,25
49511146,Rua Augusto Tavares de Jesus,,Queimadas,4291,25
49511149,Rua José Celestino da Cunha,,Queimadas,4291,25
49511152,Rua Genário Alves dos Santos,,Queimadas,4291,25
49511155,Rua José Machado,,Queimadas,4291,25
49511230,Rua Domingos Francisco de Lima,,Queimadas,4291,25
49511235,Rua Manoel Félix de Moura,,Queimadas,4291,25
49511240,Rua Alvino Tavares de Jesus,,Queimadas,4291,25
49511245,Rua José dos Santos,,Queimadas,4291,25
49511250,Rua Maria Alves dos Santos,,Queimadas,4291,25
49511255,Rua Aurora Rosa de Góis,,Queimadas,4291,25
49511260,Rua João Francisco de Souza,,Queimadas,4291,25
49511370,Rua José Alves dos Santos,,Queimadas,4291,25
49511375,Rua João de Deus Freitas,,Queimadas,4291,25
49511380,Rua Florêncio José dos Santos,,Queimadas,4291,25
49511385,Rua Olivio Pinto de Souza,,Queimadas,4291,25
49511390,Avenida Eduardo Paixão Rocha,- lado par,Queimadas,4291,25
49511500,Rua José Vicente Monteiro,,Queimadas,4291,25
49511505,Rua Maria Damitilia da Conceição,,Queimadas,4291,25
49511510,Rua Josias,,Queimadas,4291,25
49511515,Rua Faixa,,Queimadas,4291,25
49511520,Rua Marculino Cruz do Espírito Santo,,Queimadas,4291,25
49511525,Rua Pedro Tavares de Jesus,,Queimadas,4291,25
49511530,Rua Antonio José Messias,,Queimadas,4291,25
49511590,Rua Rosa Perpétua de Jesus,,Queimadas,4291,25
49511595,Rua Josias de Souza,,Queimadas,4291,25
49511600,Rua João Basilio Cunha,,Queimadas,4291,25
49511605,Rua Candida Mamede,,Queimadas,4291,25
49511610,Rua Pedro Barros,,Queimadas,4291,25
49511615,Rua Candida Maria de Jesus,,Queimadas,4291,25
49511620,Rua Maria Pureza de Jesus,,Queimadas,4291,25
49511625,Rua Candeia Grande,,Queimadas,4291,25
49511628,Rua Anacleto Antônio da Silva,,Queimadas,4291,25
49511631,Rua Maria Celestina da Cunha,,Queimadas,4291,25
49511634,Rua Savyo Peres Barreto,,Queimadas,4291,25
49511637,Rua João Batista da Fonseca,,Queimadas,4291,25
49511640,Rua Valentim Luiz Apolinario,,Queimadas,4291,25
49511643,Rua Francisco Joaquim de Santana,,Queimadas,4291,25
49511646,Rua Firmino Celestino da Cunha,,Queimadas,4291,25
49511649,Rua José Enock de Oliveira,,Queimadas,4291,25
49511730,Avenida Pedro de Romão,,Queimadas,4291,25
49511735,Rua Maria Francisca dos Santos,,Queimadas,4291,25
49511740,Rua Antonio Alves dos Santos,,Queimadas,4291,25
