68903864,Passarela Bom Jesus,,Araxá,5258,4
68903865,Rua Alessandro B. Guerra,,Araxá,5258,4
68903866,Alameda Jardim,,Araxá,5258,4
68903867,Passarela Beco da Saudade,,Araxá,5258,4
68903868,Passarela Santa Clara,,Araxá,5258,4
68903869,Passarela Santo Antonio,,Araxá,5258,4
68903870,Rua Adrião Rocha Oliveira,,Araxá,5258,4
68903873,Passarela Bianor,,Araxá,5258,4
68903874,Avenida Humberto Góes Pereira,,Araxá,5258,4
68903875,Avenida Segunda,,Araxá,5258,4
68903876,Passagem Castanhal,,Araxá,5258,4
68903877,Passagem das Graças,,Araxá,5258,4
68903878,Passagem Marisol,,Araxá,5258,4
68903879,Alameda Maridional,,Araxá,5258,4
68903880,Avenida Terceira,,Araxá,5258,4
68903881,Alameda Meridional do Norte,,Araxá,5258,4
68903882,Travessa A,(B A Pedrinhas),Araxá,5258,4
68903883,Rua do Araxá,,Araxá,5258,4
68903884,Travessa B,(Boné Azul das Pedrinhas),Araxá,5258,4
68903885,Avenida Quarta,,Araxá,5258,4
68903886,Travessa C,(Boné Azul das Pedrinhas),Araxá,5258,4
68903887,Travessa D,(Boné Azul das Pedrinhas),Araxá,5258,4
68903901,Rua Samuel Trajano de Souza 429,,Jardim Marco Zero,5258,4
68903970,Rodovia Juscelino Kubitschek 1660,,Jardim Marco Zero,5258,4
68903971,"Rua Claudomiro de Moraes, s/n",,Novo Buritizal,5258,4
68904001,Rua Claudomiro de Moraes,- até 1794/1795,Novo Buritizal,5258,4
68904010,Rua Raul Monteiro Valdez,,Novo Buritizal,5258,4
68904015,Travessa Clodóvio Coelho,,Novo Buritizal,5258,4
68904016,Passagem Jardim,,Novo Buritizal,5258,4
68904017,Travessa Serram,,Novo Buritizal,5258,4
68904019,Avenida Governador Manoel Bernado de Melo Castro,(Cj. Cuba de Asfalto),Novo Buritizal,5258,4
68904020,Rua Leopoldo Queirós Teixeira,,Novo Buritizal,5258,4
68904030,Avenida Armando Limeira Pontes,,Novo Buritizal,5258,4
68904031,Travessa Segunda de Moraes,,Novo Buritizal,5258,4
68904032,Travessa Primeira de Moraes,,Novo Buritizal,5258,4
68904033,Avenida Saúde Pimentel Canto,,Novo Buritizal,5258,4
68904034,Avenida Segunda de Moraes,,Novo Buritizal,5258,4
68904035,Rua Dois de Moraes,,Novo Buritizal,5258,4
68904036,Rua Raimundo Antônio Machado,,Novo Buritizal,5258,4
68904037,Travessa K. Golveia,,Novo Buritizal,5258,4
68904039,Passagem K Gouveia,,Novo Buritizal,5258,4
68904040,Avenida Miguel Faustino Picanço,,Novo Buritizal,5258,4
68904043,Avenida Raimundo Antônio Machado,,Novo Buritizal,5258,4
68904044,Avenida Violeta Mont'Alverne Moreira,,Novo Buritizal,5258,4
68904050,Avenida Reinaldo Damasceno,,Novo Buritizal,5258,4
68904060,Avenida José de Souza Gomes,,Novo Buritizal,5258,4
68904070,Avenida José Augusto Façanha,,Novo Buritizal,5258,4
68904080,Avenida José Gonçalves Picanço,,Novo Buritizal,5258,4
68904090,Avenida Maximiniano Serra Picanço,,Novo Buritizal,5258,4
68904101,Avenida Dionísio Augusto Costa Filho,,Novo Buritizal,5258,4
68904120,Travessa Avó Guardina,,Novo Buritizal,5258,4
68904125,Travessa Cinco de Outubro,,Novo Buritizal,5258,4
68904130,Travessa Manoel Quaresma Mendes,,Novo Buritizal,5258,4
68904140,Travessa Heráclito Azevedo Coutinho,,Novo Buritizal,5258,4
68904150,Travessa Manoel Valente dos Santos,,Novo Buritizal,5258,4
68904160,Travessa Fortunato Peres,,Novo Buritizal,5258,4
68904225,Avenida Hely da Silva Oliveira,,Novo Buritizal,5258,4
68904250,Rua José Valente dos Santos,,Novo Buritizal,5258,4
68904260,Rua Tiago Flexa da Costa,,Novo Buritizal,5258,4
68904271,Rua Maria do Carmo Tavares,(Cj. cuba de Asfalto),Novo Buritizal,5258,4
68904272,Rua Eloy Monteiro Nunes,(Cj. Cuba de Asfalto),Novo Buritizal,5258,4
68904273,Rua Sarah Roffe Zagury,(Cuba de Asfalto),Novo Buritizal,5258,4
68904274,Rua Nilo Coelho,(Cj. Cuba de Asfalto),Novo Buritizal,5258,4
68904275,Rua Francisco Furtado,(Cj. Cuba de Asfalto),Novo Buritizal,5258,4
68904276,Avenida João Batista Coutinho,,Novo Buritizal,5258,4
68904277,Avenida Maria de Nazaré Brito de Souza,,Novo Buritizal,5258,4
68904278,Rua Reinaldo Damasceno,(Cj. Cuba de Asfalto),Novo Buritizal,5258,4
68904279,Rua Mestre Julio,(Cj. Cuba de Asfalto),Novo Buritizal,5258,4
68904281,Avenida Ernesto Pereira Colares,,Novo Buritizal,5258,4
68904282,Avenida Aurora Ferreira da Costa,,Novo Buritizal,5258,4
68904283,Avenida Heráclito Juares Filho,,Novo Buritizal,5258,4
68904284,Avenida Domingos Amorim,,Novo Buritizal,5258,4
68904286,Avenida Cleveland Sá Cavalcante,,Novo Buritizal,5258,4
68904287,Travessa Municipalista,,Novo Buritizal,5258,4
68904288,Passagem Municipalista,,Novo Buritizal,5258,4
68904325,Avenida Vinte e Oito de Julho,(Conj. Hab. Laurindo Banha),Novo Buritizal,5258,4
68904326,Rua Claudomiro de Moraes,- de 1796/1797 ao fim,Congós,5258,4
68904327,Avenida Pompeu Cardoso,,Congós,5258,4
68904328,Avenida Evandro Carneiro de Melo,,Congós,5258,4
68904329,Avenida Laudelino Araújo Corrêa,,Congós,5258,4
68904331,Avenida Vigésima Quarta,,Congós,5258,4
68904340,Avenida Guajarina Duarte Mendes,,Congós,5258,4
68904343,Avenida Luís Alves Cunha,,Congós,5258,4
68904344,Travessa Manoel Ferreira da Silva,,Congós,5258,4
68904345,Rua Doutor Manoel Brasil,,Congós,5258,4
68904350,Avenida Arthur Roque,,Congós,5258,4
68904360,Avenida João Guerra,,Congós,5258,4
68904365,Avenida Telemaco Mira Martins,,Congós,5258,4
68904366,Rua Benedito Lino do Carmo,,Congós,5258,4
68904370,Avenida Cabo Velho,,Congós,5258,4
68904374,Avenida Edite Penafort,,Congós,5258,4
68904376,Rua Carlos Drumond de Andrade,,Congós,5258,4
68904377,Rua Doutor Alberto Lima,,Congós,5258,4
68904378,Avenida Janari de Azevedo Costa,,Congós,5258,4
68904379,Avenida Augusto Santos,,Congós,5258,4
68904381,Avenida Aureliano Rening,,Congós,5258,4
68904382,Avenida Delegado Antônio Melo,,Congós,5258,4
68904383,Avenida Padre Rinaldo Bossi,,Congós,5258,4
68904384,Avenida Padre Ângelo Biraghi,,Congós,5258,4
68904385,Avenida Raimundo Caxias de Souza,,Congós,5258,4
68904386,Avenida Newton Cardoso,,Congós,5258,4
68904387,Avenida Francisco Torquato de Araújo,,Congós,5258,4
68904388,Avenida José Maria Banhos de Araújo,,Congós,5258,4
68904390,Avenida José Moacir Banhos de Araújo,,Congós,5258,4
68904395,Avenida Bem-Hur Corrêa Alves,,Congós,5258,4
68904396,Avenida Nilo Almeida,,Congós,5258,4
68904397,Avenida Comandante Marapanim,,Congós,5258,4
68904398,Avenida José Araguarino de Mont'Alverne,,Congós,5258,4
68904400,Avenida Trinta de Julho,(Cj Hab L Banha),Novo Buritizal,5258,4
68904405,Travessa Trinta e Um de Julho,(Conj. Hab. Laurindo Banha),Novo Buritizal,5258,4
68904590,Avenida Vinte e Sete de Julho,(Conj. Hab. Laurindo Banha),Novo Buritizal,5258,4
68904591,Avenida Trinta de Julho,(Conj. Hab. Laurindo Banha),Novo Buritizal,5258,4
68904592,Avenida Quinze de Julho,(Coj. Hab. Laurindo Banha),Novo Buritizal,5258,4
68904600,Avenida Vinte e Nove de Julho,(Conj. Hab. Laurindo Banha),Novo Buritizal,5258,4
68904615,Rua Maria Raimunda Barros Machado,(Conj. Hab. Laurindo Banha),Novo Buritizal,5258,4
68904620,Avenida Dezoito de Julho,(Conj. Hab. Laurindo Banha),Novo Buritizal,5258,4
68904630,Avenida Vinte e Seis de Julho,(Conj. Hab. Laurindo Banha),Novo Buritizal,5258,4
68904640,Avenida Vinte e Cinco de Julho,(Conj. Hab. Laurindo Banha),Novo Buritizal,5258,4
68904650,Avenida Vinte e Quatro de Julho,(Conj. Hab. Laurindo Banha),Novo Buritizal,5258,4
68904660,Avenida Vinte e Três de Julho,(Conj. Hab. Laurindo Banha),Novo Buritizal,5258,4
68904665,Rua Manoel Ferreira da Silva,,Novo Buritizal,5258,4
68904670,Avenida Vinte e Dois de Julho,(Conj. Hab. Laurindo Banha),Novo Buritizal,5258,4
68904680,Avenida Vinte e Um de Julho,(Conj. Hab. Laurindo Banha),Novo Buritizal,5258,4
68904690,Avenida Dezessete de Julho,(Conj. Hab. Laurindo Banha),Novo Buritizal,5258,4
68904700,Avenida Edilson José Prado Ribeiro,,Novo Buritizal,5258,4
68904710,Avenida Dezesseis de Julho,(Conj. Hab. Laurindo Banha),Novo Buritizal,5258,4
68904715,Avenida Vinte de Julho,(Conj. Hab. Laurindo Banha),Novo Buritizal,5258,4
68904720,Avenida Quinze de Julho,(Conj. Hab. Laurindo Banha),Novo Buritizal,5258,4
68904730,Avenida Quatorze de Julho,(Conj. Hab. Laurindo Banha),Novo Buritizal,5258,4
68904731,Avenida Treze de Julho,(Conj. Hab. Laurindo Banha),Novo Buritizal,5258,4
68904740,Avenida Primeiro de Setembro,,Novo Buritizal,5258,4
68904780,Avenida Almerindo S. Farias,,Novo Buritizal,5258,4
68904800,Rua Dezenove de Julho,(Conj. Hab. Laurindo Banha),Novo Buritizal,5258,4
68904809,Passagem Treze de Setembro,(Cj. Cuba de Asfalto),Novo Buritizal,5258,4
68904810,Rua Dois de Setembro,(conj. Hab. Laurindo Banha),Novo Buritizal,5258,4
68904811,Travessa Antônio Ferreira de Jesus,(Cj. Cuba de Asfalto),Novo Buritizal,5258,4
68904812,Rua Antônio Pinheiro Sampaio,(Cj C Asfalto),Novo Buritizal,5258,4
68904813,Avenida Treze de Setembro,- de 2221/2222 ao fim,Novo Buritizal,5258,4
68904814,Avenida Primeiro de Maio,- de 2200/2201 ao fim,Novo Buritizal,5258,4
68904970,"Rua Claudomiro de Moraes, s/n",,Novo Buritizal,5258,4
68905010,Avenida Raimundo de Souza Mesquita,,Cidade Nova,5258,4
68905015,Avenida Nossa Senhora das Neves,,Cidade Nova,5258,4
68905020,Avenida Nossa Senhora do Carmo,,Cidade Nova,5258,4
68905030,Avenida Nossa Senhora das Graças,,Cidade Nova,5258,4
68905040,Rua Nossa Senhora de Nazaré,,Cidade Nova,5258,4
68905050,Avenida Manoel Domingos Medina,,Cidade Nova,5258,4
68905060,Avenida Nossa Senhora Aparecida,,Cidade Nova,5258,4
68905070,Avenida Juarez Boas Novas,,Cidade Nova,5258,4
68905080,Avenida Manoel Cardoso,,Cidade Nova,5258,4
68905090,Avenida Dezenove de Março,,Cidade Nova,5258,4
68905100,Avenida Oito de Dezembro,,Cidade Nova,5258,4
68905110,Avenida Quinze de Novembro,,Cidade Nova,5258,4
68905120,Rua Ariosvaldo Coelho Caxias,,Cidade Nova,5258,4
68905130,Passagem Rosa dos Ventos,,Cidade Nova,5258,4
68905140,Passagem Orquídeas,,Cidade Nova,5258,4
68905150,Passagem Flor de Lis,,Cidade Nova,5258,4
68905160,Passagem Jasmim,,Cidade Nova,5258,4
68905170,Rua Santa Maria,,Cidade Nova,5258,4
68905180,Passagem São Benedito,,Cidade Nova,5258,4
68905190,Rua São Braz,,Cidade Nova,5258,4
68905200,Rua Santa Cruz,,Cidade Nova,5258,4
68905209,Rua Antônio Pelais de Souza,- de 510/511 ao fim,Cidade Nova,5258,4
68905222,Rua Raul Clemente Paulo Calins,- de 1200/1201 ao fim,Cidade Nova,5258,4
68905240,Rua José Tavares de Almeida,- de 1200/1201 ao fim,Cidade Nova,5258,4
68905251,Rua Turibio Orivaldo Guimarães,- de 1200/1201 ao fim,Cidade Nova,5258,4
68905261,Rua Raimundo Ramos dos Santos,- de 1200/1201 ao fim,Cidade Nova,5258,4
68905271,Rua Acesio Guedes,- de 1200/1201 ao fim,Cidade Nova,5258,4
68905290,Rua Sexta da Baixada do Japonês,,Cidade Nova,5258,4
68905300,Rua Sétima da Baixada do Japonês,,Cidade Nova,5258,4
68905320,Rua Josefa Pelaes da Silva,,Cidade Nova,5258,4
68905350,Passagem Ulisses Guimarães,,Cidade Nova,5258,4
68905360,Passagem Flor do Campo,,Cidade Nova,5258,4
68905370,Passagem Girassol,,Cidade Nova,5258,4
68905380,Passagem Lirios do Campo,,Cidade Nova,5258,4
68905390,Passagem Margaridas,,Cidade Nova,5258,4
68905400,Passagem das Carmelias,,Cidade Nova,5258,4
68905410,Passagem Primeira da Turibio,,Cidade Nova,5258,4
68905420,Canal do Jandiá,- até 3034/3035,Cidade Nova,5258,4
68905440,Passagem Rosa Menina,,Cidade Nova,5258,4
68905450,Passagem Nazaré,,Cidade Nova,5258,4
68905460,Travessa São Benedito,,Cidade Nova,5258,4
68905470,Rua Santa Clara,,Cidade Nova,5258,4
68905510,Rua Rio Tefé,,Perpétuo Socorro,5258,4
68905511,Avenida Nossa Senhora da Conceição,,Perpétuo Socorro,5258,4
68905512,Avenida Nossa Senhora de Fátima,,Perpétuo Socorro,5258,4
68905513,Avenida Nossa Senhora do Perpétuo Socorro,,Perpétuo Socorro,5258,4
68905514,Rua Canal do Perpéto Socorro,,Perpétuo Socorro,5258,4
68905515,Rua Antonio Pereira da Costa de Sousa,,Perpétuo Socorro,5258,4
68905516,Travessa Segunda,,Perpétuo Socorro,5258,4
68905517,Avenida Terceira,,Perpétuo Socorro,5258,4
68905520,Rua Rio Purus,,Perpétuo Socorro,5258,4
68905525,Rua Doutor Walter da Silva Pacheco,,Perpétuo Socorro,5258,4
68905530,Rua Rio Negro,,Perpétuo Socorro,5258,4
68905535,Passagem Rio Negro,,Perpétuo Socorro,5258,4
68905540,Rua Rio Japurá,,Perpétuo Socorro,5258,4
68905545,Passagem Rio Jari,,Perpétuo Socorro,5258,4
68905550,Rua Rio Javari,,Perpétuo Socorro,5258,4
68905555,Passagem Rio Xingu,,Perpétuo Socorro,5258,4
68905565,Passagem Nações Unidas,,Perpétuo Socorro,5258,4
68905570,Avenida Jose Tupinamba de Almeida,- até 249/250,Perpétuo Socorro,5258,4
68905575,Passagem Hugo Alves Pinto,,Perpétuo Socorro,5258,4
68905580,Avenida Quarta,(Conj. Habitacional da Kiár),Perpétuo Socorro,5258,4
68905585,Passagem Ana Nery,,Perpétuo Socorro,5258,4
68905590,Avenida da Maria Silva Chavier,(Conj. Habitacional da Kiár),Perpétuo Socorro,5258,4
68905592,Avenida Marcílio Dias,- até 158/159,Perpétuo Socorro,5258,4
68905595,Passagem São José,,Perpétuo Socorro,5258,4
68905600,Avenida Segunda,(Conj. Habitacional da Kiár),Perpétuo Socorro,5258,4
68905605,Passagem Nossa Senhora do Perpétuo Socorro,,Perpétuo Socorro,5258,4
68905610,Avenida Primeira,(Conj. Habitacional da Kiár),Perpétuo Socorro,5258,4
68905615,Passagem Nossa Senhora de Fátima,,Perpétuo Socorro,5258,4
68905620,Avenida Quinta,(Conj. Habitacional da Kiár),Perpétuo Socorro,5258,4
68905621,Passagem Santa Fé,,Perpétuo Socorro,5258,4
68905623,Avenida Santa Teresinha,,Perpétuo Socorro,5258,4
68905624,Rua Oscar Santos,,Perpétuo Socorro,5258,4
68905625,Passagem Nossa Senhora da Conceição,,Perpétuo Socorro,5258,4
68905626,Rua Raul Clemente Paulo Collins,,Perpétuo Socorro,5258,4
68905627,Avenida José do Espírito Santo Araújo,,Perpétuo Socorro,5258,4
68905628,Rua Acézio Guedes,,Perpétuo Socorro,5258,4
68905629,Rua Quintino Justo de Almeida,,Perpétuo Socorro,5258,4
68905630,Rua Hugo Alves Pinto,,Perpétuo Socorro,5258,4
68905631,Rua Rio Jari,,Perpétuo Socorro,5258,4
68905635,Passagem Santa Terezinha,,Perpétuo Socorro,5258,4
68905640,Rua Rio Madeira,,Perpétuo Socorro,5258,4
68905650,Passagem Rio Purus,,Perpétuo Socorro,5258,4
68905660,Passagem Rio Parú,,Perpétuo Socorro,5258,4
68905670,Rua Cândido Mendes,- até 523/524,Perpétuo Socorro,5258,4
68905695,Passagem Acesio Guedes,,Perpétuo Socorro,5258,4
68905700,Rua Raimundo Ramos dos Passos,,Perpétuo Socorro,5258,4
68905705,Passagem Primeira José do Espírito Santo,,Perpétuo Socorro,5258,4
68905711,Rua Acesio Guedes,- até 1147/1148,Perpétuo Socorro,5258,4
68905712,Avenida Ana Nery,- até 177/178,Perpétuo Socorro,5258,4
68905715,Passagem Segunda do Espírito Santo,,Perpétuo Socorro,5258,4
68905724,Rua Raimundo Ramos dos Santos,- até 989/990,Perpétuo Socorro,5258,4
68905725,Passagem Terceira José do Espírito Santo,,Perpétuo Socorro,5258,4
68905731,Rua Turibio Orivaldo Guimarães,- até 999/1000,Perpétuo Socorro,5258,4
68905735,Passagem Marcílio Dias,,Perpétuo Socorro,5258,4
68905741,Rua José Tavares de Almeida,- até 949/950,Perpétuo Socorro,5258,4
68905745,Passagem Pedro Américo,,Perpétuo Socorro,5258,4
68905751,Rua José Furtado de Oliveira,- até 999/1000,Perpétuo Socorro,5258,4
68905761,Rua Raul Clemente Paulo Calins,- até 999/1000,Perpétuo Socorro,5258,4
68905771,Rua Antônio Pelais de Souza,- até 508/509,Perpétuo Socorro,5258,4
68905780,Rua Beira Rio,,Perpétuo Socorro,5258,4
68905800,Avenida Amélia Dias dos Santos,,Perpétuo Socorro,5258,4
68905810,Avenida José dos Santos Furtado,,Perpétuo Socorro,5258,4
68905820,Avenida Moacir Braga Coutinho,,Perpétuo Socorro,5258,4
68905830,Avenida Gertrudes Saturnino Loureiro,,Perpétuo Socorro,5258,4
68905850,Passagem Santo Agostinho,,Perpétuo Socorro,5258,4
68905860,Passagem Maestro Miguel,,Perpétuo Socorro,5258,4
68905870,Passagem João Alberto Capiberibe,,Perpétuo Socorro,5258,4
68905880,Passagem Santa Marta,,Perpétuo Socorro,5258,4
68905890,Passagem Raimundo Ramos dos Passos,,Perpétuo Socorro,5258,4
68906003,Rua Goiabal,,Goiabal,5258,4
68906006,Avenida Itamaraca,,Goiabal,5258,4
68906009,Avenida Edilson Pinheiro,,Goiabal,5258,4
68906012,Avenida Francisco de Souza,,Goiabal,5258,4
68906015,Avenida José Cardoso da Silva,,Goiabal,5258,4
68906018,Avenida das Amazonas,,Goiabal,5258,4
68906021,Avenida Leopoldo Amancio,,Goiabal,5258,4
68906024,Rua Zeca Verônica,,Goiabal,5258,4
68906027,Avenida Maria Alta,,Goiabal,5258,4
68906030,2ª Travessa do Goiabal,,Goiabal,5258,4
68906033,Avenida Anastácio Gaudêncio da Silva,(Torres do Linhão),Goiabal,5258,4
68906036,Avenida Nossa Senhora de Fátima,,Goiabal,5258,4
68906039,Avenida Nossa Senhora Aparecida,,Goiabal,5258,4
68906042,Avenida Santa Catarina,,Goiabal,5258,4
68906045,Rua Santa Maria,,Goiabal,5258,4
68906048,Rua Santo Expedito,,Goiabal,5258,4
68906051,Avenida São Benedito,,Goiabal,5258,4
68906054,Avenida Santa Edwiges,,Goiabal,5258,4
68906057,Avenida Nossa Senhora da Conceição,,Goiabal,5258,4
68906060,Avenida Bonfim,,Goiabal,5258,4
68906061,Rua São Lucas,,Goiabal,5258,4
68906063,Avenida Israel,,Goiabal,5258,4
68906066,Rua Nova Aliança,,Goiabal,5258,4
68906069,Rua Montevidéu,,Goiabal,5258,4
68906071,Avenida Maria da Silva Barbosa Barros,,Goiabal,5258,4
68906072,Rua Marrocos,,Goiabal,5258,4
68906075,Rua Estados Unidos,,Goiabal,5258,4
68906078,Rua Egito,,Goiabal,5258,4
68906081,Rua África do Sul,,Goiabal,5258,4
68906082,Avenida Santo Antônio,,Goiabal,5258,4
68906084,Rua Angola,,Goiabal,5258,4
68906087,Travessa Goiabal,,Goiabal,5258,4
68906090,Avenida Nova Jerusalém,,Goiabal,5258,4
68906091,Rua Santa Tereza,,Goiabal,5258,4
68906093,Rua Vitoria Regia,,Goiabal,5258,4
68906096,Rua Josefa da Silva,,Goiabal,5258,4
68906151,Rua São Mateus,,São José,5258,4
68906153,Rua São Lucas,,São José,5258,4
68906156,Rua São Tiago,,São José,5258,4
68906159,Rua São Judas,,São José,5258,4
68906162,Rua São Marcos,,São José,5258,4
68906165,Rua do Trilho,,São José,5258,4
68906301,Rodovia de Duca Serra,"- do Km 0,007 ao Km 0,013",Marabaixo,5258,4
68906501,Rua Linha B da AP-20,(Quilometro nove da AP-20),Marabaixo,5258,4
68906502,Avenida Quatro,,Marabaixo,5258,4
68906503,Avenida Três,,Marabaixo,5258,4
68906514,Rua Nona,,Marabaixo,5258,4
68906518,Rua Dez,,Marabaixo,5258,4
68906519,Rua Nove,,Marabaixo,5258,4
68906520,Avenida Benedito Costa,(Comunidade do Coração.),Marabaixo,5258,4
68906521,Avenida São Lázaro,(Comunidade do Coração),Marabaixo,5258,4
68906522,Avenida São João,(Comunidade do Coração),Marabaixo,5258,4
68906523,Avenida São Sebastião,(Comunidade do Coração),Marabaixo,5258,4
68906524,Rua dos Picapaus,(Lpt. Habitacional Bella Ville),Marabaixo,5258,4
68906526,Rua das Marrecos,(Lot. Habitacional Bella Ville),Marabaixo,5258,4
68906527,Rua das Garças,(Lot. Habitacional Bella Ville),Marabaixo,5258,4
68906528,Rua das Araras,(Lot. Habitacional Bella Ville),Marabaixo,5258,4
68906529,Rua das Gaivota,(Lot. Habitacional Bella Ville),Marabaixo,5258,4
68906533,Ramal do Bueirinho,,Alvorada,5258,4
68906534,Rua Ruthenete Pereira Marques,,Alvorada,5258,4
68906535,Avenida Almirante Barroso,- de 2840/2841 ao fim,Alvorada,5258,4
68906545,Avenida Professora Cora de Carvalho,- de 3760/3761 ao fim,Alvorada,5258,4
68906620,Travessa Joaquim Gouveia,,Alvorada,5258,4
68906630,Travessa São Francisco,,Alvorada,5258,4
68906631,Rua Terceira,(Cj Buriti),Alvorada,5258,4
68906632,Rua Segunda,(Cj Buriti),Alvorada,5258,4
68906633,Rua Tawarys,(Cj Buriti),Alvorada,5258,4
68906634,Travessa Soldado Deondino dos Santos Coelho,,Alvorada,5258,4
68906635,Travessa Dezessete,,Alvorada,5258,4
68906640,Rua Maria Torres da Silva,,Alvorada,5258,4
68906641,Rua Pastor Otoniel Alencar,,Alvorada,5258,4
68906642,Rua Manoel Bezerra Barbosa,,Alvorada,5258,4
68906643,Travessa Maurício Pacifico Cantuária,,Alvorada,5258,4
68906645,Avenida Padre Júlio Maria Lombaerd,- de 3650/3651 ao fim,Alvorada,5258,4
68906646,Rua Ilha Mirim,,Alvorada,5258,4
68906647,Via Dezesseis,,Alvorada,5258,4
68906648,Travessa Alvorada,,Alvorada,5258,4
68906649,Travessa Padre Luis David,,Alvorada,5258,4
68906650,Rua Padre Luis David,,Alvorada,5258,4
68906660,Rua Raimundo Banha Corrêa,,Alvorada,5258,4
68906661,Alameda Padre Primeira Luis David,,Alvorada,5258,4
68906662,Alameda Padre Segunda Luis David,,Alvorada,5258,4
68906663,Alameda Lagoa das Garças,,Alvorada,5258,4
68906664,Travessa Soldado José dos Santos,,Alvorada,5258,4
68906666,Travessa Joaquim Pinheiro Borges,,Alvorada,5258,4
68906670,Rua Sebastião Canúto,,Alvorada,5258,4
68906680,Avenida Josefina Silva da Soledade,,Alvorada,5258,4
68906685,Travessa Eufrázio da Silva Gaia,,Alvorada,5258,4
68906698,Rodovia de Duca Serra,"- até Km 0,003",Alvorada,5258,4
68906711,Travessa do Goiabal,,Cabralzinho,5258,4
68906790,Rua Dois,,Cabralzinho,5258,4
68906800,Rua Três,,Cabralzinho,5258,4
68906801,Rodovia de Duca Serra,"- do Km 0,004 ao Km 0,006",Cabralzinho,5258,4
68906806,Via Local Oito,(Lot. Parque Irmãos Platon),Cabralzinho,5258,4
68906807,Rua dos Papaguaios,(Lot. Parque Irmãos Platon),Cabralzinho,5258,4
68906808,Via Local Seis,(Lot. Parque Irmãos Platon),Cabralzinho,5258,4
68906809,Rua das Araras,(Lot. Parque Irmãos Platon),Cabralzinho,5258,4
68906810,Rua Um,,Cabralzinho,5258,4
68906811,Avenida Jaçanã,(Lot Parque Irmãos Platon),Cabralzinho,5258,4
68906812,Avenida Bem-te-vi,(Lot.Irmãos Platon),Cabralzinho,5258,4
68906813,Avenida Anabens,(Lot Prq I Platon),Cabralzinho,5258,4
68906814,Avenida Norte Sul,(Lot. Parque Irmãos Platon),Cabralzinho,5258,4
68906815,Rua Beija Flor,(Lot. Parque Irmãos Platon),Cabralzinho,5258,4
68906816,Alameda A.,(Lot Prq I Platon),Cabralzinho,5258,4
68906818,Travessa Arara Azul,(Lot. Parque irmãos Platon),Cabralzinho,5258,4
68906819,Alameda B,(Lot. Parque Irmãos Platon),Cabralzinho,5258,4
68906820,Travessa dos Guarás,(Lot. Parque Irmãos Platon),Cabralzinho,5258,4
68906821,Rua Segunda,(Lot. Parque Irmãos Platon),Cabralzinho,5258,4
68906822,Alameda C,(Lot Prq I Platon),Cabralzinho,5258,4
68906823,Travessa Tucanos,(Lot. Parque Irmãos Platon),Cabralzinho,5258,4
68906824,Travessa Pavão,(Lot. Parque Irmão Platon),Cabralzinho,5258,4
68906825,Rua Terceira,(Lot. Parque Irmãos Platon),Cabralzinho,5258,4
68906826,Alameda D,(Lot. Parque Irmãos Platon),Cabralzinho,5258,4
68906827,Travessa Terceira,(Lot. Parque Irmãos Platon),Cabralzinho,5258,4
68906828,Travessa Quarta,(Lot. Parque Irmãos Platon),Cabralzinho,5258,4
68906829,Rua Quarta,(Lot. Parque Irmãos Platon),Cabralzinho,5258,4
68906830,Travessa Quinta,(Lot. Parque Irmãos Platon),Cabralzinho,5258,4
68906831,Rua Quinta,(Lot. Parque Irmãos Platon),Cabralzinho,5258,4
68906832,Rua Rio Araguari,(Lot. Parque Irmãos Platon),Cabralzinho,5258,4
68906833,Avenida Sem Denominação 01,(Lot. Parque Irmãos Platon),Cabralzinho,5258,4
68906835,Via Local Dois,(Lot. Parque Irmãos Platon),Cabralzinho,5258,4
68906836,Via Local Dez,(Lot. Parque Irmãos Platon),Cabralzinho,5258,4
68906837,Via Local Onze,(Lot. Parque Irmãos Platon),Cabralzinho,5258,4
68906838,Rua Vila Nova,(Lot. Parque Irmãos Platon),Cabralzinho,5258,4
68906839,Alameda Curiau,(Conj. Habitacional Cabrazinho),Cabralzinho,5258,4
68906840,Alameda Maracá,(Conj. Habitacional Cabrazinho),Cabralzinho,5258,4
68906841,Alameda Mazagão,(Conj. Habitacional Cabralzinho),Cabralzinho,5258,4
68906842,Alameda Araguary,(Cj Hab Cabralzinho),Cabralzinho,5258,4
68906843,Alameda Cajari,(Conj. Habitacional Cabralzinho),Cabralzinho,5258,4
68906844,Alameda Bela Vista,(Conj. Habitacional Cabralzinho),Cabralzinho,5258,4
68906845,Alameda Ipiranga,(Conj. Habitacional Cabralzinho),Cabralzinho,5258,4
68906846,Alameda Calçoene,(Conj. Habitacional Cabralzinho),Cabralzinho,5258,4
68906847,Rua Macapá,(Conj. Habitacional Cabralzinho),Cabralzinho,5258,4
68906848,Alameda Oiapoque,(Conj. Habitacional Cabralzinho),Cabralzinho,5258,4
68906849,Alameda Campo Belo,(Conj. Habitacional Cabralzinho),Cabralzinho,5258,4
68906850,Rua Eli Rodrigues,(Res Cajary),Cabralzinho,5258,4
68906851,Avenida Segunda,(Lot. Parque Irmãos Platon),Cabralzinho,5258,4
68906852,Avenida Terceira,(Lot. Parque Irmãos Platon),Cabralzinho,5258,4
68906853,Avenida Quarta,(Lot. Parque Irmão Platon),Cabralzinho,5258,4
68906854,Avenida Primeira,(Lot. Parque Irmãos Platon),Cabralzinho,5258,4
68906855,Avenida Quarta,(Lot. Parque Irmãos platon),Cabralzinho,5258,4
68906856,Avenida Vitoria Regia,(Lot.Goiabal),Cabralzinho,5258,4
68906857,Avenida Terceira,(Lot. Goiabal),Cabralzinho,5258,4
68906858,Avenida Quarta,(Lot.Goiabal),Cabralzinho,5258,4
68906859,Avenida Quinta,(Lot.Goiabal),Cabralzinho,5258,4
68906860,Rua Leonor Rodrigues,(Res Cajary),Cabralzinho,5258,4
68906861,Avenida Sexta,(Resd. Lagoa),Cabralzinho,5258,4
68906865,Avenida Quinta,(Resd. Lagoa),Cabralzinho,5258,4
68906870,Avenida Primeira,(Resd. Lagoa),Cabralzinho,5258,4
68906875,Alameda Sexta,(ResD. Lagoa),Cabralzinho,5258,4
68906880,Avenida Segunda,(Resd. Lagoa),Cabralzinho,5258,4
68906885,Avenida Sétima,(Resd. Lagoa),Cabralzinho,5258,4
68906890,Avenida Terceira,(Resd. Lagoa),Cabralzinho,5258,4
68906891,Ramal da Fortaleza,,Cabralzinho,5258,4
68906892,Ramal Lagoas das Garças,,Cabralzinho,5258,4
68906895,Avenida Primeira,,Cabralzinho,5258,4
68906900,Avenida Padre Júlio Maria Lombaerd 4301,,Santa Rita,5258,4
68906901,Avenida Padre Júlio Maria Lombaerd 2925,,Santa Rita,5258,4
68906902,Avenida Padre Júlio Maria Lombaerd 3007,,Alvorada,5258,4
68906903,Avenida Presidente Getúlio Vargas 4,,Santa Rita,5258,4
68906905,Rua São José 1500,,Perpétuo Socorro,5258,4
68906906,Avenida FAB 1749,,Central,5258,4
68906907,"Avenida FAB, s/n",,Central,5258,4
68906909,Rua Minas Gerais 32,,Santa Rita,5258,4
68906910,Avenida Coriolano Jucá 125,,Central,5258,4
68906970,Avenida Coriolano Jucá 125,,Central,5258,4
68906971,Avenida Mãe Luzia 107 Área Laguinho,,Julião Ramos,5258,4
68906972,Avenida Alexandre Ferreira da Silva 2165,,Novo Horizonte,5258,4
68906973,Avenida FAB 1854,,Central,5258,4
68906974,Rua Cândido Mendes,,Central,5258,4
68906990,"Rodovia Duque de Caixas, Km 14",,,5258,4
68907010,Rua Creta,,Renascer,5258,4
68907015,Avenida Conteporânea,,Renascer,5258,4
68907020,Alameda Itália,,Renascer,5258,4
68907025,Rua Mar Adriático,,Renascer,5258,4
68907030,Rua Liberdade,,Renascer,5258,4
68907035,Avenida Demiurgos,,Renascer,5258,4
68907040,Avenida Pitágoras,,Renascer,5258,4
68907050,Avenida Heródoto,,Renascer,5258,4
68907060,Avenida Solidários,,Renascer,5258,4
68907070,Avenida Fraternidade,,Renascer,5258,4
68907080,Avenida Igualdade,,Renascer,5258,4
68907090,Avenida Polis,,Renascer,5258,4
68907100,Avenida Lacônia,,Renascer,5258,4
68907110,Avenida Gerusa,,Renascer,5258,4
68907120,Rua Esperimentos,,Renascer,5258,4
68907130,Avenida Classicismo,,Renascer,5258,4
68907140,Rua Platão,,Renascer,5258,4
68907150,Rua Aristóteles,,Renascer,5258,4
68907160,Rua Michelângelo,,Renascer,5258,4
68907170,Avenida Balcans,,Renascer,5258,4
68907180,Avenida Alexandra Lemos,,Renascer,5258,4
68907190,Rua Racionalismo,,Renascer,5258,4
68907200,Rua Antropocentrismo,,Renascer,5258,4
68907201,Rua Dezessete de Junho,(Lot. Vitoria do Renascer),Renascer,5258,4
68907202,Rua Progresso,(Lot. Vitoria do Renascer),Renascer,5258,4
68907203,Rua Independência,(Lot. Vitoria do Renascer),Renascer,5258,4
68907204,Rua Liberdade,(Lot. Vitoria do Renascer),Renascer,5258,4
68907205,Rua Sete de Setembro,(Lot. Vitoria do Renascer),Renascer,5258,4
68907206,Rua Milagres,(Lot. Vitoria do Renascer),Renascer,5258,4
68907207,Avenida Raimunda Maria Albertina,(Lot. Vitoria do Renascer),Renascer,5258,4
68907210,Avenida Metecos,,Renascer,5258,4
68907220,Rua Mar Tireno,,Renascer,5258,4
68907230,Rua Maiêutica,,Renascer,5258,4
68907240,Rua Edi,,Renascer,5258,4
68907250,Rua Iluminismo,,Renascer,5258,4
68907260,Rua Pretores,,Renascer,5258,4
68907270,Avenida Cartagenezes,,Renascer,5258,4
68907280,Rua Tribunícia,,Renascer,5258,4
68907290,Rua Centurião,,Renascer,5258,4
68907300,Rua Tucidetes,,Renascer,5258,4
68907301,Avenida Caubi Sérgio Melo,,Pantanal,5258,4
68907302,Avenida Simplício Caridade,,Pantanal,5258,4
68907303,Avenida Antônio Carlos Farias de Souza,,Pantanal,5258,4
68907304,Avenida Venina dos Santos Carvalho,,Pantanal,5258,4
68907305,Avenida Pedro Cardoso Quaresma,,Pantanal,5258,4
68907306,Avenida Antônio Serafim dos Santos,,Pantanal,5258,4
68907307,Avenida Nessy Costa da Silva,,Pantanal,5258,4
68907308,Avenida Augusto Quaresma Bruno,,Pantanal,5258,4
68907309,Avenida Antônio Rufino da Paixão,,Pantanal,5258,4
68907310,Avenida das Elites,,Pantanal,5258,4
68907311,Avenida Cecília Vicente da Paixão,,Pantanal,5258,4
68907312,Avenida Maria Marques da Costa,,Pantanal,5258,4
68907313,Avenida Marlon Silva Pereira,,Pantanal,5258,4
68907314,Avenida Maria Nunes dos Santos,,Pantanal,5258,4
68907315,Avenida Nicolau Libório,,Pantanal,5258,4
68907316,Rua Euci Rodrigues Farias,,Pantanal,5258,4
68907317,Rua João Almeida do Nascimento,,Pantanal,5258,4
68907318,Rua Benedito Rodrigues Ferreira,,Pantanal,5258,4
68907320,Rua Socialismo,,Renascer,5258,4
68907330,Rua Italiota,,Renascer,5258,4
68907340,Rua Grécia,,Pantanal,5258,4
68907350,Avenida Egito,,Pantanal,5258,4
68907360,Rua Mesopotâmia,,Renascer,5258,4
68907370,Alameda Pereânio,,Renascer,5258,4
68907380,Alameda Poloneso,,Renascer,5258,4
68907390,Rua Roma,,Renascer,5258,4
68907400,Alameda Tróia,,Renascer,5258,4
68907410,Alameda Corito,,Renascer,5258,4
68907420,Rua Bizâncio,,Renascer,5258,4
68907430,Alameda Micenas,,Renascer,5258,4
68907440,Rua Constantinoplas,,Renascer,5258,4
68907450,Avenida Ravena,,Renascer,5258,4
68907460,Avenida Esparta,,Renascer,5258,4
68907470,Alameda Humanismo,,Renascer,5258,4
68907480,Avenida Mar Vermelho,,Renascer,5258,4
68907490,Rua Oséas de Oliveira Pimentel,,Renascer,5258,4
68907500,Rua Constelação de Dellos,,Renascer,5258,4
68907510,Rua das Classes,,Renascer,5258,4
68907520,Rua Espólio,,Renascer,5258,4
68907530,Avenida Mar Egeu,,Renascer,5258,4
68907540,Alameda Monalisa,,Renascer,5258,4
68907550,Avenida Rafael Sânsio,,Renascer,5258,4
68907560,Avenida Leonardo Da Vinci,,Renascer,5258,4
68907570,Avenida Macedônia,,Renascer,5258,4
68907580,Avenida Pérsia,,Renascer,5258,4
68907590,Rua Licínias,,Renascer,5258,4
68907600,Travessa Eupátridas,,Renascer,5258,4
68907610,Travessa Elitismo,,Renascer,5258,4
68907611,Alameda Atenas,,Renascer,5258,4
68907612,Alameda Pompéia,,Renascer,5258,4
68907613,Alameda Pergamo,,Renascer,5258,4
68907614,Rua Samaria,,Renascer,5258,4
68907620,Rua Renascimento,,Renascer,5258,4
68907621,Rua Manoel Francisco de Souza,,Renascer,5258,4
68907622,Alameda Waldemar José Viana,,Renascer,5258,4
68907623,Alameda Waldemar José Pereira,,Renascer,5258,4
68907630,Rua Sócrates,,Renascer,5258,4
68907635,Rua Patrícius,,Renascer,5258,4
68907640,Rua Plebeus,,Renascer,5258,4
68908005,Rua Porto Alegre,(Lot. Infraero II),Infraero,5258,4
68908006,Avenida Cid Borges de Santana,(Lot. Infraero II),Infraero,5258,4
68908007,Rua Ananindeua,(Lot Infraero II),Infraero,5258,4
68908008,Rua Boa Vista,(Lot. Infraero II),Infraero,5258,4
68908009,Rua Belém,(lot. Infraero II),Infraero,5258,4
68908015,Rua São José,- até 1239/1240,Julião Ramos,5258,4
68908031,Rua Campo Grande,(Lot. Infraero II),Infraero,5258,4
68908032,Rua Porto Velho,(Lot. Infraero II),Infraero,5258,4
68908033,Rua Palmas,(Lot. Infraero II),Infraero,5258,4
68908034,Rua Manaus,(Lot. Infraero II),Infraero,5258,4
68908036,Rua Aracaju,(Lot Infraero II),Infraero,5258,4
68908037,Rua Imperatriz,(Lot. Infraero II),Infraero,5258,4
68908038,Rua Tucuruí,(Lot. Infraero II),Infraero,5258,4
68908039,Rua Rondônia,(Lot. Infraero II),Infraero,5258,4
68908041,Rua Caxias do Sul,(Lot. Infraero II),Infraero,5258,4
68908042,Rua Yasmin dos Santos Brito,(Lot. Infraero II),Infraero,5258,4
68908044,Rua Niterói,(Lot. Infraero II),Infraero,5258,4
68908046,Rua Maceió,(Lot. Infraero II),Infraero,5258,4
68908047,Rua Londrina,(Lot. Infraero II),Infraero,5258,4
68908048,Rua Rio Branco,(Lot. Infraero II),Infraero,5258,4
68908049,Rua Ouro Preto,(LOt. Infraero II),Infraero,5258,4
68908051,Rua Roraima,(Lot. Infraero II),Infraero,5258,4
68908052,Rua Petrolina,(Lot. Infraero II),Infraero,5258,4
68908053,Rua Olinda,(Lot. Infraero II),Infraero,5258,4
68908054,Rua Monte Alegre,(Lot. Infraero II),Infraero,5258,4
68908058,Rua Tocantins,(Lot. Infraero II),Infraero,5258,4
68908060,Rua Terezina,(Lot.Infraero II),Infraero,5258,4
68908073,Passagem Santa Maria,(Lot.Infraero II),Infraero,5258,4
68908074,Avenida Carlos Lins Cortês,(Lot.Infraero II),Infraero,5258,4
68908075,Rua Maria Raucilene Passos do Nascimento,(Lot.Infraero II),Infraero,5258,4
68908076,Avenida Maria Cavalcante de Azevedo Picanço,(Lot. Infraero II),Infraero,5258,4
68908077,Rua Roldão dos Santos Brito,(Lot. Infraero II),Infraero,5258,4
68908078,Rua da Paz,(Lot. Infraero II),Infraero,5258,4
68908079,Rua Santo Cristo,(Lot. Infraero II),Infraero,5258,4
68908081,Rua Shalon,(Lot. Ilha Mirim),Infraero,5258,4
68908082,Rua Elchadai,(Lot. Ilha Mirim),Infraero,5258,4
68908083,Rua Filadélfia,(Lot. Ilha Mirim),Infraero,5258,4
68908084,Rua Jesus de Nazaré,(lot. Ilha Mirim),Infraero,5258,4
68908085,Rua Nova Canaã,(Lot. Ilha Mirim),Infraero,5258,4
