49055000,Rua Estância,- de 1055/1056 ao fim,Cirurgia,521,25
49055010,Praça Accioly Porto,,Getúlio Vargas,521,25
49055020,Travessa Adalto Botelho,,Getúlio Vargas,521,25
49055030,Avenida Alan Kardec,- até 572/573,Cirurgia,521,25
49055045,Travessa Almirante Tamandaré,,Getúlio Vargas,521,25
49055050,Travessa Antonina,,Cirurgia,521,25
49055060,Avenida Engenheiro Gentil Tavares,- de 1/2 ao fim,Cirurgia,521,25
49055070,Rua Aristides Bispo,,Getúlio Vargas,521,25
49055080,Avenida Augusto Franco,- até 885 - lado ímpar,Getúlio Vargas,521,25
49055090,Praça da Bandeira,- de 137 a 289 - lado ímpar,Cirurgia,521,25
49055100,Travessa Basílio Rocha,,Getúlio Vargas,521,25
49055110,Rua Basílio Rocha,,Getúlio Vargas,521,25
49055120,Rua Bittencourt Sampaio,- até 157/158,Cirurgia,521,25
49055140,Travessa Cano Dez,,Getúlio Vargas,521,25
49055150,Avenida Carlos Burlamarqui,- de 661/662 ao fim,Getúlio Vargas,521,25
49055160,Travessa Clodomir Silva,,Getúlio Vargas,521,25
49055170,Travessa Coelho e Campos,,Getúlio Vargas,521,25
49055180,Avenida Coelho e Campos,- de 817 ao fim - lado ímpar,Getúlio Vargas,521,25
49055190,Praça Coronel Antero José de Almeida,,Cirurgia,521,25
49055200,Rua Deputado Antônio Torres,- até 539/540,Cirurgia,521,25
49055210,Avenida Desembargador Maynard,- até 672 - lado par,Cirurgia,521,25
49055220,Rua Divina Pastora,- de 901/902 ao fim,Getúlio Vargas,521,25
49055223,Travessa Lobo,,Getúlio Vargas,521,25
49055230,Rua Dom Bosco,- até 439/440,Cirurgia,521,25
49055235,Rua Gararu,- de 150/151 a 765/766,Cirurgia,521,25
49055240,Praça Doutor Ranulfo Prata,,Getúlio Vargas,521,25
49055250,Rua Doutor Silvério Fontes,- até 519/520,Cirurgia,521,25
49055255,Rua de Riachão,- de 930/931 a 1269/1270,Cirurgia,521,25
49055260,Avenida Engenheiro Gentil Tavares,- de 1/2 a 99998/99999,Getúlio Vargas,521,25
49055270,Rua dos Estudantes,(lado par),Getúlio Vargas,521,25
49055280,Praça dos Expedicionários,,Getúlio Vargas,521,25
49055290,Travessa Gararu,,Getúlio Vargas,521,25
49055300,Rua Gararu,- até 148/149,Getúlio Vargas,521,25
49055310,Rua Geruzinho,,Getúlio Vargas,521,25
49055330,Rua Itaporanga,- de 511/512 ao fim,Getúlio Vargas,521,25
49055350,Travessa José de Barros,,Getúlio Vargas,521,25
49055365,Rua Porto da Folha,- de 227/228 a 1184/1185,Cirurgia,521,25
49055380,Rua Laranjeiras,- de 1024/1025 ao fim,Getúlio Vargas,521,25
49055383,Travessa Elialine,,Getúlio Vargas,521,25
49055385,Travessa Maria da Conceição,,Getúlio Vargas,521,25
49055390,Travessa Manoel Sandes,,Getúlio Vargas,521,25
49055400,Rua Marechal Deodoro,,Getúlio Vargas,521,25
49055410,Travessa Marechal Floriano Peixoto,,Getúlio Vargas,521,25
49055420,Rua Marechal Floriano Peixoto,,Getúlio Vargas,521,25
49055430,Travessa Maria Alves Pereira,,Getúlio Vargas,521,25
49055440,Rua Maruim,- de 1035/1036 ao fim,Cirurgia,521,25
49055443,Rua Andréia Oliveira Passos,,Cirurgia,521,25
49055450,Travessa Melício Machado,,Cirurgia,521,25
49055460,Vila Mendonça,,Getúlio Vargas,521,25
49055480,Rua Nossa Senhora das Dores,- até 435/436,Cirurgia,521,25
49055490,Rua Rejane Maria Pureza do Rosário,,Getúlio Vargas,521,25
49055500,Rua Pastor Euclides Arlindo,- até 514/515,Cirurgia,521,25
49055515,Avenida Desembargador Maynard,- de 674 ao fim - lado par,Getúlio Vargas,521,25
49055520,Avenida Pedro Calazans,- de 74 a 826 - lado par,Getúlio Vargas,521,25
49055530,Rua Permínio de Souza,,Cirurgia,521,25
49055535,Vila Dona Berenice,,Cirurgia,521,25
49055540,Rua Porto da Folha,- até 225/226,Getúlio Vargas,521,25
49055550,Rua Professor Nunes Mendonça,,Cirurgia,521,25
49055555,Avenida Augusto Franco,- de 887 a 1319 - lado ímpar,Cirurgia,521,25
49055560,Rua Propriá,- de 511/512 ao fim,Getúlio Vargas,521,25
49055570,Travessa Propriazinho,,Getúlio Vargas,521,25
49055590,Rua Rafael de Aguiar,- até 317/318,Cirurgia,521,25
49055610,Rua Salgado,,Getúlio Vargas,521,25
49055620,Rua São Cristóvão,- de 1021/1022 ao fim,Getúlio Vargas,521,25
49055630,Travessa São Cristóvão Velho,,Getúlio Vargas,521,25
49055640,Travessa Angélica Fonseca Santos,,Getúlio Vargas,521,25
49055650,Travessa São Pedro,,Getúlio Vargas,521,25
49055660,Praça Saturnino de Brito,,Getúlio Vargas,521,25
49055670,Avenida Mamede Paes Mendonça,- de 683/684 ao fim,Getúlio Vargas,521,25
49055680,Rua Torquato Fontes,,Cirurgia,521,25
49055690,Travessa Noé Bernardo Bastos,,Getúlio Vargas,521,25
49055710,Travessa Cruzeiro,,Getúlio Vargas,521,25
49055730,Travessa Mestre Pedro Geraldo dos Santos,,Cirurgia,521,25
49055740,Rua Amintas de Souza Bonfim,,Getúlio Vargas,521,25
49055750,Travessa Manoel Aguiar Menezes,,Getúlio Vargas,521,25
49055770,Rua José Jesus Lima,,Getúlio Vargas,521,25
49055970,Avenida Desembargador Maynard 1082,,Getúlio Vargas,521,25
49060000,Avenida Coelho e Campos,- de 112 a 1430 - lado par,Santo Antônio,521,25
49060010,Rua Abdias Bezerra,,Palestina,521,25
49060020,Avenida Álvaro Maciel,,Palestina,521,25
49060025,Rua Cláudio Batista,- de 1 ao fim - lado ímpar,Palestina,521,25
49060030,Rua Armindo Guaraná,,Santo Antônio,521,25
49060040,Rua Arnaldo Dantas,,Santo Antônio,521,25
49060050,Travessa Belas Artes,,Santo Antônio,521,25
49060053,Travessa Manoel Preto 1,,Santo Antônio,521,25
49060056,Travessa Manoel Preto 2,,Santo Antônio,521,25
49060065,Rua Cabo Costa,,Santo Antônio,521,25
49060080,Rua do Carmo,,Santo Antônio,521,25
49060090,Rua Cinco de Julho,- de 501/502 ao fim,Palestina,521,25
49060102,Rua Cláudio Batista,- lado par,Santo Antônio,521,25
49060105,Rua José Andrade Filho,,Santo Antônio,521,25
49060108,Rua Cláudio Batista,- lado ímpar,Santo Antônio,521,25
49060110,Travessa Doutor Airton Teles,,Santo Antônio,521,25
49060120,Avenida Doutor Airton Teles,- de 285/286 ao fim,Santo Antônio,521,25
49060130,Travessa Dezesseis de Julho,,Palestina,521,25
49060140,Rua Dezesseis de Julho,,Palestina,521,25
49060150,Rua Dom Quirino,,Santo Antônio,521,25
49060160,Avenida Doutor Carlos Firpo,- de 391 ao fim - lado ímpar,Santo Antônio,521,25
49060170,Praça Doutor Juliano Simões,,Santo Antônio,521,25
49060180,Rua Doutor Manoel Ferreira da Silva Neto,,Santo Antônio,521,25
49060183,Rua Santa Terezinha,- lado par,Santo Antônio,521,25
49060186,Rua Granja Altamira,- até 99997/99998,Santo Antônio,521,25
49060190,Rua Edmilson Souza,,Santo Antônio,521,25
49060200,Rua Edson Costa,,Santo Antônio,521,25
49060210,Avenida Pedro Calazans,- até 90/91,Santo Antônio,521,25
49060220,Travessa Eládio Souza,,Santo Antônio,521,25
49060230,Rua Engenheiro Pirro,,Santo Antônio,521,25
49060240,Avenida Lauro de Britto Porto,- lado ímpar,Santo Antônio,521,25
49060260,Rua Garcia Moreno,,Palestina,521,25
49060270,Avenida Visconde de Maracaju,- lado par,Palestina,521,25
49060280,Rua Gumercindo Bessa,,Santo Antônio,521,25
49060290,Rua Heribaldo José de Barros,,Santo Antônio,521,25
49060300,Rua Japaratuba,,Santo Antônio,521,25
49060310,Rua João Andrade,- até 364/365,Santo Antônio,521,25
49060320,Rua João Andrade,- de 366 ao fim - lado par,Santo Antônio,521,25
49060330,Avenida João Ribeiro,- lado ímpar,Santo Antônio,521,25
49060340,Rua José Coutinho,,Palestina,521,25
49060350,Rua José Henrique dos Santos,,Palestina,521,25
49060360,Rua José Ludovice,,Palestina,521,25
49060370,Rua José Manoel dos Santos,,Santo Antônio,521,25
49060390,Rua Manoel Teles de Gois,,Palestina,521,25
49060400,Avenida Maranhão,- até 161/0162,Santo Antônio,521,25
49060410,Rua Maria Isabel de Oliveira,,Santo Antônio,521,25
49060420,Rua Maria São Pedro,,Palestina,521,25
49060440,Rua Miron de Oliveira Ribeiro,,Santo Antônio,521,25
49060443,Largo Garcia Rosa,,Santo Antônio,521,25
49060446,Travessa C,(Sanatório),Santo Antônio,521,25
49060450,Rua Monsenhor Carlos Costa,,Santo Antônio,521,25
49060460,Rua de Muribeca,- de 127 ao fim - lado ímpar,Santo Antônio,521,25
49060465,Rua José Lisboa dos Santos,,Santo Antônio,521,25
49060470,Rua de Muribeca,- lado par,Santo Antônio,521,25
49060480,Rua Nossa Senhora da Glória,- de 702 ao fim - lado par,Santo Antônio,521,25
49060490,Avenida Novo Paraíso,- lado ímpar,Santo Antônio,521,25
49060493,Travessa São Paulo,,Santo Antônio,521,25
49060496,Travessa São Pedro,,Santo Antônio,521,25
49060500,Rua Oliveira Ribeiro,- de 40/41 ao fim,Santo Antônio,521,25
49060510,Rua Paulo Luduvice de Menezes,,Palestina,521,25
49060520,Rua Pedro Edson,,Palestina,521,25
49060530,Avenida Visconde de Maracaju,- lado par,Santo Antônio,521,25
49060535,Avenida Visconde de Maracaju,- lado ímpar,Santo Antônio,521,25
49060560,Praça Princesa Isabel,,Santo Antônio,521,25
49060570,Rua Rosário,,Santo Antônio,521,25
49060580,Rua Salgado,,Santo Antônio,521,25
49060590,Rua Santa Maria,,Santo Antônio,521,25
49060600,Rua São Francisco,,Santo Antônio,521,25
49060620,Ladeira Sargento Florêncio,,Santo Antônio,521,25
49060630,Rua Sílvio Romero,- até 584/585,Santo Antônio,521,25
49060640,Avenida Simeão Sobral,- de 0567/568 a 1239/1240,Santo Antônio,521,25
49060650,Praça Siqueira de Menezes,,Santo Antônio,521,25
49060660,Rua Tenente Cleto Campelo,- de 632/633 ao fim,Santo Antônio,521,25
49060670,Rua Antônio Reis,,Palestina,521,25
49060673,Rua A,(Lot Isabel Martins),Palestina,521,25
49060676,Rua B,(Lot Isabel Martins),Palestina,521,25
49060678,Rua C,(Lot Isabel Martins),Palestina,521,25
49060679,Rua Rivaldo dos Santos,,Palestina,521,25
49060680,Rua Zezé Gomes,,Palestina,521,25
49060685,Rua Cabo Costa,- de 1/2 ao fim,Palestina,521,25
49060690,Rua Manoel Cristino dos Santos,,Palestina,521,25
49060700,Travessa Marcelo da Cruz Santos,,Palestina,521,25
49060703,Rua Iago Augusto,,Palestina,521,25
49060706,Rua Josefina Fagundes Pereira,,Palestina,521,25
49060720,Praça Enedina Nunes Ferreira,,Santo Antônio,521,25
49060730,Travessa Santo Antônio,,Santo Antônio,521,25
49060750,Rua Pedro Diniz Gonçalves,,Palestina,521,25
49060800,Rua Doutor Antônio Correia,,Palestina,521,25
49060820,Rua Vereador Emilton Santos,,Palestina,521,25
49060900,Rua Cláudio Batista 122,,Santo Antônio,521,25
49060970,Avenida João Ribeiro 1287,,Santo Antônio,521,25
49061030,Rua Simão Dias,- até 18/19,Santo Antônio,521,25
49061035,Rua Siriri,,Santo Antônio,521,25
49061040,Rua Matildes Ramos da Silva,,Santo Antônio,521,25
49061043,Rua David Jonathan Barbosa,,Santo Antônio,521,25
49061046,Rua José da Silva,,Santo Antônio,521,25
49061052,Rua Vivalda de Araujo Bastos,,Santo Antônio,521,25
49061055,Rua Maria Iraci Ramos dos Santos,,Santo Antônio,521,25
49061058,Travessa E,(Lot S Sebastião),Santo Antônio,521,25
49061061,Travessa G,(Lot S Sebastião),Santo Antônio,521,25
49061064,Rua João Francisco de Oliveira,,Santo Antônio,521,25
49061067,Rua São Sebastião,,Santo Antônio,521,25
49061070,Rua B,(Lot Juciara),Santo Antônio,521,25
49061073,Rua Carlos Murilo Bastos,,Santo Antônio,521,25
49061076,Rua D,(Lot Juciara),Santo Antônio,521,25
49061079,Rua F,(Lot Juciara),Santo Antônio,521,25
49061082,Travessa F,(Lot Juciara),Santo Antônio,521,25
49061084,Rua G,(Lot Juciara),Santo Antônio,521,25
49061085,Rua H,(Lot Juciara),Santo Antônio,521,25
49061088,Rua B,(Res Engenho Velho),Santo Antônio,521,25
49061091,Rua C,(Res Engenho Velho),Santo Antônio,521,25
49061092,Rua A,(Res Engenho Velho),Santo Antônio,521,25
49061094,Travessa Engenho Velho,,Santo Antônio,521,25
49061097,Rua Joaldo Silva,,Santo Antônio,521,25
49061100,Travessa São João,,Santo Antônio,521,25
49061103,Travessa B,(Lot Sto Antônio),Santo Antônio,521,25
49061106,Rua G,(Lot Sto Antônio),Santo Antônio,521,25
49061108,Rua Vinte e Seis,(Jd Petrópolis),Santo Antônio,521,25
49061110,Rua Vinte e Sete,(Jd Petrópolis),Santo Antônio,521,25
49061112,Rua Vinte e Oito,(Jd Petrópolis),Santo Antônio,521,25
49063001,Rua Santa Terezinha,- de 2 ao fim - lado par,Japãozinho,521,25
49063004,Rua Nossa Senhora da Glória,- de 701 ao fim - lado ímpar,Japãozinho,521,25
49063007,Rua Granja Altamira II,,Japãozinho,521,25
49063010,Rua Granja Altamira,- de 1/2 ao fim,Japãozinho,521,25
49063013,Rua Bolívia,- de 1/2 ao fim,Japãozinho,521,25
49063016,Rua Espírito Santo,- de 1/2 ao fim,Japãozinho,521,25
49063019,Rua A,(Lot Altamira),Japãozinho,521,25
49063022,Travessa B,(Lot Altamira),Japãozinho,521,25
49063025,Rua B,(Lot Altamira),Japãozinho,521,25
49063028,Rua C,(Lot Altamira),Japãozinho,521,25
49063031,Avenida Maria Auxiliadora Mendonça Melo,- de 1/2 ao fim,Japãozinho,521,25
49063034,Avenida São João,,Japãozinho,521,25
49063037,Travessa São João,,Japãozinho,521,25
49063040,Travessa São João I,,Japãozinho,521,25
49063043,Travessa São João II,,Japãozinho,521,25
49063046,Rua São Carlos,,Japãozinho,521,25
49063049,Rua São Joaquim,,Japãozinho,521,25
49063052,Travessa São Joaquim,,Japãozinho,521,25
49063055,Rua Sete de Setembro,- até 99997/99998,Japãozinho,521,25
49063058,Rua Santo Agostinho,,Japãozinho,521,25
49063061,Travessa Santo Agostinho I,,Japãozinho,521,25
49063064,Travessa Santo Agostinho II,,Japãozinho,521,25
49063067,Rua São Francisco,,Japãozinho,521,25
49063070,Rua João Batista Cabral,- lado ímpar,Japãozinho,521,25
49063073,Rua Senhor do Bomfim,,Japãozinho,521,25
49063076,Travessa São Francisco,,Japãozinho,521,25
49063079,Rua D,,Japãozinho,521,25
49063082,Rua B,,Japãozinho,521,25
49063085,Travessa Maria José,,Japãozinho,521,25
49063088,Travessa São Januário,,Japãozinho,521,25
49063091,Rua C,,Japãozinho,521,25
49063094,Rua São Januário,,Japãozinho,521,25
49063097,Rua do Arame,,Japãozinho,521,25
49063100,Rua da Praça,,Japãozinho,521,25
49063103,Travessa General Euclides Figueiredo,,Japãozinho,521,25
49063106,Avenida General Euclides Figueiredo,- lado ímpar,Japãozinho,521,25
49063109,Avenida General Euclides Figueiredo,- lado par,Japãozinho,521,25
49063112,Rua B2,(Jetimana),Japãozinho,521,25
49063115,Rua A,(Jetimana),Japãozinho,521,25
49063118,Travessa A,(Jetimana),Japãozinho,521,25
49063121,Rua Rivaldo Honório dos Santos,,Japãozinho,521,25
49063124,Rua D,(Jetimana),Japãozinho,521,25
49063127,Travessa Senhor do Bomfim,,Japãozinho,521,25
49063130,Rua C,(Jetimana),Japãozinho,521,25
49063133,Travessa B,(Jetimana),Japãozinho,521,25
49063136,Rua Santa Isabel,,Japãozinho,521,25
49063139,Rua Goré,,Japãozinho,521,25
49063142,Travessa do Campo,,Japãozinho,521,25
49063145,Avenida Frei Augusto de Santana,- lado ímpar,Japãozinho,521,25
49063148,Rua Nossa Senhora da Conceição,,Japãozinho,521,25
49063151,Rua Invasão da Jetimana,,Japãozinho,521,25
49063154,Rua Daniel Maia,,Japãozinho,521,25
49063157,Rua X,(Jetimana),Japãozinho,521,25
49063160,Travessa Eutimia Morais,,Japãozinho,521,25
49063163,Rua Eduardo Bonfim,,Japãozinho,521,25
49063166,Rua G,(Lot Pnt da Asa),Japãozinho,521,25
49063169,Rua A2,(Lot Pnt da Asa),Japãozinho,521,25
49063172,Rua E,(Lot Pnt da Asa),Japãozinho,521,25
49063175,Rua D,(Lot Pnt da Asa),Japãozinho,521,25
49063178,Rua C,(Lot Pnt da Asa),Japãozinho,521,25
49063181,Rua B1,(Lot Pnt da Asa),Japãozinho,521,25
49063184,Rua Maria Angélica,,Japãozinho,521,25
49063187,Travessa Hans Cristians,,Japãozinho,521,25
49063190,Travessa Eládio Lobo,,Japãozinho,521,25
49063193,Rua Olaria,- lado par,Japãozinho,521,25
49063196,Rua K,(Jd Sto Antônio),Japãozinho,521,25
49063199,Rua G,(Jd Sto Antônio),Japãozinho,521,25
49063202,Travessa G,(Jd Sto Antônio),Japãozinho,521,25
49063205,Rua Y,(Jd Sto Antônio),Japãozinho,521,25
49063208,Rua B,(Jd Sto Antônio),Japãozinho,521,25
49063211,Travessa B,(Jd Sto Antônio),Japãozinho,521,25
49063214,Rua X,(Jd Sto Antônio),Japãozinho,521,25
49063217,Travessa X,(Jd Sto Antônio),Japãozinho,521,25
49063220,Rua B,(Jd S Francisco),Japãozinho,521,25
49065000,Avenida João Ribeiro,- lado par,Industrial,521,25
49065010,Rua Adezinho da Costa Pinto,,Industrial,521,25
49065020,Avenida Albano Franco,,Industrial,521,25
49065030,Praça Almirante Amintas Jorge,,Industrial,521,25
49065033,Rua A,(Jd Confiança),Industrial,521,25
49065036,Rua B,(Jd Confiança),Industrial,521,25
49065039,Rua C,(Jd Confiança),Industrial,521,25
49065040,Travessa Altamira,,Industrial,521,25
49065043,Rua D,(Jd Confiança),Industrial,521,25
49065049,Rua Elias Andrade,,Industrial,521,25
49065050,Rua Altamira,,Industrial,521,25
49065053,Rua Elizangela Santos,,Industrial,521,25
49065056,Rua Orlando Ferreira Santos,,Industrial,521,25
49065059,Rua Reginaldo Santos,,Industrial,521,25
49065060,Rua Josefina da Conceição Cruz,,Industrial,521,25
49065063,Travessa B,(At da Favela),Industrial,521,25
49065070,Vila Ana,,Industrial,521,25
49065080,Travessa Antipas Costa,,Industrial,521,25
49065090,Avenida Antônio Cabral,,Industrial,521,25
49065093,Travessa Otacilio Oliveira,,Industrial,521,25
49065100,Rua Anatólio Garcia Moreno,,Industrial,521,25
49065120,Travessa Aracajuzinho,,Industrial,521,25
49065123,Rua José Batista Filho,,Industrial,521,25
49065130,Rua Gumercindo Bessa,,Industrial,521,25
49065140,Travessa Bastos Coelho,,Industrial,521,25
49065150,Rua Batistinha,,Industrial,521,25
49065152,Travessa Batistinha,,Industrial,521,25
49065160,Rua Belém,,Industrial,521,25
49065162,Rua B,(Jd Brasilia),Industrial,521,25
49065170,Rua Boa Viagem,,Industrial,521,25
49065180,Rua Carlos Silveira,,Industrial,521,25
49065190,Vila Carvalho,,Industrial,521,25
49065210,Avenida Coelho e Campos,- até 110 - lado par,Industrial,521,25
49065220,Rua Cônego Serapião Machado,,Industrial,521,25
49065230,Avenida Confiança,,Industrial,521,25
49065240,Avenida Corinto Leite,,Industrial,521,25
49065250,Rua Curitiba,,Industrial,521,25
49065253,Travessa Edileide Santos,,Industrial,521,25
49065256,Rua Ediluze Santos,,Industrial,521,25
49065259,Rua Edson Santos Matos,,Industrial,521,25
49065270,Avenida Doutor Airton Teles,- até 283/284,Industrial,521,25
49065283,Rua Um,(Lot Beira-Mar),Industrial,521,25
49065286,Rua Francisco Cláudio Cruz,,Industrial,521,25
49065289,Rua Três,(Lot Beira-Mar),Industrial,521,25
49065293,Rua Quatro,(Lot Beira-Mar),Industrial,521,25
49065300,Rua Doutor Carlos Firpo,,Industrial,521,25
49065310,Avenida Doutor Carlos Firpo,- de 392 ao fim - lado par,Industrial,521,25
49065330,Rua Eduardo Cruz,,Industrial,521,25
49065340,Rua Epaminondas Salmeron,,Industrial,521,25
49065370,Rua Farmacêutico Marcos Ferreira de Jesus,,Industrial,521,25
49065373,Rua Manoel Pereira,(Cj Dq de Caxias),Industrial,521,25
49065375,Rua E,(Cj Dq de Caxias),Industrial,521,25
49065390,Avenida Filadelfo Dórea,,Industrial,521,25
49065393,Rua São Lucas,,Industrial,521,25
49065399,Rua Nossa Senhora da Conceição,,Industrial,521,25
49065400,Travessa Fonte Grande,,Industrial,521,25
49065403,Rua São Benedito,,Industrial,521,25
49065410,Rua de Fortaleza,,Industrial,521,25
49065415,Rua Mário Matiotte,,Industrial,521,25
49065420,Avenida General Calazans,,Industrial,521,25
49065430,Travessa Joana Ribeiro,,Industrial,521,25
49065440,Rua Joana Ribeiro,,Industrial,521,25
49065450,Avenida João Rodrigues,,Industrial,521,25
49065451,Travessa João Rodrigues,,Industrial,521,25
49065470,Avenida José Conrado de Araújo,,Industrial,521,25
49065480,Rua São Januario,,Industrial,521,25
49065490,Rua Julieta Pereira Alves,,Industrial,521,25
49065500,Praça Liberato Costa,,Industrial,521,25
49065510,Travessa C,,Industrial,521,25
49065530,Rua Manoel Pereira,,Industrial,521,25
49065540,Rua Manoel Preto,- lado par,Industrial,521,25
49065560,Rua Manoel Sátiro de Menezes,,Industrial,521,25
49065570,Rua Marcelino Procópio da Silva,,Industrial,521,25
49065590,Rua de Muribeca,- até 125 - lado ímpar,Industrial,521,25
49065610,Avenida Novo Paraíso,- lado par,Industrial,521,25
49065620,Rua Oliveira Ribeiro,- até 38/39,Industrial,521,25
49065640,Avenida Reis Lima,,Industrial,521,25
49065643,Travessa Reis Lima,,Industrial,521,25
49065650,Praça Reverendo Eduardo Carlos Pereira,,Industrial,521,25
49065670,Rua Santa Cruz do Lagamar,,Industrial,521,25
49065680,Avenida São Carlos,,Industrial,521,25
49065690,Travessa São Carlos,,Industrial,521,25
49065700,Travessa São Expedito,,Industrial,521,25
49065710,Rua São João,,Industrial,521,25
49065720,Travessa São José,,Industrial,521,25
49065730,Rua São Luís,,Industrial,521,25
49065740,Travessa São Luís,,Industrial,521,25
49065750,Rua Sargento Duque,,Industrial,521,25
49065760,Rua Sebastião Costa,,Industrial,521,25
49065770,Avenida Simeão Sobral,- até 565/0566,Industrial,521,25
49065780,Avenida Tancredo Campos,,Industrial,521,25
49065783,Avenida General Euclides Figueiredo,- lado ímpar,Industrial,521,25
49065786,Avenida General Euclides Figueiredo,- lado par,Industrial,521,25
49065790,Rua Tenente Tasso Martins Bezerra,,Industrial,521,25
49065800,Rua Thales Ferraz,,Industrial,521,25
49065820,Rua João Batista Filho,,Industrial,521,25
49065840,Rua Maria da Hora de Jesus Santos,,Industrial,521,25
49066010,Travessa Confiança,,Industrial,521,25
49066020,Rua Manoel dos Santos Carvalho,,Industrial,521,25
49066030,Rua Jeilson dos Santos,,Industrial,521,25
49066040,Rua Constâncio Vieira,,Industrial,521,25
49066050,Rua Christian Santana Correia,,Industrial,521,25
49066060,Rua Renato Ferreira,,Industrial,521,25
49066070,Rua José Ricardo de Melo,,Industrial,521,25
49066170,Rua Um,(Jd Imperial),Industrial,521,25
49066180,Rua Dois,(Jd Imperial),Industrial,521,25
49066190,Rua Três,(Jd Imperial),Industrial,521,25
49066200,Rua Cabo João Pereira da Silva,,Industrial,521,25
49066210,Rua Cinco,(Jd imperial),Industrial,521,25
49066213,Rua A,(Lot Marcelo Bezerra),Industrial,521,25
49066216,Rua B,(Lot Marcelo Bezerra),Industrial,521,25
49066219,Rua C,(Lot Marcelo Bezerra),Industrial,521,25
49066222,Rua D,(Lot Marcelo Bezerra),Industrial,521,25
49066225,Rua A,(Lot Morada Rio Doce),Industrial,521,25
49066228,Rua B,(Lot Morada Rio Doce),Industrial,521,25
49066230,Rua Severo José dos Santos,,Industrial,521,25
49066233,Rua E,(Lot Morada Rio Doce),Industrial,521,25
49066236,Rua Recanto dos Pássaros,,Industrial,521,25
49066239,Rua Azul do Mar,,Industrial,521,25
49066240,Rua Berilo Fonseca Dória,,Industrial,521,25
49066243,Travessa Santo Antônio,,Industrial,521,25
49066246,Travessa B,(Lot Sta Tereza),Industrial,521,25
49066250,Rua Antônio Teixeira,,Industrial,521,25
49066260,Rua Manoel Pereira Lima,,Industrial,521,25
49066280,Rua Frontal,,Industrial,521,25
49066290,Avenida Desembargador Antônio Assis Xavier,,Industrial,521,25
49066310,Rua B,(Res Reis Lima),Industrial,521,25
49066315,Rua A,(Res Reis Lima),Industrial,521,25
49066318,Travessa A,(Res Reis Lima),Industrial,521,25
49066320,Rua C,(Res Reis Lima),Industrial,521,25
49066323,Rua Dois,(Lot Imperial II),Industrial,521,25
49066326,Rua Três,(Lot Imperial II),Industrial,521,25
49066329,Rua Quatro,(Lot Imperial II),Industrial,521,25
49066330,Rua Um,(Lot Imperial II),Industrial,521,25
49066332,Rua Cinco,(Lot Imperial II),Industrial,521,25
49066350,Rua C,(Lot Novo Paraiso),Industrial,521,25
49066370,Travessa C,(Lot Novo Paraiso),Industrial,521,25
49066410,Rua Maria das Dores,,Industrial,521,25
49066440,Travessa São João,,Industrial,521,25
49066450,Rua Vereador João Menezes Oliveira,,Industrial,521,25
49066460,Rua Luiz Moura,,Industrial,521,25
49066480,Praça Tomaz Rodrigues Cruz,,Industrial,521,25
49066490,Rua Vila Estela,,Industrial,521,25
49066510,Rua Manoel de Barros Feitosa,,Industrial,521,25
49066900,Rua Cláudio Batista 334,,Santo Antônio,521,25
49067003,Travessa Santo Antônio,,Porto D'Antas,521,25
49067013,Avenida General Euclides Figueiredo,- lado ímpar,Porto D'Antas,521,25
49067016,Avenida General Euclides Figueiredo,- lado par,Porto D'Antas,521,25
49067020,Rua Antônio dos Santos,,Porto D'Antas,521,25
49067030,Avenida Lauro de Britto Porto,- lado par,Porto D'Antas,521,25
49067033,Rua João Batista Cabral,- lado par,Porto D'Antas,521,25
49067036,Rua Sete de Setembro,- de 1/2 ao fim,Porto D'Antas,521,25
49067040,Rua Francisco Carlos dos Santos,,Porto D'Antas,521,25
49067046,Rua Q,,Porto D'Antas,521,25
49067050,Rua Gerson Farias dos Santos,,Porto D'Antas,521,25
49067053,Travessa Gerson Farias,,Porto D'Antas,521,25
49067070,Rua Industrial Basto Coelho,,Porto D'Antas,521,25
49067073,Rua D,,Porto D'Antas,521,25
49067076,Rua D1,,Porto D'Antas,521,25
49067080,Rua Isabel Coleta,,Porto D'Antas,521,25
49067083,Rua D2,,Porto D'Antas,521,25
49067090,Rua Jorge Henrique da Silva,,Porto D'Antas,521,25
49067100,Rua José Antônio dos Santos,,Porto D'Antas,521,25
49067103,Travessa José Antônio dos Santos,,Porto D'Antas,521,25
49067110,Rua Maria das Dores,,Porto D'Antas,521,25
49067140,Rua João Francisco de Oliveira,,Porto D'Antas,521,25
49067150,Rua José Vieira Neto,,Porto D'Antas,521,25
49067163,Rua H,,Porto D'Antas,521,25
49067166,Travessa São José,,Porto D'Antas,521,25
49067170,Travessa M,,Porto D'Antas,521,25
49067180,Rua Novo Éden,,Porto D'Antas,521,25
49067183,Travessa Novo Éden,,Porto D'Antas,521,25
49067188,Rua F,(Lot At da Jaqueira),Porto D'Antas,521,25
49067193,Rua A,(Lot At da Jaqueira),Porto D'Antas,521,25
49067198,Rua B,(Lot At da Jaqueira),Porto D'Antas,521,25
49067203,Travessa B,(Lot At da Jaqueira),Porto D'Antas,521,25
49067206,Rua H,(Lot At da Jaqueira),Porto D'Antas,521,25
49067208,Rua G,(Lot At da Jaqueira),Porto D'Antas,521,25
49067211,Rua K,(Lot At da Jaqueira),Porto D'Antas,521,25
49067218,Rua A,(Lot Copacabana),Porto D'Antas,521,25
49067223,Rua B,(Lot Copacabana),Porto D'Antas,521,25
49067228,Rua C,(Lot Copacabana),Porto D'Antas,521,25
49067233,Rua D,(Lot Copacabana),Porto D'Antas,521,25
49067238,Rua E,(Lot Copacabana),Porto D'Antas,521,25
49067243,Rua F,(Lot Copacabana),Porto D'Antas,521,25
49067246,Rua H,(Lot Copacabana),Porto D'Antas,521,25
49069001,Rua José Laudelino Leal,,Porto D'Antas,521,25
49069003,Rua Dom Luciano,,Porto D'Antas,521,25
49069006,Rua Deputado Augusto Bezerra,,Porto D'Antas,521,25
49069009,Rua Doutor Conrado,,Porto D'Antas,521,25
49069012,Rua Nossa Senhora de Fátima,,Porto D'Antas,521,25
49069015,Rua Montevidéu,,Porto D'Antas,521,25
49069018,Rua Santo Antônio,,Porto D'Antas,521,25
49069021,Rua Bahia,,Porto D'Antas,521,25
49069024,Rua Albano Franco,,Porto D'Antas,521,25
49069027,Travessa Santa Bárbara,,Porto D'Antas,521,25
49069030,Rua Beira Rio,,Porto D'Antas,521,25
49069033,Rua Frei Enoque,,Porto D'Antas,521,25
49069036,Rua Bela Vista,,Porto D'Antas,521,25
49069039,Rua Boa Vista,,Porto D'Antas,521,25
49069042,Travessa São Braz,,Porto D'Antas,521,25
49069045,Rua Santa Letícia,,Porto D'Antas,521,25
49069048,Rua Nossa Senhora Menina,,Porto D'Antas,521,25
49069051,Rua Capela,,Porto D'Antas,521,25
49069054,Rua Divinópolis,,Porto D'Antas,521,25
49069057,Travessa Coqueiral,,Porto D'Antas,521,25
49069060,Travessa São Cristovão,,Porto D'Antas,521,25
49069063,Rua Maria do Coqueiral,,Porto D'Antas,521,25
49069066,Rua Evandro Ribeiro,,Porto D'Antas,521,25
49069069,Rua Divina Pastora,,Porto D'Antas,521,25
49069072,Travessa Divina Pastora,,Porto D'Antas,521,25
49069078,Rua Jerusalém,,Porto D'Antas,521,25
49069081,Rua Santos Dumont,,Porto D'Antas,521,25
49069084,Travessa Estrela do Oriente,,Porto D'Antas,521,25
49069087,Rua Estrela do Oriente,,Porto D'Antas,521,25
49069093,Rua Vilela,,Porto D'Antas,521,25
49069096,Rua São Roque,,Porto D'Antas,521,25
49069099,Travessa São Roque,,Porto D'Antas,521,25
49069105,Rua da Paz,,Porto D'Antas,521,25
49069108,Travessa São Paulo,,Porto D'Antas,521,25
49069111,Rua Marcelo Deda,,Porto D'Antas,521,25
49069114,Travessa Marcelo Deda,,Porto D'Antas,521,25
49069117,Rua São Pedro,,Porto D'Antas,521,25
49069120,Rua João Ribeiro,,Porto D'Antas,521,25
49069123,Travessa São Joaquim,,Porto D'Antas,521,25
49069126,Rua São Jorge,,Porto D'Antas,521,25
49069129,Rua Lagoa Santa,,Porto D'Antas,521,25
49069135,Rua Frei Paulo,,Porto D'Antas,521,25
49069138,Rua Tancredo Neves,,Porto D'Antas,521,25
49069141,Travessa São Luiz,,Porto D'Antas,521,25
49069144,Rua F,(Lot Coqueiral),Porto D'Antas,521,25
49069146,Rua Chico Mendes,,Porto D'Antas,521,25
49069156,Rua Gonzagão,,Porto D'Antas,521,25
49069159,Rua Vinte e Três,(Lot Coqueiral),Porto D'Antas,521,25
49069162,Rua Vinte e Cinco,(Lot Coqueiral),Porto D'Antas,521,25
49069165,Rua Trinta e Dois,(Lot Coqueiral),Porto D'Antas,521,25
49069168,Rua Altamira,,Porto D'Antas,521,25
49069171,Travessa Doutor Gonzaga,,Porto D'Antas,521,25
49069174,Rua Vinte e Seis,(Lot Coqueiral),Porto D'Antas,521,25
49069177,Rua Vinte e Sete,(Lot Coqueiral),Porto D'Antas,521,25
49069180,Rua Santa Rita,,Porto D'Antas,521,25
49069183,Rua São Crispim,(Lot Coqueiral),Porto D'Antas,521,25
49069186,Rua Profeta David,,Porto D'Antas,521,25
49069189,Rua Santa Cecilia,,Porto D'Antas,521,25
49069192,Travessa São Jorge,,Porto D'Antas,521,25
49069195,Rua Beta,(Lot Coqueiral),Porto D'Antas,521,25
49069198,Rua Alfa,(Lot Coqueiral),Porto D'Antas,521,25
49069201,Rua Gama,(Lot Coqueiral),Porto D'Antas,521,25
49069204,Rua Sigma,(Lot Coqueiral),Porto D'Antas,521,25
49069207,Travessa Santo Antônio,(Lot Coqueiral),Porto D'Antas,521,25
49069210,Travessa São Pedro I,(Lot Coqueiral),Porto D'Antas,521,25
49069213,Travessa São Pedro II,(Lot Coqueiral),Porto D'Antas,521,25
49069216,Rua Delta,(Lot Coqueiral),Porto D'Antas,521,25
49070020,Rua Alto do Morro da TV,,Cidade Nova,521,25
49070023,Travessa Alto do Morro da TV,,Cidade Nova,521,25
49070030,Travessa Artur Fortes,,Cidade Nova,521,25
49070040,Avenida Artur Fortes,- lado ímpar,Cidade Nova,521,25
49070050,Rua Carlos Alberto Villa Chan,,Cidade Nova,521,25
49070070,Avenida Visconde de Maracaju,- lado par,Cidade Nova,521,25
49070073,Rua A,,Cidade Nova,521,25
49070076,Rua B,,Cidade Nova,521,25
49070083,Rua Bolívia,- até 99997/99998,Cidade Nova,521,25
49070093,Rua A,(Lot Viúva),Cidade Nova,521,25
49070096,Rua B,(Lot Viúva),Cidade Nova,521,25
49070099,Rua C,(Lot Viúva),Cidade Nova,521,25
49070100,Rua Carlito Melo,,Cidade Nova,521,25
49070110,Rua Coronel José Pacheco Lima,,Cidade Nova,521,25
49070120,Travessa General Valença,,Cidade Nova,521,25
49070130,Rua General Valença,,Cidade Nova,521,25
49070140,Rua Heribaldo da Silva Melo,,Cidade Nova,521,25
49070172,Travessa Espírito Santo,,Cidade Nova,521,25
49070176,Rua São Vicente II,,Cidade Nova,521,25
49070179,Rua Espírito Santo,- até 99997/99998,Cidade Nova,521,25
49070180,Rua General Prado,,Cidade Nova,521,25
49070183,Rua D,(Lot Viúva),Cidade Nova,521,25
49070186,Rua Nova Esperança,,Cidade Nova,521,25
49070190,Rua Hélio Santana,,Cidade Nova,521,25
49070193,Rua A,(Lot Planalto),Cidade Nova,521,25
49070197,Rua Cinco,(Lot Planalto),Cidade Nova,521,25
49070240,Rua José Moacir Sobral,,Cidade Nova,521,25
49070250,Praça Juiz Manoel Barbosa de Souza,,Cidade Nova,521,25
49070260,Rua Laudelino Freire,,Cidade Nova,521,25
49070265,Rua Carlos Menezes,- de 1/2 ao fim,Cidade Nova,521,25
49070270,Rua Maria Vera de Souza,,Cidade Nova,521,25
49070280,Rua Marques Sobral,,Cidade Nova,521,25
49070305,Rua Nossa Senhora da Glória,- de 194/195 a 699/700,Cidade Nova,521,25
49070310,Estrada Palestina,,Cidade Nova,521,25
49070320,Rua Sargento Manoel Alves Dantas,,Cidade Nova,521,25
49070330,Avenida Sanatório,,Cidade Nova,521,25
49070340,Vila Sanatório,,Cidade Nova,521,25
49070355,Rua Santa Terezinha,- lado ímpar,Cidade Nova,521,25
49070410,Rua São Vicente,,Cidade Nova,521,25
49070415,Rua General Seroa da Mota,- de 1/2 ao fim,Cidade Nova,521,25
49070430,Rua Senhor do Bonfim,,Cidade Nova,521,25
49070480,Rua Jorge Luiz de Almeida Gois,,Cidade Nova,521,25
49070483,Rua A,(Jd das Palmeiras),Cidade Nova,521,25
49070486,Rua B,(Jd das Palmeiras),Cidade Nova,521,25
49070489,Rua C,(Jd das Palmeiras),Cidade Nova,521,25
49070530,Rua General Walter de Menezes Paes,,Cidade Nova,521,25
49070533,Travessa Cinco,(Lot Planalto),Cidade Nova,521,25
49070583,Avenida Maria Auxiliadora Mendonça Melo,- até 99997/99998,Cidade Nova,521,25
49070781,Rua A,(Lot Maracaju I),Cidade Nova,521,25
49070784,Rua B,(Lot Maracaju I),Cidade Nova,521,25
49070787,Rua C,(Lot Maracaju II),Cidade Nova,521,25
49070793,Rua E,(Lot Vsc de Maracaju II),Cidade Nova,521,25
49070796,Rua F,(Lot Vsc de Maracaju II),Cidade Nova,521,25
49070799,Rua G,(Lot Vsc de Maracaju II),Cidade Nova,521,25
49070802,Rua H,(Lot Vsc de Maracaju II),Cidade Nova,521,25
49070805,Rua I,(Lot Vsc de Maracaju II),Cidade Nova,521,25
49070819,Rua J,(Lot Vsc de Maracaju II),Cidade Nova,521,25
49070820,Rua Cícero Soares Santos,,Cidade Nova,521,25
49070823,Rua A,(Lot At Bela Vista),Cidade Nova,521,25
49070829,Rua D,(Lot At Bela Vista),Cidade Nova,521,25
49070830,Rua Principal,(Cond Vsc de Maracajú),Cidade Nova,521,25
49070832,Rua E,(Lot At Bela Vista),Cidade Nova,521,25
49070836,Rua F,(Lot At Bela Vista),Cidade Nova,521,25
49070839,Rua Francisco dos Santos,,Cidade Nova,521,25
49070842,Rua G,(Lot At Bela Vista),Cidade Nova,521,25
49070845,Rua C,(Lot At Bela Vista),Cidade Nova,521,25
49070848,Rua A3,(Lot At Bela Vista),Cidade Nova,521,25
49070850,Rua B,(Cond Vsc de Maracajú),Cidade Nova,521,25
49070853,Rua C,(Cond Vsc de Maracajú),Cidade Nova,521,25
49070856,Rua D,(Cond Vsc de Maracajú),Cidade Nova,521,25
49070859,Rua E,(Cond Vsc de Maracajú),Cidade Nova,521,25
49070862,Rua F,(Cond Vsc de Maracajú),Cidade Nova,521,25
49070900,Rua Alto do Morro da TV 65,,Cidade Nova,521,25
49071160,Travessa José de Melo,,Dom Luciano,521,25
49071166,Rua D,(Lot Dendê),Dom Luciano,521,25
49071169,Travessa L,(Lot Dendê),Dom Luciano,521,25
49071200,Rua Edson Andrade,,Dom Luciano,521,25
49071203,Rua A,(Lot Patrícia),Dom Luciano,521,25
49071206,Rua B,(Lot Patrícia),Dom Luciano,521,25
49071212,Rua L,(Lot Rezende),Dom Luciano,521,25
49071215,Rua J,(Lot Indara),Dom Luciano,521,25
49071218,Rua H,(Lot Indara),Dom Luciano,521,25
49071224,Rua Valdomiro José de Souza,,Dom Luciano,521,25
49071227,Rua N,(Lot Rezende),Dom Luciano,521,25
49071229,Rua J,(Lot Rezende),Dom Luciano,521,25
49072000,Avenida Maranhão,- de 0163/164 a 1659/1660,Dezoito do Forte,521,25
49072010,Rua Acre,,Dezoito do Forte,521,25
49072020,Rua Antônio Teodoro,,Dezoito do Forte,521,25
49072023,Travessa Saneamento,,Dezoito do Forte,521,25
49072026,Rua D,(Lot Cel dos Anjos),Dezoito do Forte,521,25
49072029,Rua E,(Lot Cel dos Anjos),Dezoito do Forte,521,25
49072030,Travessa Antônio Teodoro,,Dezoito do Forte,521,25
49072040,Rua Tenente Aurélio Sampaio,- até 509/510,Dezoito do Forte,521,25
49072050,Rua Bahia,- até 134/135,Dezoito do Forte,521,25
49072060,Travessa Basílio Peralva,,Dezoito do Forte,521,25
49072080,Rua Cabo Jordino,,Dezoito do Forte,521,25
49072090,Rua Capitão Irineu Cunha,,Dezoito do Forte,521,25
49072103,Travessa Visconde Maracaju,,Dezoito do Forte,521,25
49072106,Rua Carlos Menezes,,Dezoito do Forte,521,25
49072110,Rua Cinco de Julho,- até 499/500,Dezoito do Forte,521,25
49072113,Travessa Cinco de Julho,,Dezoito do Forte,521,25
49072120,Avenida Coelho e Campos,- de 1432 ao fim - lado par,Dezoito do Forte,521,25
49072130,Rua Comandante Poti,- até 9998/9999,Dezoito do Forte,521,25
49072140,Rua Coronel Padilha,,Dezoito do Forte,521,25
49072150,Rua Deodato Maia,,Dezoito do Forte,521,25
49072160,Rua Dezenove de Janeiro,,Dezoito do Forte,521,25
49072170,Rua Dezoito do Forte,,Dezoito do Forte,521,25
49072180,Rua Diretora Maria Marques,- lado par,Dezoito do Forte,521,25
49072190,Rua Neópolis,,Dezoito do Forte,521,25
49072210,Rua Doze de Outubro,,Dezoito do Forte,521,25
49072213,Rua José Vieira de Matos,,Dezoito do Forte,521,25
49072216,Rua Francisco Cardoso da Silva,,Dezoito do Forte,521,25
49072219,Rua Maria de Lourdes Cardoso de Jesus,(Lot Expansão),Dezoito do Forte,521,25
49072230,Rua Eliseu Santos,,Dezoito do Forte,521,25
49072240,Rua Everton Coelho,- até 229/230,Dezoito do Forte,521,25
49072250,Rua Fábio Souza Santos,,Dezoito do Forte,521,25
49072260,Rua Felisberto Freire,,Dezoito do Forte,521,25
49072275,Rua General Seroa da Mota,,Dezoito do Forte,521,25
49072280,Rua General Firmo Freire do Nascimento,,Dezoito do Forte,521,25
49072283,Travessa D,,Dezoito do Forte,521,25
49072290,Rua General Joaquim Inácio,,Dezoito do Forte,521,25
49072293,Travessa General Joaquim Inácio,,Dezoito do Forte,521,25
49072296,Rua José Teles Santos,,Dezoito do Forte,521,25
49072300,Avenida Visconde de Maracaju,- lado ímpar,Dezoito do Forte,521,25
49072303,Travessa Guilhermino Bezerra,,Dezoito do Forte,521,25
49072310,Avenida São Paulo,- de 734 a 1150 - lado par,Dezoito do Forte,521,25
49072320,Travessa Horácio Hora,,Dezoito do Forte,521,25
49072330,Travessa Iguaçu,,Dezoito do Forte,521,25
49072340,Travessa Irineu Bezerra dos Anjos,,Dezoito do Forte,521,25
49072350,Rua Jansen Melo,,Dezoito do Forte,521,25
49072360,Rua João Andrade,- de 367 ao fim - lado ímpar,Dezoito do Forte,521,25
49072370,Travessa João Benevides Marques,,Dezoito do Forte,521,25
49072383,Travessa Alto da Bela Vista,,Dezoito do Forte,521,25
49072386,Rua Dezenove de Março,,Dezoito do Forte,521,25
49072390,Rua Bela Vista,,Dezoito do Forte,521,25
49072393,Travessa Bela Vista,,Dezoito do Forte,521,25
49072403,Travessa João de Croa,,Dezoito do Forte,521,25
49072410,Rua João Florêncio,,Dezoito do Forte,521,25
49072420,Rua José Almeida de Souza,,Dezoito do Forte,521,25
49072423,Rua A,(Lot Manoel Pereira),Dezoito do Forte,521,25
49072430,Rua Luiz Machado,- de 146/147 ao fim,Dezoito do Forte,521,25
49072440,Rua Manoel de Oliveira Martins,,Dezoito do Forte,521,25
49072450,Avenida Manoel Cruz,,Dezoito do Forte,521,25
49072460,Praça Maria Quitéria de Jesus,,Dezoito do Forte,521,25
49072470,Avenida Minas Gerais,,Dezoito do Forte,521,25
49072480,Travessa Monte Castelo,,Dezoito do Forte,521,25
49072490,Rua Monte Castelo,,Dezoito do Forte,521,25
49072500,Rua Moreira Guimarães,,Dezoito do Forte,521,25
49072510,Rua Nossa Senhora da Glória,- até 192/193,Dezoito do Forte,521,25
49072520,Rua Pará,,Dezoito do Forte,521,25
49072530,Rua Paraíba,- até 123 - lado ímpar,Dezoito do Forte,521,25
49072533,Travessa José Ferreira de Jesus,,Dezoito do Forte,521,25
49072540,Rua Coronel Elias Gonzaga,,Dezoito do Forte,521,25
49072550,Rua Piauí,,Dezoito do Forte,521,25
49072560,Rua Pinheiro Machado,,Dezoito do Forte,521,25
49072570,Rua Primeiro de Maio,,Dezoito do Forte,521,25
49072573,Rua A,(Lot Pto Rico),Dezoito do Forte,521,25
49072576,Rua B,(Lot Pto Rico),Dezoito do Forte,521,25
49072579,Rua C,(Lot Pto Rico),Dezoito do Forte,521,25
49072580,Rua Quinze de Novembro,,Dezoito do Forte,521,25
49072590,Rua Radialista Geraldo Mendes,,Dezoito do Forte,521,25
49072600,Rua Rio Grande do Norte,,Dezoito do Forte,521,25
49072610,Travessa Roberto Morais,,Dezoito do Forte,521,25
49072620,Rua Roberto Morais,- lado par,Dezoito do Forte,521,25
49072623,Rua José Novais,,Dezoito do Forte,521,25
49072629,Rua A,(Lot Mangueira),Dezoito do Forte,521,25
49072630,Avenida Anizio Dário,,Dezoito do Forte,521,25
49072633,Rua Anízio Souza,,Dezoito do Forte,521,25
49072636,Rua Nossa Senhora de Lourdes,,Dezoito do Forte,521,25
49072640,Rua São Gonçalo,,Dezoito do Forte,521,25
49072646,Rua Edson Dantas da Silva,,Dezoito do Forte,521,25
49072649,Travessa A,(Jd Anita),Dezoito do Forte,521,25
49072650,Travessa São Gonçalo,,Dezoito do Forte,521,25
49072660,Avenida São Paulo,- até 732 - lado par,Dezoito do Forte,521,25
49072670,Rua Sargento Nezinho,,Dezoito do Forte,521,25
49072673,Rua A,(Lot Cel dos Anjos),Dezoito do Forte,521,25
49072676,Rua B,(Lot Cel dos Anjos),Dezoito do Forte,521,25
49072679,Rua C,(Lot Cel dos Anjos),Dezoito do Forte,521,25
49072680,Travessa Senhor do Bonfim,,Dezoito do Forte,521,25
49072683,Rua Bruna Mayara Lopes dos Santos,(Lot Expansão),Dezoito do Forte,521,25
49072686,Travessa José Mendes dos Santos Filho,(Lot Expansão),Dezoito do Forte,521,25
49072690,Travessa Sergipe,,Dezoito do Forte,521,25
49072700,Rua Sete de Setembro,,Dezoito do Forte,521,25
49072710,Rua Sílvio Romero,- de 586/587 ao fim,Dezoito do Forte,521,25
49072720,Avenida Simeão Sobral,- de 1241/1242 ao fim,Dezoito do Forte,521,25
49072730,Rua Tenente Cleto Campelo,- até 630/631,Dezoito do Forte,521,25
49072740,Rua Tenente Dutra,,Dezoito do Forte,521,25
49072750,Rua Vereador João Claro,,Dezoito do Forte,521,25
49072760,Rua Vinte e Um de Abril,,Dezoito do Forte,521,25
49072763,Travessa Vinte e Um de Abril,,Dezoito do Forte,521,25
49072780,Rua Alcides Ferreira,,Dezoito do Forte,521,25
49072790,Praça Frei Demetri,,Dezoito do Forte,521,25
49072810,Avenida 28 BC,,Dezoito do Forte,521,25
49072840,Travessa Minas Gerais,,Dezoito do Forte,521,25
49075000,Rua Bahia,- de 136/137 ao fim,Siqueira Campos,521,25
49075010,Rua Acre,- até 1084 - lado par,Siqueira Campos,521,25
49075013,Travessa Acre,,Siqueira Campos,521,25
49075020,Rua Acre,- até 2501 - lado ímpar,Siqueira Campos,521,25
49075030,Rua Alagoas,- até 764/765,Siqueira Campos,521,25
49075040,Vila Amapá,,Siqueira Campos,521,25
49075050,Rua Amapá,,Siqueira Campos,521,25
49075060,Rua Território do amapá,,Siqueira Campos,521,25
49075070,Rua Amazonas,,Siqueira Campos,521,25
49075080,Rua Armando Fontes,,Siqueira Campos,521,25
49075090,Rua Astrogésilo Santana Souza Filho,,Siqueira Campos,521,25
49075100,Avenida Augusto Franco,- até 2280 - lado par,Siqueira Campos,521,25
49075110,Travessa Bahia,,Siqueira Campos,521,25
49075123,Vila Dona Moça,,Siqueira Campos,521,25
49075130,Rua Carlos Garcia,,Siqueira Campos,521,25
49075140,Rua Cleomenes Campos,,Siqueira Campos,521,25
49075150,Rua Constantino Gomes de Souza,,Siqueira Campos,521,25
49075160,Rua Deputado Carlos Correia,,Siqueira Campos,521,25
49075170,Avenida Doutor José da Silva Ribeiro Filho,- até 565/566,Siqueira Campos,521,25
49075180,Travessa Ceará,,Siqueira Campos,521,25
49075190,Rua Distrito Federal,,Siqueira Campos,521,25
49075193,Travessa Campo do Brito,,Siqueira Campos,521,25
49075200,Praça Dom José Thomaz,,Siqueira Campos,521,25
49075210,Rua Eliziário da Lapa Pinto,,Siqueira Campos,521,25
49075230,Rua Enock Santiago Filho,,Siqueira Campos,521,25
49075240,Rua Espírito Santo,- até 919/920,Siqueira Campos,521,25
49075250,Rua Florianópolis,,Siqueira Campos,521,25
49075260,Rua Frei José de Santa Cecília,,Siqueira Campos,521,25
49075270,Rua Frei Luiz Canolo de Noronha,- lado ímpar,Siqueira Campos,521,25
49075280,Rua Goiás,- até 929/930,Siqueira Campos,521,25
49075290,Rua Rondônia,,Siqueira Campos,521,25
49075300,Travessa Irmã Gildete,,Siqueira Campos,521,25
49075310,Praça Joaquim Sabino Ribeiro Chaves,,Siqueira Campos,521,25
49075320,Rua José Jorge de Siqueira Filho,,Siqueira Campos,521,25
49075330,Rua Manoel Baiense,,Siqueira Campos,521,25
49075340,Praça Manoel Barreto Filho,,Siqueira Campos,521,25
49075350,Rua Manoel Bonfim,,Siqueira Campos,521,25
49075360,Travessa Manoel Leônidas de Bomfim,,Siqueira Campos,521,25
49075370,Rua Mariano Salmeron,,Siqueira Campos,521,25
49075380,Rua Mato Grosso,- até 738/739,Siqueira Campos,521,25
49075390,Rua Modernistas,,Siqueira Campos,521,25
49075400,Rua Neópolis,,Siqueira Campos,521,25
49075410,Travessa Oliveira,,Siqueira Campos,521,25
49075420,Rua Paraíba,- de 125 a 1235 - lado ímpar,Siqueira Campos,521,25
49075440,Travessa Tenente-Coronel Odilon Siqueira,,Siqueira Campos,521,25
49075450,Rua Passos Cabral,,Siqueira Campos,521,25
49075460,Rua Pernambuco,,Siqueira Campos,521,25
49075470,Rua Poeta José Sampaio,,Siqueira Campos,521,25
49075480,Rua Porto Alegre,- até 589 - lado ímpar,Siqueira Campos,521,25
49075490,Rua Porto Alegre,- lado par,Siqueira Campos,521,25
49075500,Rua Quintino Marques,,Siqueira Campos,521,25
49075505,Travessa Santa Cruz,,Siqueira Campos,521,25
49075510,Rua Rio Grande do Sul,- até 884/885,Siqueira Campos,521,25
49075515,Travessa Nova Paraiba,,Siqueira Campos,521,25
49075520,Rua Santa Catarina,,Siqueira Campos,521,25
49075530,Avenida São Paulo,- até 1149 - lado ímpar,Siqueira Campos,521,25
49075540,Rua Sergipe,,Siqueira Campos,521,25
49075543,Vila São Francisco,,Siqueira Campos,521,25
49075550,Rua Severino Cardoso,,Siqueira Campos,521,25
49075560,Vila Trindade,,Siqueira Campos,521,25
49075570,Rua Ulisses Siqueira,,Siqueira Campos,521,25
49075580,Rua Vereador João Claro,,Siqueira Campos,521,25
49075590,Rua Vereador Manoel Hardman,,Siqueira Campos,521,25
49075610,Rua Maximiano Geraldo de Oliveira,,Siqueira Campos,521,25
49075620,Rua Possidônio Travassos,,Siqueira Campos,521,25
49075630,Praça Presbítero Filemon Freire Santos,,Siqueira Campos,521,25
49075640,Praça Iracyr Silva,,Siqueira Campos,521,25
49075650,Travessa Mariano Salmeron,,Siqueira Campos,521,25
49075970,Rua Acre 1084,,Siqueira Campos,521,25
49075971,Rua Acre 1084,,Siqueira Campos,521,25
49075972,Rua Acre 1084,,Siqueira Campos,521,25
49075975,Rua Acre 1084,,Siqueira Campos,521,25
49075976,Rua Deputado Carlos Correia 357,,Siqueira Campos,521,25
49080005,Rua México,- de 1/2 ao fim,América,521,25
49080010,Rua Acre,- de 1086 a 2504 - lado par,América,521,25
49080020,Rua Alaska,,América,521,25
49080030,Rua Alípio José dos Santos,,América,521,25
49080035,Rua Pedra Mole,,América,521,25
49080040,Rua Amapá,,América,521,25
49080045,Rua Álvaro Santos,,América,521,25
49080050,Rua Alzira Rezende,,América,521,25
49080070,Travessa Amapá,- de 601/602 ao fim,América,521,25
49080080,Rua Argentina,,América,521,25
49080090,Rua Bolívia,,América,521,25
49080110,Travessa Brasil,,América,521,25
49080120,Rua Campo do Brito,,América,521,25
49080135,Rua Canadá,- de 1/2 ao fim,América,521,25
49080140,Travessa Chile,,América,521,25
49080150,Rua Coronel Andrade,,América,521,25
49080160,Rua Costa Rica,,América,521,25
49080163,Travessa Costa Rica,,América,521,25
49080180,Avenida Doutor José da Silva Ribeiro Filho,- de 567/568 ao fim,América,521,25
49080200,Travessa Nova Paraíba,,América,521,25
49080205,Rua Cuba,,América,521,25
49080210,Rua Mãe Nanã,,América,521,25
49080215,Avenida Brasil,,América,521,25
49080220,Avenida Estados Unidos,,América,521,25
49080225,Rua Colômbia,- de 1/2 ao fim,América,521,25
49080230,Praça Franklin Delano Roosevelt,,América,521,25
49080240,Rua Goiânia,,América,521,25
49080250,Rua Groelândia,,América,521,25
49080260,Avenida Guanabara,,América,521,25
49080263,Travessa Guanabara,,América,521,25
49080270,Travessa Guaporé,,América,521,25
49080275,Rua José Emídio da Costa,- de 1/2 ao fim,América,521,25
49080280,Rua Guaporé,- de 629/630 ao fim,América,521,25
49080290,Rua Guatemala,,América,521,25
49080310,Rua Hélio Cardoso,,América,521,25
49080320,Rua Honduras,,América,521,25
49080323,Avenida Camilo Calazans,- de 1 ao fim - lado ímpar,América,521,25
49080326,Avenida Camilo Calazans,- de 2 ao fim - lado par,América,521,25
49080330,Rua José Pereira de Oliveira,,América,521,25
49080340,Travessa José Vasconcelos,,América,521,25
49080350,Rua José Zuckman,,América,521,25
49080356,Travessa José Zuckman,,América,521,25
49080360,Rua Maria Pureza dos Santos,,América,521,25
49080363,Travessa Central II,,América,521,25
49080365,Rua Osvaldo Sampaio,- de 1/2 ao fim,América,521,25
49080370,Rua Nicarágua,,América,521,25
49080373,Travessa Nicarágua,,América,521,25
49080380,Rua Nova Paraíba,,América,521,25
49080400,Rua Panamá,,América,521,25
49080403,Rua B,,América,521,25
49080406,Travessa H,,América,521,25
49080410,Rua Paraguaçu,,América,521,25
49080420,Rua Paraguai,,América,521,25
49080430,Rua Paraíba,- de 1294 ao fim - lado par,América,521,25
49080440,Rua Paraíba,- de 1237 ao fim - lado ímpar,América,521,25
49080450,Rua Peru,,América,521,25
49080460,Rua Porto Alegre,- de 591 ao fim - lado ímpar,América,521,25
49080470,Avenida Presidente Tancredo Neves,- de 5282 a 7604 - lado par,América,521,25
49080480,Avenida Professor José Olino de Lima Neto,,América,521,25
49080483,Travessa José Olino,,América,521,25
49080485,Travessa A,(Lot José Olino),América,521,25
49080486,Rua Francisco Alves Lima,,América,521,25
49080490,Praça da República,,América,521,25
49080500,Travessa São João,,América,521,25
49080510,Praça Frei Miguel Serafini,,América,521,25
49080520,Rua Uruguai,,América,521,25
49080525,Travessa Euzébio Pinheiro,,América,521,25
49080530,Rua Venezuela,,América,521,25
49080540,Rua Washington Luís,,América,521,25
49080550,Travessa Washington Luís,,América,521,25
49080580,Travessa Porto Aegre I,,América,521,25
49080585,Travessa Porto Alegre II,,América,521,25
49080590,Rua São Salvador,,América,521,25
49080600,Travessa Cefap,,América,521,25
49080620,Rua A,(Cj Mª do Carmo),América,521,25
49080626,Rua C,(Cj Mª do Carmo),América,521,25
49080629,Rua D,(Cj Mª do Carmo),América,521,25
49080632,Rua E,(Cj Mª do Carmo),América,521,25
49080635,Rua F,(Cj Mª do Carmo),América,521,25
49080638,Rua G,(Cj Mª do Carmo),América,521,25
49080641,Rua H,(Cj Mª do Carmo),América,521,25
49080649,Travessa Um,(Cj Mª do Carmo),América,521,25
49080652,Travessa Dois,(Cj Mª do Carmo),América,521,25
49080655,Travessa Três,(Cj Mª do Carmo),América,521,25
49080658,Travessa Quatro,(Cj Mª do Carmo),América,521,25
49080661,Travessa Cinco,(Cj Mª do Carmo),América,521,25
49080664,Travessa Invasão,(Cj Mª do Carmo),América,521,25
49080667,Rua U,(Cj Mª do Carmo),América,521,25
49081000,Setor Centro Administrativo Augusto Franco,,Capucho,521,25
49081010,Avenida Conselheiro Carlos Alberto Barros Sampaio,,Capucho,521,25
49081020,Avenida Conselheiro João Evangelista Maciel Porto,,Capucho,521,25
49081030,Rua Lúcia Ferreira de Matos,,Capucho,521,25
49081040,Rua B,(Veneza II),Capucho,521,25
49081043,Rua C,(Veneza II),Capucho,521,25
49081046,Rua D,(Veneza II),Capucho,521,25
49081050,Avenida Chanceler Osvaldo Aranha,- de 1 ao fim - lado ímpar,Capucho,521,25
49081055,Rua G,(Veneza II),Capucho,521,25
49081060,Avenida Presidente Tancredo Neves,- de 5657 ao fim - lado ímpar,Capucho,521,25
49081083,Estrada da Endagro,,Capucho,521,25
49081090,Avenida Professor José Bonifácio Fortes Neto,,Capucho,521,25
49081093,Rua Emerson Bonfim,,Capucho,521,25
49081096,Travessa B,(Veneza II),Capucho,521,25
49081099,Travessa C,(Veneza II),Capucho,521,25
49081102,Travessa D,(Veneza II),Capucho,521,25
49081105,Rua E,(Veneza II),Capucho,521,25
49081108,Rua Geraldo Moura Diniz,,Capucho,521,25
49081111,Rua Manoel Vieira do Nascimento,,Capucho,521,25
49081120,Avenida Marechal Cândido Mariano da Silva Rondon,- lado par,Capucho,521,25
49082000,Rua Rio Grande do Sul,- de 886/887 ao fim,Novo Paraíso,521,25
49082005,Avenida Presidente Tancredo Neves,- de 7606 ao fim - lado par,Novo Paraíso,521,25
49082010,Rua Abolição,,Novo Paraíso,521,25
49082020,Rua Afonso Pena,,Novo Paraíso,521,25
49082025,Rua México,,Novo Paraíso,521,25
49082030,Rua Amador Bueno,,Novo Paraíso,521,25
49082040,Rua Barra dos Coqueiros,- de 556/557 ao fim,Novo Paraíso,521,25
49082050,Rua Bernardo Vieira de Melo,,Novo Paraíso,521,25
49082065,Avenida Brasil,- de 1/2 ao fim,Novo Paraíso,521,25
49082070,Rua Cabo José Ferreira,,Novo Paraíso,521,25
49082080,Rua Cabo Pedro Almeida,,Novo Paraíso,521,25
49082093,Avenida Camilo Calazans,- lado ímpar,Novo Paraíso,521,25
49082096,Avenida Camilo Calazans,- lado par,Novo Paraíso,521,25
49082100,Travessa Central,,Novo Paraíso,521,25
49082110,Avenida Chanceler Osvaldo Aranha,- lado ímpar,Novo Paraíso,521,25
49082123,Travessa Colômbia,,Novo Paraíso,521,25
49082125,Rua Colômbia,,Novo Paraíso,521,25
49082130,Rua da Conjuração Baiana,,Novo Paraíso,521,25
49082145,Rua Cuba,- de 1/2 ao fim,Novo Paraíso,521,25
49082150,Rua Deputado Euvaldo Diniz,,Novo Paraíso,521,25
49082160,Rua Desembargador Enock Santiago,,Novo Paraíso,521,25
49082170,Rua Espírito Santo,- de 921/922 ao fim,Novo Paraíso,521,25
49082180,Rua Florianópolis,,Novo Paraíso,521,25
49082190,Travessa Florianópolis,,Novo Paraíso,521,25
49082200,Praça Francisco Rosa,,Novo Paraíso,521,25
49082210,Rua General Osório,,Novo Paraíso,521,25
49082220,Rua Guilherme José Martins,- lado par,Novo Paraíso,521,25
49082230,Rua Henrique Dias,,Novo Paraíso,521,25
49082240,Rua Inconfidência,,Novo Paraíso,521,25
49082250,Rua João Ferreira,,Novo Paraíso,521,25
49082275,Rua José Emídio da Costa,,Novo Paraíso,521,25
49082290,Rua Manoel Beckman,,Novo Paraíso,521,25
49082300,Rua Manoel Nunes Vieira,,Novo Paraíso,521,25
49082303,Travessa Manoel Nunes Vieira,,Novo Paraíso,521,25
49082310,Rua Marinheiro Alcides Cavalcante,,Novo Paraíso,521,25
49082320,Rua Marinheiro Antônio Brandão,,Novo Paraíso,521,25
49082330,Rua Marinheiro Carlos Campos,,Novo Paraíso,521,25
49082333,Travessa Trinta e Três,,Novo Paraíso,521,25
49082340,Rua Marinheiro Luiz Batista,,Novo Paraíso,521,25
49082350,Rua Mem de Sá,,Novo Paraíso,521,25
49082360,Rua Novo Paraíso,,Novo Paraíso,521,25
49082370,Vila Novo Paraíso,,Novo Paraíso,521,25
49082385,Rua Osvaldo Sampaio,,Novo Paraíso,521,25
49082390,Vila Paraíso,,Novo Paraíso,521,25
49082400,Rua da Revolução Pernambucana,,Novo Paraíso,521,25
49082410,Travessa Rio Grande do Sul,,Novo Paraíso,521,25
49082415,Rua Canadá,,Novo Paraíso,521,25
49082420,Praça Roberto Fonseca,,Novo Paraíso,521,25
49082430,Praça Ronaldo Calumbi Barreto,,Novo Paraíso,521,25
49082440,Rua Sargento Audálio Gonçalves,,Novo Paraíso,521,25
49082450,Rua Sargento Cassiano Rodrigues,,Novo Paraíso,521,25
49082460,Rua Sargento Domingos Sérgio,,Novo Paraíso,521,25
49082470,Rua Sargento João Serafim,,Novo Paraíso,521,25
49082480,Rua Sargento José Teodoro,,Novo Paraíso,521,25
49082490,Rua Sargento Lauro José,,Novo Paraíso,521,25
49082500,Rua Sargento Manoel Messias,,Novo Paraíso,521,25
49082510,Rua Sargento Osvaldo Conceição,,Novo Paraíso,521,25
49082520,Travessa Sergipe,,Novo Paraíso,521,25
49082530,Rua Soldado Jorge Costa,,Novo Paraíso,521,25
49082550,Rua Soldado Laurindo Santos,,Novo Paraíso,521,25
49082560,Rua Soldado Lino Pinto,,Novo Paraíso,521,25
49082570,Rua Soldado Wilson Bomfim,,Novo Paraíso,521,25
49082580,Rua Tenente Durval Chaves,,Novo Paraíso,521,25
49082600,Avenida Tiradentes,,Novo Paraíso,521,25
49082610,Rua Vila Paraíba,,Novo Paraíso,521,25
49082620,Rua Equador,,Novo Paraíso,521,25
49082640,Rua Felipe dos Santos,,Novo Paraíso,521,25
49082645,Rua Paraíba,- de 712 a 1292 - lado par,Novo Paraíso,521,25
49082650,Travessa Particular,,Novo Paraíso,521,25
49085000,Rua Alagoas,- de 766/767 ao fim,José Conrado de Araújo,521,25
49085010,Rua Adelaide de Souza Ferraz,,José Conrado de Araújo,521,25
49085020,Avenida Alcides Fontes,,José Conrado de Araújo,521,25
49085026,Rua O,(Cj D Pedro I),José Conrado de Araújo,521,25
49085029,Rua Olavo Cunha Lima,,José Conrado de Araújo,521,25
49085030,Rua Antônio Lima de Farias,,José Conrado de Araújo,521,25
49085040,Rua Arivaldo Pita Falcão,,José Conrado de Araújo,521,25
49085045,Rua Jornalista Amphiloquio do Vale Filho,,José Conrado de Araújo,521,25
49085050,Rua Ataíde Menezes Melo,,José Conrado de Araújo,521,25
49085060,Travessa Atalaia,,José Conrado de Araújo,521,25
49085080,Rua Barra dos Coqueiros,- até 554/555,José Conrado de Araújo,521,25
49085090,Rua Carira,,José Conrado de Araújo,521,25
49085100,Avenida Chanceler Osvaldo Aranha,- lado par,José Conrado de Araújo,521,25
49085120,Rua Dona Zizi Moreira,,José Conrado de Araújo,521,25
49085130,Rua Doutor Alexandre Freire,,José Conrado de Araújo,521,25
49085140,Rua Fernando de Noronha,,José Conrado de Araújo,521,25
49085143,Travessa Fernando de Noronha,,José Conrado de Araújo,521,25
49085150,Rua Goiás,- de 931/932 ao fim,José Conrado de Araújo,521,25
49085160,Rua José Campos de Souza,,José Conrado de Araújo,521,25
49085170,Rua José de Oliveira,,José Conrado de Araújo,521,25
49085180,Rua José Vieira de Andrade,,José Conrado de Araújo,521,25
49085183,Travessa Maria Alves dos Santos,,José Conrado de Araújo,521,25
49085186,Rua P,(Cj Agamenon Magalhães),José Conrado de Araújo,521,25
49085189,Rua Maria da Penha Andrade,,José Conrado de Araújo,521,25
49085190,Rua Juiz Mário Almeida Lobão,,José Conrado de Araújo,521,25
49085195,Rua Sagrado Coração de Jesus,,José Conrado de Araújo,521,25
49085210,Rua Manoel Dantas,,José Conrado de Araújo,521,25
49085213,Travessa Adalberto,,José Conrado de Araújo,521,25
49085220,Rua Mato Grosso,- de 740/741 ao fim,José Conrado de Araújo,521,25
49085230,Rua Natal,,José Conrado de Araújo,521,25
49085235,Rua São José,,José Conrado de Araújo,521,25
49085240,Travessa Natal,,José Conrado de Araújo,521,25
49085250,Praça Nelson Ferreira Martins,,José Conrado de Araújo,521,25
49085260,Rua Nossa Senhora de Fátima,,José Conrado de Araújo,521,25
49085263,Travessa José Vieira,,José Conrado de Araújo,521,25
49085270,Rua João Adalberto do Nascimento,,José Conrado de Araújo,521,25
49085280,Rua Pedro Alves de Menezes,,José Conrado de Araújo,521,25
49085300,Rua Paulo Barreto,,José Conrado de Araújo,521,25
49085310,Rua Recife,,José Conrado de Araújo,521,25
49085313,Travessa Recife,,José Conrado de Araújo,521,25
49085320,Rua Reverendo Alfeu Barros de Oliveira,,José Conrado de Araújo,521,25
49085330,Rua Dona Rubina,,José Conrado de Araújo,521,25
49085340,Avenida Santa Gleide,,José Conrado de Araújo,521,25
49085350,Rua Gean Carlos dos Santos,,José Conrado de Araújo,521,25
49085360,Rua Santa Rosa de Lima,,José Conrado de Araújo,521,25
49085370,Travessa Santo Antônio,,José Conrado de Araújo,521,25
49085380,Avenida São Paulo,- de 1151 ao fim - lado ímpar,José Conrado de Araújo,521,25
49085390,Travessa Seixas Dórea,,José Conrado de Araújo,521,25
49085400,Travessa Serigy,,José Conrado de Araújo,521,25
49085410,Rua Simeão Aguiar,,José Conrado de Araújo,521,25
49085413,Rua General Osório,,José Conrado de Araújo,521,25
49085416,Travessa General Osório,,José Conrado de Araújo,521,25
49085420,Rua Tomar do Geru,,José Conrado de Araújo,521,25
49085430,Rua Valdomiro Teixeira da Silva,,José Conrado de Araújo,521,25
49085450,Rua Vitória,,José Conrado de Araújo,521,25
49085453,Travessa Vitória,,José Conrado de Araújo,521,25
49085460,Rua Manoel Valentim Pinheiro,,José Conrado de Araújo,521,25
49085470,Rua Enedina Santos,,José Conrado de Araújo,521,25
49085480,Rua Maria Afra Cortes Santos,,José Conrado de Araújo,521,25
49085490,Avenida Salatiel Santana,,José Conrado de Araújo,521,25
49085493,Rua Maria de Lourdes Soares Cruz,,José Conrado de Araújo,521,25
49085496,Rua B,(Lot At da Mangueira),José Conrado de Araújo,521,25
49085499,Rua Francisco da Paixão Cruz,,José Conrado de Araújo,521,25
49085500,Rua Eglatina Menezes Portugal,,José Conrado de Araújo,521,25
49085510,Rua Paraíba,- de 126 a 710 - lado par,José Conrado de Araújo,521,25
49085520,Rua B,(Cj Agamenon Magalhães),José Conrado de Araújo,521,25
49085970,Rua Alagoas 1316,,José Conrado de Araújo,521,25
49085972,Rua Alagoas 1316,,José Conrado de Araújo,521,25
49087000,Rua São Francisco de Assis,- até 1268/1269,Santos Dumont,521,25
49087003,Travessa São Francisco de Assis,,Santos Dumont,521,25
49087010,Rua Tenente Aurélio Sampaio,- de 511/512 ao fim,Santos Dumont,521,25
49087020,Avenida Visconde de Maracaju,- lado ímpar,Santos Dumont,521,25
49087030,Avenida Pastor Jonas Teles da Silva,,Santos Dumont,521,25
49087033,Rua Antônio Tavares dos Santos,,Santos Dumont,521,25
49087036,Rua Epaminondas Guimarães,,Santos Dumont,521,25
49087039,Rua D,(Lot Vitória Régia),Santos Dumont,521,25
49087040,Rua Capitão Manoel Gomes,- até 1297/1298,Santos Dumont,521,25
49087050,Rua Comandante Miranda,,Santos Dumont,521,25
49087060,Rua Comandante Poti,- de 1/2 ao fim,Santos Dumont,521,25
49087070,Rua Conde D'Eu,,Santos Dumont,521,25
49087080,Rua Cabo Hermenegildo,,Santos Dumont,521,25
49087083,Rua Nelson Andrade,,Santos Dumont,521,25
49087085,Rua F,(Cj Alm Tamandaré),Santos Dumont,521,25
49087090,Rua Raimundo Agostinho Bezerra,,Santos Dumont,521,25
49087093,Rua Walter Donald,,Santos Dumont,521,25
49087096,Rua B,(Cj Alm Tamandaré),Santos Dumont,521,25
49087099,Rua C,(Cj Alm Tamandaré),Santos Dumont,521,25
49087100,Rua Corretor Otoniel,,Santos Dumont,521,25
49087103,Travessa Corretor Otoniel,,Santos Dumont,521,25
49087113,Travessa Dezesseis de Novembro,,Santos Dumont,521,25
49087116,Travessa Dezesseis de Novembro II,,Santos Dumont,521,25
49087120,Rua Diretora Maria Marques,- lado ímpar,Santos Dumont,521,25
49087123,Rua Dílson Santos Costa,,Santos Dumont,521,25
49087126,Rua Sinésio dos Santos,,Santos Dumont,521,25
49087129,Rua José Francisco Daniel,,Santos Dumont,521,25
49087135,Travessa Maria Elze,,Santos Dumont,521,25
49087143,Travessa Dom Pedro II,,Santos Dumont,521,25
49087149,Rua J,(Cj Alm Tamandaré),Santos Dumont,521,25
49087160,Praça Doutor Lourival Bonfim,,Santos Dumont,521,25
49087170,Rua Edésio Mesquita,,Santos Dumont,521,25
49087173,Rua José Alves Santos,,Santos Dumont,521,25
49087180,Rua Efren Fernando Fontes,,Santos Dumont,521,25
49087183,Travessa Projetada,,Santos Dumont,521,25
49087186,Rua Projetada C,,Santos Dumont,521,25
49087200,Rua Erondina Lopes,,Santos Dumont,521,25
49087203,Rua G,(Lot Bahamas),Santos Dumont,521,25
49087206,Rua Isabel Samanara,,Santos Dumont,521,25
49087209,Rua Ribeiro Silva,,Santos Dumont,521,25
49087210,Rua Evangelista Bispo dos Santos,,Santos Dumont,521,25
49087213,Rua Frei Augusto de Santana,,Santos Dumont,521,25
49087216,Rua A,(Res Stos Dumont),Santos Dumont,521,25
49087219,Rua Professora Maria José Santos Souza,,Santos Dumont,521,25
49087220,Rua Everton Coelho,- de 231/232 ao fim,Santos Dumont,521,25
49087230,Rua Frei Henrique de Coimbra,,Santos Dumont,521,25
49087233,Travessa Frei Henrique de Coimbra,,Santos Dumont,521,25
49087245,Rua General Prado,- até 99997/99998,Santos Dumont,521,25
49087260,Rua Idalina Bonfim,,Santos Dumont,521,25
49087270,Rua Imperatriz Tereza Cristina,,Santos Dumont,521,25
49087273,Travessa Tereza Cristina,,Santos Dumont,521,25
49087276,Rua Helenita Mangueira da Silva,,Santos Dumont,521,25
49087281,Travessa A,(Lot S José),Santos Dumont,521,25
49087290,Rua Ismael Pereira,,Santos Dumont,521,25
49087293,Travessa Ismael Pereira,,Santos Dumont,521,25
49087296,Rua A,(Terminal Maracaju),Santos Dumont,521,25
49087300,Rua Jackson Figueiredo,,Santos Dumont,521,25
49087306,Rua E,(Lot Bahamas),Santos Dumont,521,25
49087309,Rua José Rivaldo dos Santos,,Santos Dumont,521,25
49087310,Rua Jaime Paulo,,Santos Dumont,521,25
49087320,Rua Jane Bonfim,,Santos Dumont,521,25
49087340,Rua João Alfredo,,Santos Dumont,521,25
49087350,Rua Jonaldo Bonfim,,Santos Dumont,521,25
49087353,Travessa Jonaldo Bomfim,,Santos Dumont,521,25
49087360,Rua José Gomes de Almeida,,Santos Dumont,521,25
49087370,Rua José Novais,,Santos Dumont,521,25
49087383,Travessa Luiz Gonzaga,,Santos Dumont,521,25
49087386,Travessa Elizabete Batista,,Santos Dumont,521,25
49087390,Rua Luiz Machado,- até 144/145,Santos Dumont,521,25
49087393,Travessa Bela Vista,,Santos Dumont,521,25
49087396,Rua C,(Lot Me Tereza de Calcutá),Santos Dumont,521,25
49087400,Rua Major Aureliano,,Santos Dumont,521,25
49087403,Rua B,(Lot Me Tereza de Calcutá),Santos Dumont,521,25
49087406,Travessa José Rocha,,Santos Dumont,521,25
49087409,Travessa do Campo,,Santos Dumont,521,25
49087410,Rua Major Corbiniano,,Santos Dumont,521,25
49087420,Avenida Maranhão,- de 1661/1662 ao fim,Santos Dumont,521,25
49087423,Rua B,(Jd Stos Dumont),Santos Dumont,521,25
49087426,Rua C,(Jd Stos Dumont),Santos Dumont,521,25
49087429,Rua Lídio dos Santos,,Santos Dumont,521,25
49087430,Praça Mário Valois,,Santos Dumont,521,25
49087434,Travessa A,(Jd Stos Dumont),Santos Dumont,521,25
49087440,Travessa Maria Mirian dos Santos Silveira,,Santos Dumont,521,25
49087443,Rua C,(Lot Bahamas),Santos Dumont,521,25
49087446,Rua Maria Alves de Souza Oliveira,,Santos Dumont,521,25
49087449,Rua D,(Lot Bahamas),Santos Dumont,521,25
49087450,Rua Minervina Barros,,Santos Dumont,521,25
49087460,Rua Iara Cristina,,Santos Dumont,521,25
49087463,Rua Ângela Maria Santos Nascimento,,Santos Dumont,521,25
49087466,Travessa Um,(Lot Vitória Régia),Santos Dumont,521,25
49087469,Rua Desportista Sabasto,,Santos Dumont,521,25
49087473,Rua A,(Lot Bahamas),Santos Dumont,521,25
49087480,Rua Princesa Leopoldina,,Santos Dumont,521,25
49087483,Rua Manoel Aureliano da Silva,,Santos Dumont,521,25
49087490,Praça Professor Abelardo Monteiro,,Santos Dumont,521,25
49087500,Rua Pureza Bonfim,,Santos Dumont,521,25
49087510,Rua Radialista Ciro Moreira,,Santos Dumont,521,25
49087513,Rua C,(Cj do Ipes),Santos Dumont,521,25
49087516,Rua D,(Cj do Ipes),Santos Dumont,521,25
49087519,Rua E,(Cj do Ipes),Santos Dumont,521,25
49087520,Rua Roberto Morais,- lado ímpar,Santos Dumont,521,25
49087523,Rua C1,(Lot Vitória Régia),Santos Dumont,521,25
49087526,Rua X,(Lot Vitória Régia),Santos Dumont,521,25
49087529,Rua Maurício Fonseca Pereira,,Santos Dumont,521,25
49087530,Rua Gleide Fonseca de Almeida Silva,,Santos Dumont,521,25
49087540,Rua Santo Antônio,,Santos Dumont,521,25
49087543,Travessa Santo Antônio,,Santos Dumont,521,25
49087546,Rua Santos Dumont I,,Santos Dumont,521,25
49087548,Rua Santos Dumont II,,Santos Dumont,521,25
49087550,Travessa São Jorge,,Santos Dumont,521,25
49087553,Rua F,(Cj do Ipes),Santos Dumont,521,25
49087560,Rua São Jorge,,Santos Dumont,521,25
49087570,Rua São José,,Santos Dumont,521,25
49087580,Rua Sargento Brasiliano,,Santos Dumont,521,25
49087584,Travessa Sargento Brasiliano I,,Santos Dumont,521,25
49087587,Travessa Sargento Brasiliano II,,Santos Dumont,521,25
49087589,Travessa Anita Machado,,Santos Dumont,521,25
49087590,Travessa Senhor do Bonfim,,Santos Dumont,521,25
49087593,Rua Projetada,(João Simões),Santos Dumont,521,25
49087600,Rua Senhor do Bonfim,,Santos Dumont,521,25
49087603,Rua José Vieira Santos,,Santos Dumont,521,25
49087606,Rua Antônio Francisco Bastos,,Santos Dumont,521,25
49087610,Avenida Serafim Bonfim,,Santos Dumont,521,25
49087613,Travessa Serafim Bomfim,,Santos Dumont,521,25
49087616,Travessa Serafim Bomfim II,,Santos Dumont,521,25
49087618,Travessa Serafim Bomfim III,,Santos Dumont,521,25
49087620,Praça Valteno Menezes,,Santos Dumont,521,25
49087630,Rua Zênia Bonfim,,Santos Dumont,521,25
49087643,Travessa General Euclides Figueiredo,,Santos Dumont,521,25
49087645,Avenida General Euclides Figueiredo,- lado ímpar,Santos Dumont,521,25
49087648,Avenida General Euclides Figueiredo,- lado par,Santos Dumont,521,25
49087650,Rua Presbítero João Malaquias do Sacramento,,Santos Dumont,521,25
49087660,Rua Dezenove,(Cj Alm Tamandaré),Santos Dumont,521,25
49087663,Rua Vinte,(Cj Alm Tamandaré),Santos Dumont,521,25
49087666,Rua Vinte e Um,(Cj Alm Tamandaré),Santos Dumont,521,25
49087669,Rua Vinte e Dois,(Cj Alm Tamandaré),Santos Dumont,521,25
49087672,Rua Vinte e Três,(Cj Alm Tamandaré),Santos Dumont,521,25
49087675,Rua Vinte e Quatro,(Cj Alm Tamandaré),Santos Dumont,521,25
49087678,Travessa Vinte e Quatro,(Cj Alm Tamandaré),Santos Dumont,521,25
49087681,Rua Vinte e Cinco,(Cj Alm Tamandaré),Santos Dumont,521,25
49087684,Rua Vinte e Seis,(Cj Alm Tamandaré),Santos Dumont,521,25
49087687,Rua Vinte e Sete,(Cj Alm Tamandaré),Santos Dumont,521,25
49087696,Rua M,(Cj Alm Tamandaré),Santos Dumont,521,25
49087699,Rua Isabel,,Santos Dumont,521,25
49087723,Rua X,(Cj Alm Tamandaré),Santos Dumont,521,25
49087730,Rua José Isidio de Oliveira Filho,,Santos Dumont,521,25
49087733,Travessa Dois,(Lot Vitória Régia),Santos Dumont,521,25
49087740,Avenida Ayrton Senna,,Santos Dumont,521,25
49087780,Travessa General Prado,,Santos Dumont,521,25
49087810,Praça Ulisses Guimarães,,Santos Dumont,521,25
49087820,Travessa Operária,,Santos Dumont,521,25
49087830,Rua João Figueiroa Neto,,Santos Dumont,521,25
49087836,Rua Kelly Cristina Santana,,Santos Dumont,521,25
49087839,Travessa Kelly Cristina Santana,,Santos Dumont,521,25
49087840,Rua Major Solon Ribeiro,,Santos Dumont,521,25
49087970,Rua Major Aureliano 265 Loja B,,Santos Dumont,521,25
49088000,Avenida Lamarão,,Lamarão,521,25
49088010,Avenida Paulo Figueredo Barreto,,Lamarão,521,25
49088030,Rua Um,,Lamarão,521,25
49088040,Rua Dois,,Lamarão,521,25
49088043,Travessa Dois,,Lamarão,521,25
49088046,Travessa Dois A,,Lamarão,521,25
49088049,Travessa Dois B,,Lamarão,521,25
49088050,Rua Milena Souza de Jesus,,Lamarão,521,25
49088056,Travessa Quatro,,Lamarão,521,25
49088070,Rua Antônio Carlos Viana,,Lamarão,521,25
49088073,Travessa Seis,,Lamarão,521,25
49088076,Travessa Seis A,,Lamarão,521,25
49088080,Rua Sete,,Lamarão,521,25
49088083,Travessa Sete,,Lamarão,521,25
49088090,Rua Amando Fontes,,Lamarão,521,25
49088093,Travessa Patrícia Rehder Galvão,,Lamarão,521,25
49088096,Travessa Oito A,,Lamarão,521,25
49088100,Rua Nove,,Lamarão,521,25
49088103,Travessa Nove,,Lamarão,521,25
49088110,Rua Tarsila do Amaral,,Lamarão,521,25
49088113,Travessa Dez,,Lamarão,521,25
49088120,Rua Onze,,Lamarão,521,25
49088130,Rua Doze,,Lamarão,521,25
49088140,Rua Treze,,Lamarão,521,25
49088150,Rua Quatorze,,Lamarão,521,25
49088160,Rua Quinze,,Lamarão,521,25
49088170,Rua Manoel de Souza - Maim,,Lamarão,521,25
49088180,Rua Bela Vista,,Lamarão,521,25
49088190,Rua Nélson Francisco dos Santos Filho,,Lamarão,521,25
49088200,Rua Pôr do Sol,,Lamarão,521,25
49088210,Rua Nivaldo dos Reis da Silva,,Lamarão,521,25
49088220,Rua João Ubaldo Ribeiro,,Lamarão,521,25
49088225,Rua Vinte e Três,,Lamarão,521,25
49088229,Travessa Vinte e Três,,Lamarão,521,25
