69900846,Travessa da Serra,,Aviário,7735,1
69901349,Rua Primavera,- de 151/152 ao fim,Baixa da Colina,7735,1
69902762,Rua 2 de Abril,,Placas,7735,1
69902766,Rua 8 de Maio,,Placas,7735,1
69902888,Rua Brilhante,,Wanderley Dantas,7735,1
69905119,Travessa dos Vigilantes,,Habitasa,7735,1
69905498,Travessa Coronel Honório Alves,,Quinze,7735,1
69905712,Rua Santa Terezinha,,Invasão da Seis de Agosto,7735,1
69906418,Rua Baixa Verde,,Taquarí,7735,1
69906466,Rua Santo Antônio,,Taquarí,7735,1
69907713,Travessa das Amoras,,Santa Inês,7735,1
69908020,Rua 1º de Maio,,Belo Jardim II,7735,1
69908678,Travessa Jardim do Éden,,Loteamento Santa Helena,7735,1
69909748,Rua Olavo Bilac,,Vila Acre,7735,1
69909762,Rua Luiz Fernando Veríssimo,- de 601/602 ao fim,Vila Acre,7735,1
69911112,Travessa Estado da Guanabara,,Aeroporto Velho,7735,1
69911401,Rua Parati,,Novo Horizonte,7735,1
69911410,Rua Projetada 757,,Novo Horizonte,7735,1
69911782,Rua 25 de Fevereiro,,Boa União,7735,1
69911837,Travessa Vilage Maciel,,Ayrton Sena,7735,1
69911843,Travessa do Bronze,,Ayrton Sena,7735,1
69912020,Rua 15 de Julho,,Sobral,7735,1
69912500,Rua Tabosa,- de 4301/4302 a 4779/4780,Floresta Sul,7735,1
69915062,Rua Petrópolis,,Loteamento Ipanema,7735,1
69915074,Rua Campos,,Loteamento Ipanema,7735,1
69915234,Rua Francisco Gomes,,Nova Esperança,7735,1
69915300,Rua Xapurí,,LBA Vila Betel ll,7735,1
69915416,Rua Suécia,,Jardim Europa,7735,1
69915678,Alameda Piapara,- de 225/226 ao fim,Portal da Amazônia,7735,1
69915702,Travessa Araponga,,Portal da Amazônia,7735,1
69917722,Rua Primavera,,Conjunto Universitário,7735,1
69918122,Rua Belo Horizonte,,Doca Furtado,7735,1
69918160,Avenida Ceará,- de 4202 a 4454 - lado par,Estação Experimental,7735,1
69918466,Avenida Antônio da Rocha Viana,- de 1845 a 2329 - lado ímpar,Jardim Manoel Julião,7735,1
69918514,Rua Siqueira Campos,,Boa Esperança,7735,1
69918830,Travessa Bagé,,Conquista,7735,1
69919204,Travessa João Evangelista,,Conjunto Mariana,7735,1
69919246,Travessa Sabiá,,Paz,7735,1
69919374,Rua Projetada 889,,Loteamento Joafra,7735,1
69919384,Rua Nova Aliança,,Loteamento Joafra,7735,1
69919608,Rua das Assucenas,,Jardim Primavera,7735,1
69920328,Rua da Michele,,Loteamento Vila Maria,7735,1
69921270,Estrada Juarez Távora,- de 549/550 ao fim,Alto Alegre,7735,1
69921788,Rua São João,,Tancredo Neves,7735,1
69922001,Rua Bandeirantes II,,Jorge Lavocat,7735,1
69922013,Rua Cajueiro,,Jorge Lavocat,7735,1
69922032,Rua Botaguassú,,Jorge Lavocat,7735,1
69929970,Rua Kaxinawás,,Campinas,7135,1
69935000,,,,723,1
69901145,Rua Terra,,Morada do Sol,7735,1
69901179,Travessa Castanheira,,Adalberto Aragão,7735,1
69901272,Beco José Sampaio,,Casa Nova,7735,1
69901273,Beco Arquimedes,,Casa Nova,7735,1
69902673,Rua Canamaris,,Chico Mendes,7735,1
69902877,Rua Ametista,,Wanderley Dantas,7735,1
69903007,Rua Edmundo Pinto,,Xavier Maia,7735,1
69903194,Rua Edmundo Pinto,- de 170/171 ao fim,Parque dos Sabiás,7735,1
69905106,Rua Peru,- de 300/301 ao fim,Habitasa,7735,1
69906084,Rua Principal do Areal,,Areal,7735,1
69906085,Rua José Ferraz,,Areal,7735,1
69907855,Travessa Manancial,,Belo Jardim I,7735,1
69909042,Rua dos Moabitas,,Rosa Linda,7735,1
69909052,Rua Lua Azul,,Rosa Linda,7735,1
69909058,Rua Flor Do Campo,,Rosa Linda,7735,1
69909072,Rua Raimundo Herculano,(Loteamento Santa Maria) - lado par,Rosa Linda,7735,1
69911142,Estrada da Sobral,- de 1626 a 2374 - lado par,Glória,7735,1
69911724,Rua Romã,,Bahia Nova,7735,1
69911726,Rua Morango,,Bahia Nova,7735,1
69911728,Rua Pêra,,Bahia Nova,7735,1
69911730,Rua Avelã,,Bahia Nova,7735,1
69912064,Rua Ruanda,(Residencial Cabreúva),João Paulo,7735,1
69912066,Rua Finlandia,(Residencial Cabreúva),João Paulo,7735,1
69912068,Rua Jamaica,(Residencial Cabreúva),João Paulo,7735,1
69912070,Rua El Salvador,(Residencial Cabreúva),João Paulo,7735,1
69912072,Rua Croácia,(Residencial Cabreúva),João Paulo,7735,1
69912074,Rua Costa do Marfim,(Residencial Cabreúva),João Paulo,7735,1
69912076,Rua San Marino,(Residencial Cabreúva),João Paulo,7735,1
69912078,Rua Servia,(Residencial Cabreúva),João Paulo,7735,1
69912080,Rua Indonésia,(Residencial Cabreúva),João Paulo,7735,1
69912082,Rua Jordânia,(Residencial Cabreúva),João Paulo,7735,1
69912084,Rua Letônia,(Residencial Cabreúva),João Paulo,7735,1
69912088,Rua Noruega,(Residencial Cabreúva),João Paulo,7735,1
69912090,Rua São Bento,,João Paulo,7735,1
69912092,Rua 1,,João Paulo,7735,1
69912094,Rua 2,,João Paulo,7735,1
69912096,Rua 3,,João Paulo,7735,1
69912098,Rua 4,,João Paulo,7735,1
69912100,Rua 5,,João Paulo,7735,1
69912102,Rua 6,,João Paulo,7735,1
69912104,Rua 7,,João Paulo,7735,1
69912106,Rua 8,,João Paulo,7735,1
69912108,Rua 9,,João Paulo,7735,1
69914568,Rua Arara,,Ilson Ribeiro,7735,1
69914571,Rua Tatu,,Ilson Ribeiro,7735,1
69915575,Rua Barão de Diamantina,,Jardim de Alah,7735,1
69915576,Rua Conde de Bobadela,,Jardim de Alah,7735,1
69915577,Rua Marquês de Pombal,,Jardim de Alah,7735,1
69915578,Rua Duque de Bragança,,Jardim de Alah,7735,1
69915631,Rua Tribunal de Justiça,,Portal da Amazônia,7735,1
69915781,Rua Doutor Sérgio Bruno,,Portal da Amazônia,7735,1
69915880,Rua Copaiba,,Portal da Amazônia,7735,1
69918495,Rua Araponga,,Vilage Wilde Maciel,7735,1
69919346,Rua Samauma,,Loteamento Joafra,7735,1
69919652,Rua Tião Natureza,,Jardim Primavera,7735,1
69923899,Área Rural,,Área Rural de Rio Branco,7735,1
69906970,Via Verde 2434,,Praia do Amapá,7735,1
69900121,Travessa Wilker,,Preventório,7735,1
69900122,Rua Marajá,,Preventório,7735,1
69900695,Rua Doutor Marães Câmara,,Bosque,7735,1
69901705,Rua Tucupi,,Vitória,7735,1
69902145,Travessa Cupuaçu,(Residencial Panorama),Loteamento Jardim São Francisco,7735,1
69902151,Rua Guaraná,(Residencial Panorama),Loteamento Jardim São Francisco,7735,1
69902157,Rua Jarina,,Loteamento Jardim São Francisco,7735,1
69902295,Rua Xapuri,(Residencial Angico),Eldorado,7735,1
69902297,Rua Manoel Urbano,(Residencial Angico),Eldorado,7735,1
69902299,Rua Cruzeiro do Sul,(Residencial Angico),Eldorado,7735,1
69902301,Rua Rio Branco,(Residencial Angico),Eldorado,7735,1
69902303,Travessa Sena Madureira,(Residencial Angico),Eldorado,7735,1
69902305,Travessa Brasiléia,(Residencial Angico),Eldorado,7735,1
69902307,Rua Epitaciolândia,(Residencial Angico),Eldorado,7735,1
69902309,Travessa Tarauacá,(Residencial Angico),Eldorado,7735,1
69902311,Travessa Feijó,(Residencial Angico),Eldorado,7735,1
69902313,Travessa Plácido de Castro,(Residencial Angico),Eldorado,7735,1
69902315,Rua Mâncio Lima,(Residencial Angico),Eldorado,7735,1
69902317,Rua Acrelândia,(Residencial Angico),Eldorado,7735,1
69902319,Travessa Assis Brasil,(Residencial Angico),Eldorado,7735,1
69902321,Travessa Thaumaturgo,(Residencial Angico),Eldorado,7735,1
69902323,Rua Rodrigues Alves,(Residencial Angico),Eldorado,7735,1
69902375,Rua Jacarei,(Conjunto Mutambo),Eldorado,7735,1
69902377,Rua São Carlos,(Conjunto Mutambo),Eldorado,7735,1
69902379,Rua Aruanã,(Conjunto Mutambo),Eldorado,7735,1
69902381,Rua Japurá,(Conjunto Mutambo),Eldorado,7735,1
69902383,Rua Bambuí,(Conjunto Mutambo),Eldorado,7735,1
69902385,Rua Barcelos,(Conjunto Mutambo),Eldorado,7735,1
69902387,Rua Quixadá,(Conjunto Mutambo),Eldorado,7735,1
69902389,Rua Fluminense,(Conjunto Mutambo),Eldorado,7735,1
69902391,Rua Olaria,(Conjunto Mutambo),Eldorado,7735,1
69902393,Rua América,(Conjunto Mutambo),Eldorado,7735,1
69902395,Travessa Bangu,(Conjunto Mutambo),Eldorado,7735,1
69902397,Rua Madureira,(Conjunto Mutambo),Eldorado,7735,1
69902399,Travessa Volta Redonda,(Conjunto Mutambo),Eldorado,7735,1
69902401,Rua Maracanã,(Conjunto Mutambo),Eldorado,7735,1
69902403,Rua Vasco da Gama,(Conjunto Mutambo),Eldorado,7735,1
69902405,Rua Flamengo,(Conjunto Mutambo),Eldorado,7735,1
69902407,Travessa Santos,(Conjunto Mutambo),Eldorado,7735,1
69902409,Rua Botafogo,(Conjunto Mutambo),Eldorado,7735,1
69902495,Beco Maria de Ludes Sena,,Eldorado,7735,1
69902501,Beco da Chiquinha,,Eldorado,7735,1
69902502,Beco Mangueiras,,Eldorado,7735,1
69902538,Rua Araruna,(Residencial Açaí),Eldorado,7735,1
69902540,Rua Aracuã,(Residencial Açaí),Eldorado,7735,1
69902542,Rua Araguari,(Residencial Açaí),Eldorado,7735,1
69902544,Rua Araçari,(Residencial Açaí),Eldorado,7735,1
69902546,Rua José de Alencar,(Residencial Açaí),Eldorado,7735,1
69902670,Travessa Fiesca,,Chico Mendes,7735,1
69902719,Travessa Bela Flor,,Chico Mendes,7735,1
69902731,Rua Codorna,,Chico Mendes,7735,1
69902739,Rua da Lua,,Chico Mendes,7735,1
69902740,Travessa Estrela,,Chico Mendes,7735,1
69902823,Travessa Leão de Judá,,Wanderley Dantas,7735,1
69902897,Rua Pérola,,Wanderley Dantas,7735,1
69903103,Rua Tarumã,(Residencial Macauã),Parque dos Sabiás,7735,1
69903106,Rua Açaí,,Parque dos Sabiás,7735,1
69903217,Beco José de Alencar,,Conjunto Ouricurí,7735,1
69903350,Rua Bálsamo,(Apolônio Sales),Loteamento Santa Luzia,7735,1
69903365,Rua Biribá,(Apolônio Sales),Loteamento Santa Luzia,7735,1
69903375,Rua Vitória,(Apolônio Sales),Loteamento Santa Luzia,7735,1
69903378,Travessa Dona Tereza,(Apolônio Sales),Loteamento Santa Luzia,7735,1
69903384,Rua Alcerte Dias,(Apolônio Sales),Loteamento Santa Luzia,7735,1
69903386,Rua Roberval Moura,(Apolônio Sales),Loteamento Santa Luzia,7735,1
69903387,Rua Pastor Alemão,(Apolônio Sales),Loteamento Santa Luzia,7735,1
69903388,Rua Cristovão Amazonas,(Apolônio Sales),Loteamento Santa Luzia,7735,1
69903389,Travessa São Sebastião,(Apolônio Sales),Loteamento Santa Luzia,7735,1
69903392,Rua da Amizade,(Apolônio Sales),Loteamento Santa Luzia,7735,1
69903439,Rua Canário,(Apolônio Sales),Loteamento Santa Luzia,7735,1
69903441,Rua Coruja,(Apolônio Sales),Loteamento Santa Luzia,7735,1
69903443,Rua Cegonha,(Apolônio Sales),Loteamento Santa Luzia,7735,1
69903445,Rua Rouxinol,(Apolônio Sales),Loteamento Santa Luzia,7735,1
69903447,Rua Urutal,(Apolônio Sales),Loteamento Santa Luzia,7735,1
69903449,Rua Sanhaçu,(Apolônio Sales),Loteamento Santa Luzia,7735,1
69903451,Rua Surucuá,(Apolônio Sales),Loteamento Santa Luzia,7735,1
69903453,Rua Chororó,(Apolônio Sales),Loteamento Santa Luzia,7735,1
69903455,Rua Grumaré,(Apolônio Sales),Loteamento Santa Luzia,7735,1
69903457,Rua Saracura,(Apolônio Sales),Loteamento Santa Luzia,7735,1
69903459,Rua Curió,(Apolônio Sales),Loteamento Santa Luzia,7735,1
69903461,Rua Inambú,(Apolônio Sales),Loteamento Santa Luzia,7735,1
69903463,Rua Jacú,(Apolônio Sales),Loteamento Santa Luzia,7735,1
69903465,Rua Uraçú,(Apolônio Sales),Loteamento Santa Luzia,7735,1
69903467,Rua Jaçanã,(Apolônio Sales),Loteamento Santa Luzia,7735,1
69903471,Rua Mutum,(Apolônio Sales),Loteamento Santa Luzia,7735,1
69903473,Rua Graúna,(Apolônio Sales),Loteamento Santa Luzia,7735,1
69903475,Rua Gralha,(Apolônio Sales),Loteamento Santa Luzia,7735,1
69905209,Travessa da Olaria,,Cadeia Velha,7735,1
69905461,Travessa Praça,,Cidade Nova,7735,1
69905468,Rua Mangueiras,,Cidade Nova,7735,1
69905476,Travessa Francisco Rodrigues de Souza,,Cidade Nova,7735,1
69905853,Avenida Amadeu Barbosa,(Conjunto Canaã),Areal,7735,1
69905855,Rua Edem,(Conjunto Canaã),Areal,7735,1
69905857,Beco Juvenil,(Conjunto Canaã),Areal,7735,1
69905859,Avenida Dorval Camilo,(Conjunto Canaã),Areal,7735,1
69905861,Travessa Maria R. Siqueira,(Conjunto Canaã),Areal,7735,1
69905863,Rua Francisco Sales,(Conjunto Canaã),Areal,7735,1
69905865,Travessa União,(Conjunto Canaã),Areal,7735,1
69905867,Travessa da Pista,(Conjunto Canaã),Areal,7735,1
69905869,Travessa Boa Fé,(Conjunto Canaã),Areal,7735,1
69905871,Travessa Renato,(Conjunto Canaã),Areal,7735,1
69905873,Travessa Fortaleza,(Conjunto Canaã),Areal,7735,1
69905875,Travessa da Alegria,(Conjunto Canaã),Areal,7735,1
69905877,Travessa do Cajú,(Conjunto Canaã),Areal,7735,1
69905879,Beco Oliveira,(Conjunto Canaã),Areal,7735,1
69905881,Beco Moto Taxi,(Conjunto Canaã),Areal,7735,1
69905883,Rua da Amizade,(Conjunto Canaã),Areal,7735,1
69905885,Travessa Maria Elizete,(Conjunto Canaã),Areal,7735,1
69905887,Rua Valderez,(Conjunto Canaã),Areal,7735,1
69905889,Travessa Talismã,(Conjunto Canaã),Areal,7735,1
69905891,Travessa José Alvez Cadó,(Conjunto Canaã),Areal,7735,1
69905893,Travessa Amazônia,(Conjunto Canaã),Areal,7735,1
69905895,Rua Condack,(Conjunto Canaã),Areal,7735,1
69905897,Rua Vitória,(Conjunto Canaã),Areal,7735,1
69905899,Travessa Pôr do Sol,(Conjunto Canaã),Areal,7735,1
69906001,Travessa Campos,(Conjunto Canaã),Areal,7735,1
69906003,Rua Lima Verde,(Conjunto Canaã),Areal,7735,1
69906005,Travessa Nossa Senhora de Nazaré,(Conjunto Canaã),Areal,7735,1
69906007,Travessa Joás,(Conjunto Canaã),Areal,7735,1
69906009,Rua Silvia Rodrigues dos Anjos,(Conjunto Canaã),Areal,7735,1
69906011,Travessa do Futuro,(Conjunto Canaã),Areal,7735,1
69906013,Travessa São Raimundo,(Conjunto Canaã),Areal,7735,1
69906015,Travessa da Graviola,(Conjunto Canaã),Areal,7735,1
69906017,Rua José de Alencar,(Conjunto Canaã),Areal,7735,1
69906019,Rua Santo Antônio,(Conjunto Canaã),Areal,7735,1
69906021,Rua Jasmim,(Conjunto Canaã),Areal,7735,1
69906023,Rua Orquídeas,(Conjunto Canaã),Areal,7735,1
69906025,Rua Saudade,(Conjunto Canaã),Areal,7735,1
69906027,Rua Santa Isabel,(Conjunto Canaã),Areal,7735,1
69906029,Travessa Fortuna,(Conjunto Canaã),Areal,7735,1
69906031,Rua Liberdade,(Conjunto Canaã),Areal,7735,1
69906033,Travessa 7 de Setembro,(Conjunto Canaã),Areal,7735,1
69906035,Travessa Wilson Costa,(Conjunto Canaã),Areal,7735,1
69906037,Avenida Presidente Médice,(Conjunto Canaã),Areal,7735,1
69906039,Rua Flamengo,(Conjunto Canaã),Areal,7735,1
69906041,Beco Pérola,(Conjunto Canaã),Areal,7735,1
69906043,Rua Arnaldo Aleixo,(Conjunto Canaã),Areal,7735,1
69906045,Travessa da Paz,(Conjunto Canaã),Areal,7735,1
69906047,Rua do Sol,(Conjunto Canaã),Areal,7735,1
69906049,Travessa Primavera,(Conjunto Canaã),Areal,7735,1
69906051,Travessa Pascoal,(Conjunto Canaã),Areal,7735,1
69906053,Rua Mustafa Ezaco,(Conjunto Canaã),Areal,7735,1
69906055,Travessa Felicidade,(Conjunto Canaã),Areal,7735,1
69906057,Travessa Manoel Batista,(Conjunto Canaã),Areal,7735,1
69906059,Travessa Joaquim Marques,(Conjunto Canaã),Areal,7735,1
69906061,Rua Pantanal,(Conjunto Canaã),Areal,7735,1
69906063,Travessa 3 Irmãos,(Conjunto Canaã),Areal,7735,1
69906065,Travessa Aquarela,(Conjunto Canaã),Areal,7735,1
69906067,Travessa Francisco Viana,(Conjunto Canaã),Areal,7735,1
69906069,Travessa das Crianças,(Conjunto Canaã),Areal,7735,1
69906071,Rua Santa Luzia,(Conjunto Canaã),Areal,7735,1
69906073,Travessa Luzia,(Conjunto Canaã),Areal,7735,1
69906075,Rua das Flores,(Conjunto Canaã),Areal,7735,1
69906077,Travessa Ferro Velho,(Conjunto Canaã),Areal,7735,1
69906079,Rua Aloisio Maia,(Conjunto Canaã),Areal,7735,1
69906313,Rua Plácido de Castro,,Comara,7735,1
69906654,Rua Margarida,(Loteamento Girassol),Praia do Amapá,7735,1
69906658,Rua Bom Jesus,(Loteamento Girassol),Praia do Amapá,7735,1
69906661,Rua das Hortênsias,(Loteamento Girassol),Praia do Amapá,7735,1
69906664,Rua das Flores,(Loteamento Girassol),Praia do Amapá,7735,1
69906667,Rua das Rosas,(Loteamento Girassol),Praia do Amapá,7735,1
69906673,Rua Antônio dias Alva,,Praia do Amapá,7735,1
69906682,Rua João Tavares Monteiro,,Praia do Amapá,7735,1
69906900,Via Verde,,Praia do Amapá,7735,1
69907501,Rua Sidney,,Recanto dos Buritis,7735,1
69907502,Beco Severino Alves,,Recanto dos Buritis,7735,1
69907504,Beco Jardim do Éden,,Recanto dos Buritis,7735,1
69907505,Rua das Rosas,,Recanto dos Buritis,7735,1
69907508,Beco Buriti,,Recanto dos Buritis,7735,1
69907510,Beco Ouricuri,,Recanto dos Buritis,7735,1
69907511,Beco da Luz,,Recanto dos Buritis,7735,1
69907514,Travessa da Paz,,Recanto dos Buritis,7735,1
69907516,Travessa Lua Nova,,Recanto dos Buritis,7735,1
69907519,Rua Raimundo Fidelis,,Recanto dos Buritis,7735,1
69907531,Rua Shalom,,Recanto dos Buritis,7735,1
69907532,Travessa Jasmim,,Recanto dos Buritis,7735,1
69907555,Travessa Pétala Branca,,Recanto dos Buritis,7735,1
69907556,Travessa Doutor Ivan,,Recanto dos Buritis,7735,1
69907567,Rua Lázaro,,Recanto dos Buritis,7735,1
69907874,Beco da Acerola,,Belo Jardim II,7735,1
69907875,Travessa Açaí,,Belo Jardim II,7735,1
69907876,Rua Castanha,,Belo Jardim II,7735,1
69907877,Rua Buriti,,Belo Jardim II,7735,1
69907878,Travessa Tangerina,,Belo Jardim II,7735,1
69907879,Travessa Azeitona Roxa,,Belo Jardim II,7735,1
69907880,Rua Pupunha,,Belo Jardim II,7735,1
69907881,Travessa das Mangueiras,,Belo Jardim II,7735,1
69907882,Rua Gonzaga,,Belo Jardim II,7735,1
69907883,Travessa Zero Oito,,Belo Jardim II,7735,1
69907884,Travessa Canavial,,Belo Jardim II,7735,1
69907885,Travessa Luz Divina,,Belo Jardim II,7735,1
69907886,Travessa 4 Irmãos,,Belo Jardim II,7735,1
69907887,Travessa Azeitona Verde,,Belo Jardim II,7735,1
69907889,Rua Esperidião,,Belo Jardim II,7735,1
69907890,Travessa Campo Verde,,Belo Jardim II,7735,1
69907891,Travessa Raquel Fernandes,,Belo Jardim II,7735,1
69907892,Rua Flamengo,,Belo Jardim II,7735,1
69907893,Beco Bem-te-vi,,Belo Jardim II,7735,1
69907898,Beco Nova Vida,,Belo Jardim II,7735,1
69908017,Travessa Salapião,,Belo Jardim II,7735,1
69908019,Travessa Maria Fátima,,Belo Jardim II,7735,1
69908021,Travessa Rosa de Sarom,,Belo Jardim II,7735,1
69908023,Travessa Goiaba,,Belo Jardim II,7735,1
69908025,Rua Beija Flor,,Belo Jardim II,7735,1
69908029,Rua Chico Mendes,,Belo Jardim II,7735,1
69908031,Travessa Bugí,,Belo Jardim II,7735,1
69908035,Travessa São Cristovão,,Belo Jardim II,7735,1
69908039,Beco Vida,,Belo Jardim II,7735,1
69908041,Travessa Manoel Avelino,,Belo Jardim II,7735,1
69908043,Travessa Maria Ferreira,,Belo Jardim II,7735,1
69908047,Travessa Anjo Gabriel,,Belo Jardim II,7735,1
69908049,Travessa Barbosa,,Belo Jardim II,7735,1
69908051,Travessa Vasco da Gama,,Belo Jardim II,7735,1
69908053,Beco Benção,,Belo Jardim II,7735,1
69908055,Travessa Botafogo,,Belo Jardim II,7735,1
69908057,Beco Família,,Belo Jardim II,7735,1
69908059,Travessa Modelo,,Belo Jardim II,7735,1
69908063,Beco Terra,,Belo Jardim II,7735,1
69908065,Beco Glória,,Belo Jardim II,7735,1
69908067,Beco Lima,,Belo Jardim II,7735,1
69908077,Beco da Baixada,,Belo Jardim II,7735,1
69908087,Travessa Osvaldo Gentil,,Belo Jardim II,7735,1
69908088,Travessa Sebastião José da Silva,,Belo Jardim II,7735,1
69908089,Rua Projetada,,Belo Jardim II,7735,1
69908090,Beco Carambola,,Belo Jardim II,7735,1
69908091,Travessa Maria Gomes,,Belo Jardim II,7735,1
69908092,Travessa Jucelino Kubitschek,,Belo Jardim II,7735,1
69908093,Rua Socibene,,Belo Jardim II,7735,1
69908094,Travessa do Marceneiro,,Belo Jardim II,7735,1
69908100,Rodovia BR 364,"- do Km 8,000 ao Km 9,000",Vila Santa Cecília,7735,1
69908102,Rua Milton Maciel,,Vila Santa Cecília,7735,1
69908104,Rua Valdemir Vira Louco,,Vila Santa Cecília,7735,1
69908106,Rua Trajano,,Vila Santa Cecília,7735,1
69908108,Rua Durval Nunes,,Vila Santa Cecília,7735,1
69908110,Rua Maria Feitosa,,Vila Santa Cecília,7735,1
69908112,Rua Neuza Antônia,,Vila Santa Cecília,7735,1
69908114,Travessa Francisco Chagas,,Vila Santa Cecília,7735,1
69908116,Travessa da Casa de Farinha,,Vila Santa Cecília,7735,1
69908118,Rua Alberto Aragão,,Vila Santa Cecília,7735,1
69908120,Rua Maria Bertoldo,,Vila Santa Cecília,7735,1
69908122,Rua José Cordeiro,,Vila Santa Cecília,7735,1
69908124,Rua Enedina Coelho,,Vila Santa Cecília,7735,1
69908126,Beco Otacília,,Vila Santa Cecília,7735,1
69908128,Rua Cecilia Maria,,Vila Santa Cecília,7735,1
69908130,Rua José Raimundo,,Vila Santa Cecília,7735,1
69908132,Beco Rosa Linda,,Vila Santa Cecília,7735,1
69908134,Rua Rosa Rodrigues,,Vila Santa Cecília,7735,1
69908136,Beco do Bacurau,,Vila Santa Cecília,7735,1
69908138,Rua Francisco Caldas,,Vila Santa Cecília,7735,1
69908140,Travessa Raimundo Vieira,,Vila Santa Cecília,7735,1
69908142,Rua Avelino Serrão,,Vila Santa Cecília,7735,1
69908144,Travessa José Mota,,Vila Santa Cecília,7735,1
69908146,Beco João Serrão,,Vila Santa Cecília,7735,1
69908230,Rodovia BR 364,"- do Km 10,000 ao Km 11,000",Vila Albert Sampaio,7735,1
69908232,Rua América Mateus,,Vila Albert Sampaio,7735,1
69908234,Rua Alcidália Pereira,,Vila Albert Sampaio,7735,1
69908236,Beco da Lídia,,Vila Albert Sampaio,7735,1
69908238,Beco do Botim,,Vila Albert Sampaio,7735,1
69908240,Rua Valdemir,,Vila Albert Sampaio,7735,1
69908242,Beco da Zelda,,Vila Albert Sampaio,7735,1
69908244,Beco da Amélia,,Vila Albert Sampaio,7735,1
69908246,Beco Tereza Carabina,,Vila Albert Sampaio,7735,1
69908248,Rua Judite Góes,,Vila Albert Sampaio,7735,1
69908250,Beco João Grilo,,Vila Albert Sampaio,7735,1
69908252,Beco da Caixa D'água,,Vila Albert Sampaio,7735,1
69908254,Beco Pedro Lopes,,Vila Albert Sampaio,7735,1
69908256,Rua Francisca Luzia,,Vila Albert Sampaio,7735,1
69908258,Travessa da Associação,,Vila Albert Sampaio,7735,1
69908260,Travessa Jorge Almeida,,Vila Albert Sampaio,7735,1
69908262,Rua Raimundo Gustavo,,Vila Albert Sampaio,7735,1
69908264,Travessa do Pelado,,Vila Albert Sampaio,7735,1
69908266,Rua do Basílio,,Vila Albert Sampaio,7735,1
69908268,Beco Forquilha,,Vila Albert Sampaio,7735,1
69908270,Beco da Júlia,,Vila Albert Sampaio,7735,1
69908272,Rua da Aliança,,Vila Albert Sampaio,7735,1
69908274,Rua do Curtume,,Vila Albert Sampaio,7735,1
69908276,Beco do Damião,,Vila Albert Sampaio,7735,1
69908278,Beco da Esmeralda,,Vila Albert Sampaio,7735,1
69908280,Beco do Oscar,,Vila Albert Sampaio,7735,1
69908282,Rua Luciano Gilson,,Vila Albert Sampaio,7735,1
69908284,Rua Augusto Pato,,Vila Albert Sampaio,7735,1
69908370,Rodovia BR 364,"- do Km 13,000 ao Km 14,000",Vila Liberdade,7735,1
69908374,Beco da Mangueira,,Vila Liberdade,7735,1
69908376,Rua Sebastiana Querobina,,Vila Liberdade,7735,1
69908378,Beco da Acerola,,Vila Liberdade,7735,1
69908380,Beco Tucumã,,Vila Liberdade,7735,1
69908382,Rua do Abacate,,Vila Liberdade,7735,1
69908384,Beco do Coco,,Vila Liberdade,7735,1
69908386,Rua do Caju,,Vila Liberdade,7735,1
69908388,Rua da Laranja,,Vila Liberdade,7735,1
69908390,Beco Otavio Ribeiro,,Vila Liberdade,7735,1
69908392,Rua da Goiaba,,Vila Liberdade,7735,1
69908397,Rua Darci,,Vila Liberdade,7735,1
69908399,Rua da Nega,,Vila Liberdade,7735,1
69908401,Rua Ingá,,Vila Liberdade,7735,1
69908403,Beco Amarelão,,Vila Liberdade,7735,1
69908405,Rua Jambre,,Vila Liberdade,7735,1
69908407,Beco Amarelão 2,,Vila Liberdade,7735,1
69909025,Rua Primavera,,Rosa Linda,7735,1
69909059,Rua Liberdade,,Rosa Linda,7735,1
69909060,Rua Adelaide,,Rosa Linda,7735,1
69909061,Rua Céu Azul,,Rosa Linda,7735,1
69909062,Travessa do Sol,,Rosa Linda,7735,1
69909063,Rua Flor da Primavera,,Rosa Linda,7735,1
69909064,Rua Terra Adorada,,Rosa Linda,7735,1
69909065,Rua Serra do Moa,,Rosa Linda,7735,1
69909074,Rua das Flores,(Loteamento Holsback),Rosa Linda,7735,1
69909076,Travessa Beija-flor,(Loteamento Holsback),Rosa Linda,7735,1
69909078,Rua do Buriti,(Loteamento Holsback),Rosa Linda,7735,1
69909080,Rua da Alegria,(Loteamento Holsback),Rosa Linda,7735,1
69909082,Rua Pôr do Sol,(Loteamento Holsback),Rosa Linda,7735,1
69909084,Rua das Pétalas,(Loteamento Holsback),Rosa Linda,7735,1
69909086,Rua Evilásio Normando Sales,(Loteamento Holsback),Rosa Linda,7735,1
69909088,Rua Raimundo Feliciano,(Loteamento Holsback),Rosa Linda,7735,1
69909090,Rua do Viveiro,(Loteamento Holsback),Rosa Linda,7735,1
69909092,Rua do Lago,(Loteamento Holsback),Rosa Linda,7735,1
69909094,Rua do Bosque,(Loteamento Holsback),Rosa Linda,7735,1
69909096,Beco Afra Rosa de Lima,(Loteamento Holsback),Rosa Linda,7735,1
69909098,Rua Loide Cambíra,(Loteamento Holsback),Rosa Linda,7735,1
69909100,Rua Liberdade,(Loteamento Holsback),Rosa Linda,7735,1
69909102,Travessa Conceição Ximenes da Silva,(Loteamento Holsback),Rosa Linda,7735,1
69909104,Travessa da Tarefa,(Loteamento Holsback),Rosa Linda,7735,1
69909106,Travessa Gecilda Magalhães,(Loteamento Holsback),Rosa Linda,7735,1
69909108,Travessa Missão,(Loteamento Holsback),Rosa Linda,7735,1
69909111,Rua Raimundo Herculano,(Loteamento Santa Maria) - de 1 ao fim - lado ímpar,Rosa Linda,7735,1
69909112,Rua Santa Clara,(Loteamento Santa Maria),Rosa Linda,7735,1
69909114,Rua Azeitona,(Loteamento Santa Maria),Rosa Linda,7735,1
69909116,Rua Cacimbas,(Loteamento Santa Maria),Rosa Linda,7735,1
69909118,Rua Pôr do Sol,(Loteamento Santa Maria),Rosa Linda,7735,1
69909120,Rua Edmundo Pinto,(Loteamento Santa Maria),Rosa Linda,7735,1
69909122,Travessa São Francisco,(Loteamento Santa Maria),Rosa Linda,7735,1
69909124,Rua Cristo Rei,(Loteamento Santa Maria),Rosa Linda,7735,1
69909126,Rua Nova Jerusalém,(Loteamento Santa Maria),Rosa Linda,7735,1
69909128,Rua Valter Ribeiro,(Loteamento Santa Maria),Rosa Linda,7735,1
69909130,Rua Francisco Firmeza,(Loteamento Santa Maria),Rosa Linda,7735,1
69909132,Rua Professor Josué Fernandes,(Loteamento Santa Maria),Rosa Linda,7735,1
69909134,Rua Santa Maria,(Loteamento Santa Maria),Rosa Linda,7735,1
69909136,Rua Loide Cambíra,(Loteamento Santa Maria),Rosa Linda,7735,1
69909138,Rua da Amizade,(Loteamento Santa Maria),Rosa Linda,7735,1
69909141,Avenida Afif Arão,- até 1100/1101,Cidade do Povo,7735,1
69909143,Rua Jessé Santiago,- até 1098/1099,Cidade do Povo,7735,1
69909145,Rua Sansão Pereira,- até 1098/1099,Cidade do Povo,7735,1
69909146,Rua Lourival Marques,,Cidade do Povo,7735,1
69909148,Rua Vereadora Maria Antonia,- até 2225/2226,Cidade do Povo,7735,1
69909150,Rua Antônio Carlos Marques Melo,,Cidade do Povo,7735,1
69909152,Rua Odilin,,Cidade do Povo,7735,1
69909154,Rua Francisco Caetano da Silva,,Cidade do Povo,7735,1
69909156,Rua Terezinha Braz da Silva,,Cidade do Povo,7735,1
69909158,Rua Mauricelia Alves Barroso,,Cidade do Povo,7735,1
69909160,Rua Doutor Cirinez Carqueijeiro,,Cidade do Povo,7735,1
69909162,Rua Raimundo Cosmiro de Lima,,Cidade do Povo,7735,1
69909164,Rua Balão Barros,,Cidade do Povo,7735,1
69909166,Rua Francisco Barbosa Lima,,Cidade do Povo,7735,1
69909168,Rua Maria Lúcia Reggi,,Cidade do Povo,7735,1
69909170,Rua Virgilio Caetano,,Cidade do Povo,7735,1
69909172,Rua Adalto Albuquerque Santiago,,Cidade do Povo,7735,1
69909174,Rua Wilsom Rodrigues Barbosa,,Cidade do Povo,7735,1
69909176,Rua Antunes Fortes Soares,,Cidade do Povo,7735,1
69909178,Rua Maria Leoci Juca,,Cidade do Povo,7735,1
69909180,Rua Francisco das Chagas Melo,,Cidade do Povo,7735,1
69909182,Rua Jorge Mauês Marinho da Silva,,Cidade do Povo,7735,1
69909184,Rua Dom Próspero Bernardi,,Cidade do Povo,7735,1
69909186,Rua Peregrino Teixiera da Silva,,Cidade do Povo,7735,1
69909188,Rua Núbia Lafaite,,Cidade do Povo,7735,1
69909190,Rua Franco Silva,- até 2528/2529,Cidade do Povo,7735,1
69909192,Rua Geraldo Leite,- até 2598/2599,Cidade do Povo,7735,1
69909194,Rua Francivaldo Costa das Chagas,,Cidade do Povo,7735,1
69909196,Rua Dona Deusa Farias,,Cidade do Povo,7735,1
69909198,Rua Manoel Rocha,,Cidade do Povo,7735,1
69909200,Rua Edson Gonçalves de Souza,,Cidade do Povo,7735,1
69909202,Rua Da Costa,- até 2598/2599,Cidade do Povo,7735,1
69909204,Rua Baldo Barros,,Cidade do Povo,7735,1
69909206,Rua Lourival Pereira Morais,,Cidade do Povo,7735,1
69909208,Avenida Jorge Cardoso,- até 2598/2599,Cidade do Povo,7735,1
69909210,Avenida Jorge Cardoso,- de 2600/2601 a 3198/3199,Cidade do Povo,7735,1
69909212,Rua Mão de Onça,,Cidade do Povo,7735,1
69909214,Rua Da Costa,- de 2600/2601 a 3248/3249,Cidade do Povo,7735,1
69909216,Rua Auricélio Guedes,,Cidade do Povo,7735,1
69909218,Rua Coronel Leão,,Cidade do Povo,7735,1
69909220,Rua Jornalista Said Filho,,Cidade do Povo,7735,1
69909222,Rua Rita Costa,,Cidade do Povo,7735,1
69909224,Rua Gilbert Félix do Nascimento,,Cidade do Povo,7735,1
69909225,Rua Geraldo Leite,- de 2600/2601 a 3268/3269,Cidade do Povo,7735,1
69909226,Rua Francisco Cartaxo,,Cidade do Povo,7735,1
69909228,Rua Alan Felipe de Souza,,Cidade do Povo,7735,1
69909230,Rua Procuradora Salete Maia,,Cidade do Povo,7735,1
69909232,Rua Adriano Araújo Lima,,Cidade do Povo,7735,1
69909234,Rua Franco Silva,- de 2530/2531 a 3198/3199,Cidade do Povo,7735,1
69909236,Rua Diácono Raimundo Texeira,,Cidade do Povo,7735,1
69909238,Rua Agenor Leitão da Conçeição,,Cidade do Povo,7735,1
69909240,Rua Doutora Maria Tapajós,,Cidade do Povo,7735,1
69909242,Rua João Batista de Souza,,Cidade do Povo,7735,1
69909244,Rua Maria de Nazaré Gomes Brejense,,Cidade do Povo,7735,1
69909246,Rua Juci Rocha,,Cidade do Povo,7735,1
69909248,Rua José Aragão Silva,,Cidade do Povo,7735,1
69909250,Rua Seu Duca,,Cidade do Povo,7735,1
69909252,Rua André Ficarelli,,Cidade do Povo,7735,1
69909254,Rua Foch Jardim,,Cidade do Povo,7735,1
69909256,Rua Francisco Firmino da Silva,,Cidade do Povo,7735,1
69909258,Rua Luiz Vicente da Silva,,Cidade do Povo,7735,1
69909260,Rua Cabo Euriberto,,Cidade do Povo,7735,1
69909262,Rua Gilberto Félix Nascimento,,Cidade do Povo,7735,1
69909264,Rua Raimundo de Oliveira Teodoro,,Cidade do Povo,7735,1
69909266,Rua Deca Fonseca,,Cidade do Povo,7735,1
69909268,Rua Fausto Morais,,Cidade do Povo,7735,1
69909270,Rua Raimunda Djalma da Costa,,Cidade do Povo,7735,1
69909272,Rua Paraguassu,,Cidade do Povo,7735,1
69909274,Rua Emanuel,,Cidade do Povo,7735,1
69909276,Rua Vereadora Maria Antonia,- de 2227/2228 a 2879/2880,Cidade do Povo,7735,1
69909278,Rua Vereadora Maria Antonia,- de 2881/2882 ao fim,Cidade do Povo,7735,1
69909280,Rua Padre João Martins,,Cidade do Povo,7735,1
69909282,Rua Dom Julio Martioli,,Cidade do Povo,7735,1
69909284,Rua José Jardim,,Cidade do Povo,7735,1
69909286,Rua Francisco Lopes da Silva,,Cidade do Povo,7735,1
69909288,Rua Sebastião Rock Pontes,,Cidade do Povo,7735,1
69909290,Rua Ruy Bastos,,Cidade do Povo,7735,1
69909292,Rua Antonio Borges,,Cidade do Povo,7735,1
69909294,Rua Maria Elza Castelo,,Cidade do Povo,7735,1
69909296,Rua João Paulino de Lima,,Cidade do Povo,7735,1
69909298,Rua Sargento Maciel,,Cidade do Povo,7735,1
69909300,Rua Paulino Alves Ferreira,,Cidade do Povo,7735,1
69909302,Rua Afonso Gonçalves de Araujo,,Cidade do Povo,7735,1
69909304,Rua Alzira Maria Maia,,Cidade do Povo,7735,1
69909306,Rua Francisco Bezerra,,Cidade do Povo,7735,1
69909308,Rua Raimundo de Souza Barros,,Cidade do Povo,7735,1
69909310,Rua Sargento Cesar Araújo de Aguar,,Cidade do Povo,7735,1
69909312,Rua Antonio Idalino Filho,,Cidade do Povo,7735,1
69909314,Rua Franco Silva,- de 3200/3201 ao fim,Cidade do Povo,7735,1
69909316,Rua Justina do Nascimento Dias,,Cidade do Povo,7735,1
69909318,Rua Geraldo Leite,- de 3270/3271 ao fim,Cidade do Povo,7735,1
69909319,Rua José Francisco de Almeida,,Cidade do Povo,7735,1
69909320,Rua Bebé,,Cidade do Povo,7735,1
69909322,Rua Laucimar de Aguiar Mariano,,Cidade do Povo,7735,1
69909324,Rua José Martins da Silva,,Cidade do Povo,7735,1
69909328,Rua Da Costa,- de 3250/3251 ao fim,Cidade do Povo,7735,1
69909330,Rua Olgarina de Freitas Leitão,,Cidade do Povo,7735,1
69909332,Rua Delmira Fernandes de Oliveira,,Cidade do Povo,7735,1
69909334,Rua Francisco Augusto Bacuraru Vieira Nunes,,Cidade do Povo,7735,1
69909336,Avenida Jorge Cardoso,- de 3200/3201 a 3758/3759,Cidade do Povo,7735,1
69909338,Rua Jessé Santiago,- de 1100/1101 a 1859/1860,Cidade do Povo,7735,1
69909342,Rua Orleir Cameli,,Cidade do Povo,7735,1
69909344,Rua Sebastião Macedo,,Cidade do Povo,7735,1
69909346,Rua Marcos Vinicios,,Cidade do Povo,7735,1
69909348,Rua Lúcio Cezar de Oliveira,,Cidade do Povo,7735,1
69909350,Rua Jesse Lima,,Cidade do Povo,7735,1
69909352,Rua Joventino Ferreira Nere,,Cidade do Povo,7735,1
69909354,Rua Ivair Higino,,Cidade do Povo,7735,1
69909356,Rua Railson Nascimento,,Cidade do Povo,7735,1
69909358,Rua Irmã Bernardina,,Cidade do Povo,7735,1
69909360,Rua José Miranda,,Cidade do Povo,7735,1
69909362,Rua Paulino de Almeida Lima,,Cidade do Povo,7735,1
69909364,Rua João Pereira de Souza,,Cidade do Povo,7735,1
69909366,Rua Marieta Brasil de Souza,,Cidade do Povo,7735,1
69909368,Rua Raimundo Gomes de Oliveira,,Cidade do Povo,7735,1
69909370,Rua Engenheiro Nilton Luiz,,Cidade do Povo,7735,1
69909372,Rua Dilamar,,Cidade do Povo,7735,1
69909374,Rua Mãe Laura,,Cidade do Povo,7735,1
69909376,Rua João Asfuri,,Cidade do Povo,7735,1
69909378,Rua Raimundo Benicio de Melo,,Cidade do Povo,7735,1
69909380,Rua Rair Leitão,,Cidade do Povo,7735,1
69909382,Rua Irmã Madalena,,Cidade do Povo,7735,1
69909384,Rua Maria José,,Cidade do Povo,7735,1
69909386,Rua Luiz Silidiano de Souza,,Cidade do Povo,7735,1
69909388,Rua Rogério Vidal,,Cidade do Povo,7735,1
69909390,Rua Mestre Rodolfo,,Cidade do Povo,7735,1
69909392,Avenida Jorge Cardoso,- de 3760/3761 ao fim,Cidade do Povo,7735,1
69909394,Rua Florindo Poerch,,Cidade do Povo,7735,1
69909396,Rua Iracema Nair Fiorin Labs,,Cidade do Povo,7735,1
69909398,Rua Bruno Côro Velho,,Cidade do Povo,7735,1
69909400,Rua Frei Peregrino,,Cidade do Povo,7735,1
69909402,Rua Maria Regino Feitosa Barroso,,Cidade do Povo,7735,1
69909404,Rua Irio Maia Picon,,Cidade do Povo,7735,1
69909406,Rua Yocanaan de Campos Pereira,,Cidade do Povo,7735,1
69909408,Rua Raimundo Gomes de Souza Carneiro,,Cidade do Povo,7735,1
69909410,Rua Pastor José Rodrigues Muniz,,Cidade do Povo,7735,1
69909412,Rua Professor Walter Félix de Souza,,Cidade do Povo,7735,1
69909414,Rua Marco Aurélio,,Cidade do Povo,7735,1
69909416,Rua Laura Queiroz de Miranda,,Cidade do Povo,7735,1
69909418,Rua Cirenio Belém Chaar,,Cidade do Povo,7735,1
69909420,Rua Jose Aníbal Tinoco,,Cidade do Povo,7735,1
69909422,Rua Pablo dos Santos Rocha,,Cidade do Povo,7735,1
69909672,Rua Jardim Batista,,Vila da Amizade,7735,1
69909830,Rua Marujá,(Loteamento Sol Nascente),Vila Acre,7735,1
69909832,Rua José Juvenal,(Loteamento Sol Nascente),Vila Acre,7735,1
69909834,Rua José Henrique,(Loteamento Sol Nascente),Vila Acre,7735,1
69909836,Rua do Futuro,(Loteamento Sol Nascente),Vila Acre,7735,1
69909838,Rua Tambaú,(Loteamento Sol Nascente),Vila Acre,7735,1
69909840,Rua Júlia Aguiar,(Loteamento Sol Nascente),Vila Acre,7735,1
69909842,Rua Costa Bela,(Loteamento Sol Nascente),Vila Acre,7735,1
69909844,Rua Copacabana,(Loteamento Sol Nascente),Vila Acre,7735,1
69909846,Rua Ipanema,(Loteamento Sol Nascente),Vila Acre,7735,1
69909848,Rua Icaraí,(Loteamento Sol Nascente),Vila Acre,7735,1
69909850,Rua Enseada,(Loteamento Sol Nascente),Vila Acre,7735,1
69909852,Travessa Leblon,(Loteamento Sol Nascente),Vila Acre,7735,1
69911031,Rua da Delegacia,,Aeroporto Velho,7735,1
69911411,Rua Cisnei,(Residencial Palheiral),Novo Horizonte,7735,1
69911413,Rua Águia,(Residencial Palheiral),Novo Horizonte,7735,1
69911415,Rua Araponga,(Residencial Palheiral),Novo Horizonte,7735,1
69911417,Rua Cegonha,(Residencial Palheiral),Novo Horizonte,7735,1
69911418,Rua Bentivi,(Residencial Palheiral),Novo Horizonte,7735,1
69911419,Rua Jorge Amado,(Residencial Palheiral),Novo Horizonte,7735,1
69911569,Beco João Edmar,,Bahia Velha,7735,1
69911589,Travessa Lazaro Flor da Silva,,Bahia Velha,7735,1
69911591,Travessa José de Arimatéia Barroso,,Bahia Velha,7735,1
69911739,Rua Gameleira,,Bahia Nova,7735,1
69911781,Rodovia Transacreana,- até 714 - lado par,Boa União,7735,1
69912029,Rua Tom Roque,,Sobral,7735,1
69912069,Rua Panamá,(Residencial Cabreúva),João Paulo,7735,1
69912123,Rua Gloriosa,,Boa Vista,7735,1
69912125,Travessa Buriti,,Boa Vista,7735,1
69912292,Rua José Augusto,,Floresta Sul,7735,1
69912366,Travessa Projetada,,Floresta Sul,7735,1
69912369,Beco Ipixuna,,Floresta Sul,7735,1
69912372,Travessa Tabosa,,Floresta Sul,7735,1
69912378,Travessa José Soares,,Floresta Sul,7735,1
69912510,Rua Dom João VI,(Lot. Vale do Carandá),Floresta Sul,7735,1
69912513,Rua Pedro Alvares Cabral,(Lot. Vale do Carandá),Floresta Sul,7735,1
69912516,Rua José Bonifácio,(Lot. Vale do Carandá),Floresta Sul,7735,1
69912519,Rua Santa Maria,(Lot. Vale do Carandá),Floresta Sul,7735,1
69912522,Rua Vera Cruz,(Lot. Vale do Carandá),Floresta Sul,7735,1
69912525,Travessa Edineide Gomes,(Lot. Vale do Carandá),Floresta Sul,7735,1
69912528,Travessa João Souza Santos,(Lot. Vale do Carandá),Floresta Sul,7735,1
69912531,Rua Santa Cruz,(Lot. Vale do Carandá),Floresta Sul,7735,1
69912534,Rua Carlota Joaquina,(Lot. Vale do Carandá),Floresta Sul,7735,1
69912537,Rua Dom Pedro,(Lot. Vale do Carandá),Floresta Sul,7735,1
69912540,Rua Marquesa de Santos,(Lot. Vale do Carandá),Floresta Sul,7735,1
69912543,Travessa São Vicente,(Lot. Vale do Carandá),Floresta Sul,7735,1
69912546,Rua Pedro Vaz de Caminha,(Lot. Vale do Carandá),Floresta Sul,7735,1
69912548,Rua Jatobá,(Lot. Bonsucesso),Floresta Sul,7735,1
69912549,Rua Ponte Alta,(Lot. Bonsucesso),Floresta Sul,7735,1
69912550,Rua Nova Olinda,(Lot. Bonsucesso),Floresta Sul,7735,1
69912551,Rua Rua Porto Nacional,(Lot.Bonsucesso),Floresta Sul,7735,1
69912552,Rua Campos Lindos,(Lot.Bonsucesso),Floresta Sul,7735,1
69912553,Rua 26 de Junho,(Lot.Bonsucesso),Floresta Sul,7735,1
69912554,Rua Atena,(Lot. Bonsucesso),Floresta Sul,7735,1
69912555,Rua Minerva,(Lot.Bonsucesso),Floresta Sul,7735,1
69912556,Rua Agua Azul,(Lot.Bonsucesso),Floresta Sul,7735,1
69912557,Avenida Tabatinga,(Lot. Bonsucesso),Floresta Sul,7735,1
69912558,Rua Labrea,(Lot. Bonsucesso),Floresta Sul,7735,1
69912559,Rua Normandina,(Lot.Bonsucesso),Floresta Sul,7735,1
69912560,Rua Pandora,(Lot.Bonsucesso),Floresta Sul,7735,1
69912561,Rua Calama,(Lot.Bonsucesso),Floresta Sul,7735,1
69912562,Rua Castanhal,(Lot.Bonsucesso),Floresta Sul,7735,1
69912563,Rua Bonfim,(Lot.Bonsucesso),Floresta Sul,7735,1
69912564,Rua Flor de Lotus,(Lot. Bonsucesso),Floresta Sul,7735,1
69912565,Rua Itaituba,(Lot.Bonsucesso),Floresta Sul,7735,1
69912566,Rua Pedra Branca,(Lot.Bonsucesso),Floresta Sul,7735,1
69912567,Avenida Ascanio,(Lot.Bonsucesso),Floresta Sul,7735,1
69912568,Rua Luiza Louse,(Lot.Bonsucesso),Floresta Sul,7735,1
69912569,Rua Melissa,(Lot.Bonsucesso),Floresta Sul,7735,1
69912570,Rua Tailandia,(Lot.Bonsucesso),Floresta Sul,7735,1
69912571,Rua São Bento,(Lot.Bonsucesso),Floresta Sul,7735,1
69912572,Rua Amoreira,(Lot.Bonsucesso),Floresta Sul,7735,1
69912573,Travessa José Soares,(Lot. Bonsucesso),Floresta Sul,7735,1
69912574,Rua Riachinho,(Lot.Bonsucesso),Floresta Sul,7735,1
69912575,Rua Limeira,(Lot.Bonsucesso),Floresta Sul,7735,1
69912576,Rua Figueira,(Lot.Bonsucesso),Floresta Sul,7735,1
69912577,Rua Pereira,(Lot.Bonsucesso),Floresta Sul,7735,1
69912578,Rua Cerejeira,(Lot.Bonsucesso),Floresta Sul,7735,1
69912579,Rua Laranjeira,(Lot.Bonsucesso),Floresta Sul,7735,1
69912580,Rua Macieira,(Lot.Bonsucesso),Floresta Sul,7735,1
69912850,Rua do Limão,,Vila Verde,7735,1
69912852,Rua da Tangerina,,Vila Verde,7735,1
69912854,Rua da Laranja,,Vila Verde,7735,1
69912856,Rua Ingá,,Vila Verde,7735,1
69912858,Rua da Cana,,Vila Verde,7735,1
69912860,Rua Bambu,,Vila Verde,7735,1
69912862,Rua da Manga,,Vila Verde,7735,1
69912864,Rua da Graviola,,Vila Verde,7735,1
69912866,Rua da Maça,,Vila Verde,7735,1
69914261,Travessa Ipê,,Waldemar Maciel,7735,1
69914263,Travessa Rosas,,Waldemar Maciel,7735,1
69914265,Rua Luiz Felix,,Waldemar Maciel,7735,1
69914267,Travessa Gardenia,,Waldemar Maciel,7735,1
69914306,Rua João Lopes,,Waldemar Maciel,7735,1
69914380,Rua Flores,,Calafate,7735,1
69914381,Travessa Paraiso,,Calafate,7735,1
69914382,Rua Alminio Alves,,Calafate,7735,1
69914383,Rua Jardim,,Calafate,7735,1
69914384,Travessa Elis Maria Lira,,Calafate,7735,1
69914387,Rua José Brilhante,,Calafate,7735,1
69914388,Rua Projeto,,Calafate,7735,1
69914390,Travessa Maria de Lima Brilhante,,Calafate,7735,1
69914393,Travessa Raimunda Vaz,,Calafate,7735,1
69914396,Rua São Raimundo,,Calafate,7735,1
69914399,Travessa Nair da Silva Figueiredo,,Calafate,7735,1
69914419,Travessa Campinas,,Calafate,7735,1
69914427,Rua José Tadeu,(Conjunto São Miguel),Calafate,7735,1
69914429,Rua Judite Dias,(Conjunto São Miguel),Calafate,7735,1
69914431,Rua José Bezerra Pinheiro,(Conjunto São Miguel),Calafate,7735,1
69914433,Rua São Sebastião,(Conjunto São Miguel),Calafate,7735,1
69914435,Rua José Batista,(Conjunto São Miguel),Calafate,7735,1
69914437,Rua Paraíso,(Conjunto São Miguel),Calafate,7735,1
69914438,Rua Ilha Bela,,Calafate,7735,1
69914439,Rua Arraial do Cabo,(Conjunto Aroreira),Calafate,7735,1
69914490,Travessa Quatipuru,,Conjunto Laélia Alcântara,7735,1
69914494,Rua Flamenguinho,,Conjunto Laélia Alcântara,7735,1
69914496,Travessa Palmeiras,,Conjunto Laélia Alcântara,7735,1
69914502,Beco Fenix,,Conjunto Laélia Alcântara,7735,1
69914506,Travessa Chico Braga,,Conjunto Laélia Alcântara,7735,1
69914548,Travessa Praça,,Ilson Ribeiro,7735,1
69914549,Beco Hiena,,Ilson Ribeiro,7735,1
69914563,Travessa Micro Leão,,Ilson Ribeiro,7735,1
69915271,Estrada do Calafate,- até 915 - lado ímpar,LBA Vila Betel ll,7735,1
69915420,Travessa Atenas,,Jardim Europa,7735,1
69915427,Rua Paris,,Jardim Europa,7735,1
69915509,Travessa Édem,,Jardim de Alah,7735,1
69915895,Rua Curió,,Portal da Amazônia,7735,1
69915896,Rua América,,Portal da Amazônia,7735,1
69917539,Alameda Beija Flor,,Chácara Ipê,7735,1
69917743,Rua Maria Eliza Farias,,Conjunto Universitário,7735,1
69917765,Rua Maria de Lurdes,,Conjunto Universitário,7735,1
69917771,Rua Paulo Labs,,Conjunto Universitário,7735,1
69917773,Rua Beira Rio,,Conjunto Universitário,7735,1
69918305,Rua Almirante Jaceguais,,Isaura Parente,7735,1
69918732,Beco Samauma,,Horto Florestal,7735,1
69919058,Rua Alcindo Alves de Lima,,Loteamento dos Engenheiros,7735,1
69919084,Rua Alcindo Alves,,Parque das Palmeiras,7735,1
69919349,Travessa Juazeiro,,Loteamento Joafra,7735,1
69919369,Rua Mogno,,Loteamento Joafra,7735,1
69919413,Rua Pedestre I,,Loteamento Joafra,7735,1
69919629,Rua Maués Melo,,Jardim Primavera,7735,1
69919631,Travessa Valdir da Silva,,Jardim Primavera,7735,1
69919710,Avenida Bujari,,Conjunto Tucumã,7735,1
69919835,Rua Carlos Airton Magalhães,,Conjunto Rui Lino,7735,1
69919874,Rua Moty Pascoal,,Conjunto Rui Lino,7735,1
69919875,Rua Remanso,,Conjunto Rui Lino,7735,1
69919877,Rua Juruá,,Conjunto Rui Lino,7735,1
69919878,Rua Manaquiri,,Conjunto Rui Lino,7735,1
69919879,Rua Tarauacá,,Conjunto Rui Lino,7735,1
69919880,Rua Iguaçu,,Conjunto Rui Lino,7735,1
69919881,Rua Mulungu,,Conjunto Rui Lino,7735,1
69919882,Rua Chui,,Conjunto Rui Lino,7735,1
69919884,Rua Guamá,,Conjunto Rui Lino,7735,1
69919886,Rua Aranguari,,Conjunto Rui Lino,7735,1
69919888,Rua Solimões,,Conjunto Rui Lino,7735,1
69919889,Rua Côco,,Conjunto Rui Lino,7735,1
69919890,Rua Iça,,Conjunto Rui Lino,7735,1
69919891,Rua Escola,,Conjunto Rui Lino,7735,1
69919892,Rua Aripuanã,,Conjunto Rui Lino,7735,1
69919893,Rua Melância,,Conjunto Rui Lino,7735,1
69919894,Rua Urucu,,Conjunto Rui Lino,7735,1
69919895,Rua Maria,,Conjunto Rui Lino,7735,1
69919896,Rua Japurá,,Conjunto Rui Lino,7735,1
69919897,Rua Oiapóque,,Conjunto Rui Lino,7735,1
69919898,Rua Caquetá,,Conjunto Rui Lino,7735,1
69919899,Travessa Bugí,,Conjunto Rui Lino,7735,1
69920141,Rua Envira,,Conjunto Rui Lino,7735,1
69920142,Rua Iáco,,Conjunto Rui Lino,7735,1
69920143,Rua Murú,,Conjunto Rui Lino,7735,1
69920144,Rua Rio Acre,,Conjunto Rui Lino,7735,1
69920145,Rua Purus,,Conjunto Rui Lino,7735,1
69920146,Rua Trombetas,,Conjunto Rui Lino,7735,1
69920147,Rua Uatumã,,Conjunto Rui Lino,7735,1
69920148,Rua Javarí,,Conjunto Rui Lino,7735,1
69920149,Rua Iriri,,Conjunto Rui Lino,7735,1
69920150,Rua Cariri,,Conjunto Rui Lino,7735,1
69920151,Rua Tapajós,,Conjunto Rui Lino,7735,1
69920152,Rua Coari,,Conjunto Rui Lino,7735,1
69920153,Rua Mamoré,,Conjunto Rui Lino,7735,1
69920154,Rua Tefé,,Conjunto Rui Lino,7735,1
69920155,Rua Rio Madeira,,Conjunto Rui Lino,7735,1
69920167,Beco Campos Pereira,,Distrito Industrial,7735,1
69920168,Rua Milton Campos,,Distrito Industrial,7735,1
69920170,Rua Carlos Ailton,,Distrito Industrial,7735,1
69920171,Travessa Armando Nogueira,,Distrito Industrial,7735,1
69920173,Rua União,,Distrito Industrial,7735,1
69920174,Beco União,,Distrito Industrial,7735,1
69920176,Rua Adib Jatene,,Distrito Industrial,7735,1
69920224,Rua Josefa Feitosa da Silva,,Distrito Industrial,7735,1
69921025,Beco Nova Linda,,Raimundo Melo,7735,1
69921121,Rua Samaúma,,Loteamento Novo Horizonte,7735,1
69921140,Travessa do Amor,,Loteamento Novo Horizonte,7735,1
69921231,Rua Samuel Vidal,,Alto Alegre,7735,1
69921233,Rua Geraldo Souza,,Alto Alegre,7735,1
69921239,Rua Eucalipto,,Alto Alegre,7735,1
69921241,Rua São Cristóvão,,Alto Alegre,7735,1
69921303,Rua Monte Roraima,,Alto Alegre,7735,1
69921305,Rua Aquarela do Brasil,,Alto Alegre,7735,1
69921307,Rua Sonho Meu,,Alto Alegre,7735,1
69921309,Rua Coração de Estudante,,Alto Alegre,7735,1
69921311,Rua Agua Benta,,Alto Alegre,7735,1
69921313,Rua David Silveira Rodrigues,,Alto Alegre,7735,1
69921315,Rua Serra do Moa,,Alto Alegre,7735,1
69921317,Rua Misti,,Alto Alegre,7735,1
69921319,Rua Monte Sinai,,Alto Alegre,7735,1
69921321,Rua Huacaran,,Alto Alegre,7735,1
69921322,Travessa Everest,,Alto Alegre,7735,1
69921323,Rua Monte Castelo,,Alto Alegre,7735,1
69921325,Rua Romaria,,Alto Alegre,7735,1
69921327,Rua Bela Flor,,Alto Alegre,7735,1
69921329,Rua Tacorá,,Alto Alegre,7735,1
69921331,Rua das Flores,,Alto Alegre,7735,1
69921360,Estrada do Mutum,,Alto Alegre,7735,1
69921362,Rua Maçaranduba,,Alto Alegre,7735,1
69921364,Rua Jequitibá,,Alto Alegre,7735,1
69921366,Rua Guariuba,,Alto Alegre,7735,1
69921368,Rua Itauba,,Alto Alegre,7735,1
69921370,Rua Antonio Soares,,Alto Alegre,7735,1
69921381,Travessa 1 de Janeiro,,Montanhês,7735,1
69921399,Travessa Projetada,,Montanhês,7735,1
69921441,Rua Pedro Pereira,,Montanhês,7735,1
69922230,Rua José Nunes Vieira,,Irineu Serra,7735,1
69922410,Estrada Irineu Serra,,Vila Custódio Freire,7735,1
69922412,Rua do Polo,,Vila Custódio Freire,7735,1
69922415,Rodovia BR 364,"(Rio Branco-Cruzeiro do Sul) - do Km 10,780 ao Km 11,600",Vila Custódio Freire,7735,1
69922417,Rua Cruzeiro do Sul,,Vila Custódio Freire,7735,1
69922419,Travessa Primavera,,Vila Custódio Freire,7735,1
69922421,Rua Manoel Rodrigues,,Vila Custódio Freire,7735,1
69922423,Rua Adão Felipe,,Vila Custódio Freire,7735,1
69922425,Travessa do Braga,,Vila Custódio Freire,7735,1
69922427,Beco do Zé do X,,Vila Custódio Freire,7735,1
69922429,Travessa do Silêncio,,Vila Custódio Freire,7735,1
69922431,Travessa Plácido de Sá,,Vila Custódio Freire,7735,1
69922433,Travessa Pereira Pé Pé,,Vila Custódio Freire,7735,1
